state_code,month_start,sw_monsoon_onset_date,sw_monsoon_withdrawal_date,sw_monsoon_days_in_month_yearly,rainfall_pct_of_normal
AN,2012-01-01,2012-05-24,2012-10-25,0,61.5
AN,2012-02-01,2012-05-24,2012-10-25,0,98.5
AN,2012-03-01,2012-05-24,2012-10-25,0,105.6
AN,2012-04-01,2012-05-24,2012-10-25,0,71.3
AN,2012-05-01,2012-05-24,2012-10-25,8,133.0
AN,2012-06-01,2012-05-24,2012-10-25,30,136.5
AN,2012-07-01,2012-05-24,2012-10-25,31,87.3
AN,2012-08-01,2012-05-24,2012-10-25,31,95.7
AN,2012-09-01,2012-05-24,2012-10-25,30,167.7
AN,2012-10-01,2012-05-24,2012-10-25,25,129.6
AN,2012-11-01,2012-05-24,2012-10-25,0,37.5
AN,2012-12-01,2012-05-24,2012-10-25,0,104.0
AN,2013-01-01,2013-05-27,2013-10-15,0,111.5
AN,2013-02-01,2013-05-27,2013-10-15,0,97.1
AN,2013-03-01,2013-05-27,2013-10-15,0,133.3
AN,2013-04-01,2013-05-27,2013-10-15,0,71.1
AN,2013-05-01,2013-05-27,2013-10-15,5,86.6
AN,2013-06-01,2013-05-27,2013-10-15,30,103.0
AN,2013-07-01,2013-05-27,2013-10-15,31,62.3
AN,2013-08-01,2013-05-27,2013-10-15,31,65.0
AN,2013-09-01,2013-05-27,2013-10-15,30,98.5
AN,2013-10-01,2013-05-27,2013-10-15,15,97.4
AN,2013-11-01,2013-05-27,2013-10-15,0,140.4
AN,2013-12-01,2013-05-27,2013-10-15,0,121.1
AN,2014-01-01,2014-05-20,2014-10-01,0,69.6
AN,2014-02-01,2014-05-20,2014-10-01,0,121.5
AN,2014-03-01,2014-05-20,2014-10-01,0,81.1
AN,2014-04-01,2014-05-20,2014-10-01,0,62.4
AN,2014-05-01,2014-05-20,2014-10-01,12,116.2
AN,2014-06-01,2014-05-20,2014-10-01,30,144.2
AN,2014-07-01,2014-05-20,2014-10-01,31,156.6
AN,2014-08-01,2014-05-20,2014-10-01,31,120.4
AN,2014-09-01,2014-05-20,2014-10-01,30,111.5
AN,2014-10-01,2014-05-20,2014-10-01,1,107.2
AN,2014-11-01,2014-05-20,2014-10-01,0,127.9
AN,2014-12-01,2014-05-20,2014-10-01,0,134.0
AN,2015-01-01,2015-05-31,2015-10-13,0,96.8
AN,2015-02-01,2015-05-31,2015-10-13,0,64.3
AN,2015-03-01,2015-05-31,2015-10-13,0,130.7
AN,2015-04-01,2015-05-31,2015-10-13,0,66.2
AN,2015-05-01,2015-05-31,2015-10-13,1,119.9
AN,2015-06-01,2015-05-31,2015-10-13,30,107.5
AN,2015-07-01,2015-05-31,2015-10-13,31,94.7
AN,2015-08-01,2015-05-31,2015-10-13,31,99.8
AN,2015-09-01,2015-05-31,2015-10-13,30,101.9
AN,2015-10-01,2015-05-31,2015-10-13,13,141.4
AN,2015-11-01,2015-05-31,2015-10-13,0,86.3
AN,2015-12-01,2015-05-31,2015-10-13,0,128.1
AN,2016-01-01,2016-05-15,2016-10-15,0,106.2
AN,2016-02-01,2016-05-15,2016-10-15,0,170.5
AN,2016-03-01,2016-05-15,2016-10-15,0,150.4
AN,2016-04-01,2016-05-15,2016-10-15,0,88.3
AN,2016-05-01,2016-05-15,2016-10-15,17,52.9
AN,2016-06-01,2016-05-15,2016-10-15,30,52.1
AN,2016-07-01,2016-05-15,2016-10-15,31,64.7
AN,2016-08-01,2016-05-15,2016-10-15,31,51.3
AN,2016-09-01,2016-05-15,2016-10-15,30,74.8
AN,2016-10-01,2016-05-15,2016-10-15,15,41.7
AN,2016-11-01,2016-05-15,2016-10-15,0,68.5
AN,2016-12-01,2016-05-15,2016-10-15,0,42.1
AN,2017-01-01,2017-05-28,2017-10-15,0,135.8
AN,2017-02-01,2017-05-28,2017-10-15,0,139.9
AN,2017-03-01,2017-05-28,2017-10-15,0,154.6
AN,2017-04-01,2017-05-28,2017-10-15,0,109.1
AN,2017-05-01,2017-05-28,2017-10-15,4,79.1
AN,2017-06-01,2017-05-28,2017-10-15,30,90.3
AN,2017-07-01,2017-05-28,2017-10-15,31,115.0
AN,2017-08-01,2017-05-28,2017-10-15,31,97.0
AN,2017-09-01,2017-05-28,2017-10-15,30,94.8
AN,2017-10-01,2017-05-28,2017-10-15,15,86.9
AN,2017-11-01,2017-05-28,2017-10-15,0,134.5
AN,2017-12-01,2017-05-28,2017-10-15,0,143.4
AN,2018-01-01,2018-05-26,2018-10-07,0,97.5
AN,2018-02-01,2018-05-26,2018-10-07,0,94.6
AN,2018-03-01,2018-05-26,2018-10-07,0,107.9
AN,2018-04-01,2018-05-26,2018-10-07,0,95.2
AN,2018-05-01,2018-05-26,2018-10-07,6,78.0
AN,2018-06-01,2018-05-26,2018-10-07,30,86.6
AN,2018-07-01,2018-05-26,2018-10-07,31,102.2
AN,2018-08-01,2018-05-26,2018-10-07,31,71.4
AN,2018-09-01,2018-05-26,2018-10-07,30,68.1
AN,2018-10-01,2018-05-26,2018-10-07,7,68.5
AN,2018-11-01,2018-05-26,2018-10-07,0,72.4
AN,2018-12-01,2018-05-26,2018-10-07,0,62.5
AN,2019-01-01,2019-05-24,2019-10-15,0,159.6
AN,2019-02-01,2019-05-24,2019-10-15,0,109.6
AN,2019-03-01,2019-05-24,2019-10-15,0,55.0
AN,2019-04-01,2019-05-24,2019-10-15,0,106.2
AN,2019-05-01,2019-05-24,2019-10-15,8,82.7
AN,2019-06-01,2019-05-24,2019-10-15,30,137.7
AN,2019-07-01,2019-05-24,2019-10-15,31,97.2
AN,2019-08-01,2019-05-24,2019-10-15,31,89.5
AN,2019-09-01,2019-05-24,2019-10-15,30,94.7
AN,2019-10-01,2019-05-24,2019-10-15,15,123.4
AN,2019-11-01,2019-05-24,2019-10-15,0,58.0
AN,2019-12-01,2019-05-24,2019-10-15,0,125.7
AN,2020-01-01,2020-05-17,2020-10-25,0,106.0
AN,2020-02-01,2020-05-17,2020-10-25,0,99.5
AN,2020-03-01,2020-05-17,2020-10-25,0,53.7
AN,2020-04-01,2020-05-17,2020-10-25,0,144.1
AN,2020-05-01,2020-05-17,2020-10-25,15,114.1
AN,2020-06-01,2020-05-17,2020-10-25,30,117.6
AN,2020-07-01,2020-05-17,2020-10-25,31,90.1
AN,2020-08-01,2020-05-17,2020-10-25,31,97.3
AN,2020-09-01,2020-05-17,2020-10-25,30,75.1
AN,2020-10-01,2020-05-17,2020-10-25,25,118.0
AN,2020-11-01,2020-05-17,2020-10-25,0,52.0
AN,2020-12-01,2020-05-17,2020-10-25,0,109.9
AN,2021-01-01,2021-05-27,2021-10-01,0,93.6
AN,2021-02-01,2021-05-27,2021-10-01,0,95.2
AN,2021-03-01,2021-05-27,2021-10-01,0,97.6
AN,2021-04-01,2021-05-27,2021-10-01,0,118.9
AN,2021-05-01,2021-05-27,2021-10-01,5,82.8
AN,2021-06-01,2021-05-27,2021-10-01,30,96.6
AN,2021-07-01,2021-05-27,2021-10-01,31,59.0
AN,2021-08-01,2021-05-27,2021-10-01,31,78.8
AN,2021-09-01,2021-05-27,2021-10-01,30,64.2
AN,2021-10-01,2021-05-27,2021-10-01,1,81.9
AN,2021-11-01,2021-05-27,2021-10-01,0,91.6
AN,2021-12-01,2021-05-27,2021-10-01,0,160.2
AN,2022-01-01,2022-05-11,2022-10-27,0,126.5
AN,2022-02-01,2022-05-11,2022-10-27,0,80.0
AN,2022-03-01,2022-05-11,2022-10-27,0,131.7
AN,2022-04-01,2022-05-11,2022-10-27,0,68.1
AN,2022-05-01,2022-05-11,2022-10-27,21,99.3
AN,2022-06-01,2022-05-11,2022-10-27,30,133.2
AN,2022-07-01,2022-05-11,2022-10-27,31,123.4
AN,2022-08-01,2022-05-11,2022-10-27,31,136.3
AN,2022-09-01,2022-05-11,2022-10-27,30,103.6
AN,2022-10-01,2022-05-11,2022-10-27,27,106.3
AN,2022-11-01,2022-05-11,2022-10-27,0,52.7
AN,2022-12-01,2022-05-11,2022-10-27,0,132.1
AN,2023-01-01,2023-05-25,2023-10-29,0,147.7
AN,2023-02-01,2023-05-25,2023-10-29,0,83.6
AN,2023-03-01,2023-05-25,2023-10-29,0,123.0
AN,2023-04-01,2023-05-25,2023-10-29,0,69.8
AN,2023-05-01,2023-05-25,2023-10-29,7,128.2
AN,2023-06-01,2023-05-25,2023-10-29,30,120.0
AN,2023-07-01,2023-05-25,2023-10-29,31,135.7
AN,2023-08-01,2023-05-25,2023-10-29,31,82.0
AN,2023-09-01,2023-05-25,2023-10-29,30,111.9
AN,2023-10-01,2023-05-25,2023-10-29,29,147.8
AN,2023-11-01,2023-05-25,2023-10-29,0,47.7
AN,2023-12-01,2023-05-25,2023-10-29,0,132.9
AN,2024-01-01,2024-05-20,2024-10-16,0,173.0
AN,2024-02-01,2024-05-20,2024-10-16,0,110.1
AN,2024-03-01,2024-05-20,2024-10-16,0,47.2
AN,2024-04-01,2024-05-20,2024-10-16,0,92.6
AN,2024-05-01,2024-05-20,2024-10-16,12,125.9
AN,2024-06-01,2024-05-20,2024-10-16,30,87.1
AN,2024-07-01,2024-05-20,2024-10-16,31,113.8
AN,2024-08-01,2024-05-20,2024-10-16,31,128.0
AN,2024-09-01,2024-05-20,2024-10-16,30,83.5
AN,2024-10-01,2024-05-20,2024-10-16,16,94.2
AN,2024-11-01,2024-05-20,2024-10-16,0,76.7
AN,2024-12-01,2024-05-20,2024-10-16,0,74.2
AN,2025-01-01,2025-05-22,2025-09-28,0,157.1
AN,2025-02-01,2025-05-22,2025-09-28,0,64.1
AN,2025-03-01,2025-05-22,2025-09-28,0,104.0
AN,2025-04-01,2025-05-22,2025-09-28,0,99.5
AN,2025-05-01,2025-05-22,2025-09-28,10,112.0
AN,2025-06-01,2025-05-22,2025-09-28,30,100.3
AN,2025-07-01,2025-05-22,2025-09-28,31,151.5
AN,2025-08-01,2025-05-22,2025-09-28,31,108.1
AN,2025-09-01,2025-05-22,2025-09-28,28,108.7
AN,2025-10-01,2025-05-22,2025-09-28,0,118.3
AN,2025-11-01,2025-05-22,2025-09-28,0,109.2
AN,2025-12-01,2025-05-22,2025-09-28,0,61.1
AN,2026-01-01,2026-05-27,2026-10-06,0,90.2
AN,2026-02-01,2026-05-27,2026-10-06,0,90.1
AN,2026-03-01,2026-05-27,2026-10-06,0,123.8
AN,2026-04-01,2026-05-27,2026-10-06,0,124.0
AN,2026-05-01,2026-05-27,2026-10-06,5,64.5
AN,2026-06-01,2026-05-27,2026-10-06,30,99.7
AN,2026-07-01,2026-05-27,2026-10-06,31,73.4
AN,2026-08-01,2026-05-27,2026-10-06,31,90.8
AN,2026-09-01,2026-05-27,2026-10-06,30,97.9
AN,2026-10-01,2026-05-27,2026-10-06,6,90.1
AN,2026-11-01,2026-05-27,2026-10-06,0,114.7
AN,2026-12-01,2026-05-27,2026-10-06,0,90.1
AP,2012-01-01,2012-06-04,2012-10-30,0,103.2
AP,2012-02-01,2012-06-04,2012-10-30,0,112.4
AP,2012-03-01,2012-06-04,2012-10-30,0,68.1
AP,2012-04-01,2012-06-04,2012-10-30,0,63.9
AP,2012-05-01,2012-06-04,2012-10-30,0,94.3
AP,2012-06-01,2012-06-04,2012-10-30,27,101.5
AP,2012-07-01,2012-06-04,2012-10-30,31,96.7
AP,2012-08-01,2012-06-04,2012-10-30,31,95.3
AP,2012-09-01,2012-06-04,2012-10-30,30,83.0
AP,2012-10-01,2012-06-04,2012-10-30,30,73.8
AP,2012-11-01,2012-06-04,2012-10-30,0,83.8
AP,2012-12-01,2012-06-04,2012-10-30,0,114.4
AP,2013-01-01,2013-06-12,2013-10-21,0,1.7
AP,2013-02-01,2013-06-12,2013-10-21,0,82.6
AP,2013-03-01,2013-06-12,2013-10-21,0,108.6
AP,2013-04-01,2013-06-12,2013-10-21,0,163.3
AP,2013-05-01,2013-06-12,2013-10-21,0,74.8
AP,2013-06-01,2013-06-12,2013-10-21,19,57.6
AP,2013-07-01,2013-06-12,2013-10-21,31,43.6
AP,2013-08-01,2013-06-12,2013-10-21,31,61.9
AP,2013-09-01,2013-06-12,2013-10-21,30,65.7
AP,2013-10-01,2013-06-12,2013-10-21,21,60.7
AP,2013-11-01,2013-06-12,2013-10-21,0,109.9
AP,2013-12-01,2013-06-12,2013-10-21,0,91.1
AP,2014-01-01,2014-06-06,2014-10-12,0,61.3
AP,2014-02-01,2014-06-06,2014-10-12,0,171.4
AP,2014-03-01,2014-06-06,2014-10-12,0,135.9
AP,2014-04-01,2014-06-06,2014-10-12,0,123.0
AP,2014-05-01,2014-06-06,2014-10-12,0,25.8
AP,2014-06-01,2014-06-06,2014-10-12,25,123.2
AP,2014-07-01,2014-06-06,2014-10-12,31,118.6
AP,2014-08-01,2014-06-06,2014-10-12,31,110.6
AP,2014-09-01,2014-06-06,2014-10-12,30,165.2
AP,2014-10-01,2014-06-06,2014-10-12,12,79.8
AP,2014-11-01,2014-06-06,2014-10-12,0,56.7
AP,2014-12-01,2014-06-06,2014-10-12,0,59.1
AP,2015-01-01,2015-06-10,2015-10-09,0,84.0
AP,2015-02-01,2015-06-10,2015-10-09,0,97.5
AP,2015-03-01,2015-06-10,2015-10-09,0,150.6
AP,2015-04-01,2015-06-10,2015-10-09,0,110.2
AP,2015-05-01,2015-06-10,2015-10-09,0,130.9
AP,2015-06-01,2015-06-10,2015-10-09,21,110.6
AP,2015-07-01,2015-06-10,2015-10-09,31,79.3
AP,2015-08-01,2015-06-10,2015-10-09,31,77.1
AP,2015-09-01,2015-06-10,2015-10-09,30,111.6
AP,2015-10-01,2015-06-10,2015-10-09,9,70.3
AP,2015-11-01,2015-06-10,2015-10-09,0,115.5
AP,2015-12-01,2015-06-10,2015-10-09,0,150.5
AP,2016-01-01,2016-06-09,2016-10-11,0,96.4
AP,2016-02-01,2016-06-09,2016-10-11,0,121.0
AP,2016-03-01,2016-06-09,2016-10-11,0,153.0
AP,2016-04-01,2016-06-09,2016-10-11,0,37.4
AP,2016-05-01,2016-06-09,2016-10-11,0,95.9
AP,2016-06-01,2016-06-09,2016-10-11,22,82.8
AP,2016-07-01,2016-06-09,2016-10-11,31,160.1
AP,2016-08-01,2016-06-09,2016-10-11,31,76.2
AP,2016-09-01,2016-06-09,2016-10-11,30,118.7
AP,2016-10-01,2016-06-09,2016-10-11,11,53.1
AP,2016-11-01,2016-06-09,2016-10-11,0,101.8
AP,2016-12-01,2016-06-09,2016-10-11,0,145.7
AP,2017-01-01,2017-06-18,2017-10-05,0,82.9
AP,2017-02-01,2017-06-18,2017-10-05,0,105.2
AP,2017-03-01,2017-06-18,2017-10-05,0,136.9
AP,2017-04-01,2017-06-18,2017-10-05,0,126.2
AP,2017-05-01,2017-06-18,2017-10-05,0,142.5
AP,2017-06-01,2017-06-18,2017-10-05,13,63.7
AP,2017-07-01,2017-06-18,2017-10-05,31,92.8
AP,2017-08-01,2017-06-18,2017-10-05,31,56.4
AP,2017-09-01,2017-06-18,2017-10-05,30,69.6
AP,2017-10-01,2017-06-18,2017-10-05,5,72.4
AP,2017-11-01,2017-06-18,2017-10-05,0,89.9
AP,2017-12-01,2017-06-18,2017-10-05,0,107.2
AP,2018-01-01,2018-06-15,2018-10-30,0,169.5
AP,2018-02-01,2018-06-15,2018-10-30,0,113.0
AP,2018-03-01,2018-06-15,2018-10-30,0,139.8
AP,2018-04-01,2018-06-15,2018-10-30,0,106.9
AP,2018-05-01,2018-06-15,2018-10-30,0,91.3
AP,2018-06-01,2018-06-15,2018-10-30,16,85.9
AP,2018-07-01,2018-06-15,2018-10-30,31,104.6
AP,2018-08-01,2018-06-15,2018-10-30,31,102.6
AP,2018-09-01,2018-06-15,2018-10-30,30,112.4
AP,2018-10-01,2018-06-15,2018-10-30,30,97.4
AP,2018-11-01,2018-06-15,2018-10-30,0,70.5
AP,2018-12-01,2018-06-15,2018-10-30,0,47.2
AP,2019-01-01,2019-06-05,2019-10-15,0,89.3
AP,2019-02-01,2019-06-05,2019-10-15,0,101.6
AP,2019-03-01,2019-06-05,2019-10-15,0,67.3
AP,2019-04-01,2019-06-05,2019-10-15,0,39.5
AP,2019-05-01,2019-06-05,2019-10-15,0,67.9
AP,2019-06-01,2019-06-05,2019-10-15,26,117.9
AP,2019-07-01,2019-06-05,2019-10-15,31,190.8
AP,2019-08-01,2019-06-05,2019-10-15,31,163.3
AP,2019-09-01,2019-06-05,2019-10-15,30,149.4
AP,2019-10-01,2019-06-05,2019-10-15,15,111.6
AP,2019-11-01,2019-06-05,2019-10-15,0,141.9
AP,2019-12-01,2019-06-05,2019-10-15,0,18.3
AP,2020-01-01,2020-06-16,2020-10-17,0,50.0
AP,2020-02-01,2020-06-16,2020-10-17,0,146.4
AP,2020-03-01,2020-06-16,2020-10-17,0,129.8
AP,2020-04-01,2020-06-16,2020-10-17,0,57.6
AP,2020-05-01,2020-06-16,2020-10-17,0,86.1
AP,2020-06-01,2020-06-16,2020-10-17,15,90.9
AP,2020-07-01,2020-06-16,2020-10-17,31,159.2
AP,2020-08-01,2020-06-16,2020-10-17,31,129.9
AP,2020-09-01,2020-06-16,2020-10-17,30,86.9
AP,2020-10-01,2020-06-16,2020-10-17,17,149.9
AP,2020-11-01,2020-06-16,2020-10-17,0,123.9
AP,2020-12-01,2020-06-16,2020-10-17,0,122.7
AP,2021-01-01,2021-06-06,2021-10-06,0,106.0
AP,2021-02-01,2021-06-06,2021-10-06,0,97.0
AP,2021-03-01,2021-06-06,2021-10-06,0,74.8
AP,2021-04-01,2021-06-06,2021-10-06,0,85.7
AP,2021-05-01,2021-06-06,2021-10-06,0,117.5
AP,2021-06-01,2021-06-06,2021-10-06,25,66.2
AP,2021-07-01,2021-06-06,2021-10-06,31,128.3
AP,2021-08-01,2021-06-06,2021-10-06,31,144.1
AP,2021-09-01,2021-06-06,2021-10-06,30,77.4
AP,2021-10-01,2021-06-06,2021-10-06,6,104.7
AP,2021-11-01,2021-06-06,2021-10-06,0,85.9
AP,2021-12-01,2021-06-06,2021-10-06,0,128.8
AP,2022-01-01,2022-05-31,2022-10-24,0,87.8
AP,2022-02-01,2022-05-31,2022-10-24,0,85.5
AP,2022-03-01,2022-05-31,2022-10-24,0,174.0
AP,2022-04-01,2022-05-31,2022-10-24,0,161.5
AP,2022-05-01,2022-05-31,2022-10-24,1,123.3
AP,2022-06-01,2022-05-31,2022-10-24,30,120.2
AP,2022-07-01,2022-05-31,2022-10-24,31,94.4
AP,2022-08-01,2022-05-31,2022-10-24,31,109.3
AP,2022-09-01,2022-05-31,2022-10-24,30,71.6
AP,2022-10-01,2022-05-31,2022-10-24,24,113.5
AP,2022-11-01,2022-05-31,2022-10-24,0,121.1
AP,2022-12-01,2022-05-31,2022-10-24,0,139.7
AP,2023-01-01,2023-06-07,2023-10-10,0,50.3
AP,2023-02-01,2023-06-07,2023-10-10,0,36.7
AP,2023-03-01,2023-06-07,2023-10-10,0,95.7
AP,2023-04-01,2023-06-07,2023-10-10,0,89.8
AP,2023-05-01,2023-06-07,2023-10-10,0,74.9
AP,2023-06-01,2023-06-07,2023-10-10,24,146.0
AP,2023-07-01,2023-06-07,2023-10-10,31,103.8
AP,2023-08-01,2023-06-07,2023-10-10,31,96.3
AP,2023-09-01,2023-06-07,2023-10-10,30,110.4
AP,2023-10-01,2023-06-07,2023-10-10,10,88.3
AP,2023-11-01,2023-06-07,2023-10-10,0,126.5
AP,2023-12-01,2023-06-07,2023-10-10,0,122.6
AP,2024-01-01,2024-06-23,2024-10-04,0,119.3
AP,2024-02-01,2024-06-23,2024-10-04,0,139.4
AP,2024-03-01,2024-06-23,2024-10-04,0,115.3
AP,2024-04-01,2024-06-23,2024-10-04,0,85.9
AP,2024-05-01,2024-06-23,2024-10-04,0,68.5
AP,2024-06-01,2024-06-23,2024-10-04,8,91.9
AP,2024-07-01,2024-06-23,2024-10-04,31,156.5
AP,2024-08-01,2024-06-23,2024-10-04,31,97.7
AP,2024-09-01,2024-06-23,2024-10-04,30,87.4
AP,2024-10-01,2024-06-23,2024-10-04,4,98.5
AP,2024-11-01,2024-06-23,2024-10-04,0,113.9
AP,2024-12-01,2024-06-23,2024-10-04,0,70.5
AP,2025-01-01,2025-06-07,2025-10-06,0,120.6
AP,2025-02-01,2025-06-07,2025-10-06,0,102.8
AP,2025-03-01,2025-06-07,2025-10-06,0,133.7
AP,2025-04-01,2025-06-07,2025-10-06,0,93.8
AP,2025-05-01,2025-06-07,2025-10-06,0,118.8
AP,2025-06-01,2025-06-07,2025-10-06,24,60.2
AP,2025-07-01,2025-06-07,2025-10-06,31,88.5
AP,2025-08-01,2025-06-07,2025-10-06,31,92.5
AP,2025-09-01,2025-06-07,2025-10-06,30,84.6
AP,2025-10-01,2025-06-07,2025-10-06,6,124.3
AP,2025-11-01,2025-06-07,2025-10-06,0,136.7
AP,2025-12-01,2025-06-07,2025-10-06,0,125.4
AP,2026-01-01,2026-05-30,2026-10-19,0,93.4
AP,2026-02-01,2026-05-30,2026-10-19,0,94.2
AP,2026-03-01,2026-05-30,2026-10-19,0,104.9
AP,2026-04-01,2026-05-30,2026-10-19,0,126.2
AP,2026-05-01,2026-05-30,2026-10-19,2,42.5
AP,2026-06-01,2026-05-30,2026-10-19,30,81.5
AP,2026-07-01,2026-05-30,2026-10-19,31,62.7
AP,2026-08-01,2026-05-30,2026-10-19,31,81.4
AP,2026-09-01,2026-05-30,2026-10-19,30,95.4
AP,2026-10-01,2026-05-30,2026-10-19,19,63.5
AP,2026-11-01,2026-05-30,2026-10-19,0,105.7
AP,2026-12-01,2026-05-30,2026-10-19,0,109.1
AR,2012-01-01,2012-06-07,2012-10-31,0,95.1
AR,2012-02-01,2012-06-07,2012-10-31,0,108.0
AR,2012-03-01,2012-06-07,2012-10-31,0,90.0
AR,2012-04-01,2012-06-07,2012-10-31,0,114.8
AR,2012-05-01,2012-06-07,2012-10-31,0,98.0
AR,2012-06-01,2012-06-07,2012-10-31,24,85.7
AR,2012-07-01,2012-06-07,2012-10-31,31,82.4
AR,2012-08-01,2012-06-07,2012-10-31,31,75.1
AR,2012-09-01,2012-06-07,2012-10-31,30,79.7
AR,2012-10-01,2012-06-07,2012-10-31,31,82.7
AR,2012-11-01,2012-06-07,2012-10-31,0,145.9
AR,2012-12-01,2012-06-07,2012-10-31,0,39.2
AR,2013-01-01,2013-06-07,2013-10-06,0,135.8
AR,2013-02-01,2013-06-07,2013-10-06,0,127.8
AR,2013-03-01,2013-06-07,2013-10-06,0,55.9
AR,2013-04-01,2013-06-07,2013-10-06,0,84.2
AR,2013-05-01,2013-06-07,2013-10-06,0,118.8
AR,2013-06-01,2013-06-07,2013-10-06,24,122.0
AR,2013-07-01,2013-06-07,2013-10-06,31,132.5
AR,2013-08-01,2013-06-07,2013-10-06,31,85.1
AR,2013-09-01,2013-06-07,2013-10-06,30,121.6
AR,2013-10-01,2013-06-07,2013-10-06,6,143.4
AR,2013-11-01,2013-06-07,2013-10-06,0,110.3
AR,2013-12-01,2013-06-07,2013-10-06,0,89.7
AR,2014-01-01,2014-06-17,2014-09-30,0,48.4
AR,2014-02-01,2014-06-17,2014-09-30,0,149.7
AR,2014-03-01,2014-06-17,2014-09-30,0,63.8
AR,2014-04-01,2014-06-17,2014-09-30,0,90.4
AR,2014-05-01,2014-06-17,2014-09-30,0,167.4
AR,2014-06-01,2014-06-17,2014-09-30,14,108.6
AR,2014-07-01,2014-06-17,2014-09-30,31,72.8
AR,2014-08-01,2014-06-17,2014-09-30,31,93.1
AR,2014-09-01,2014-06-17,2014-09-30,30,82.6
AR,2014-10-01,2014-06-17,2014-09-30,0,97.7
AR,2014-11-01,2014-06-17,2014-09-30,0,85.7
AR,2014-12-01,2014-06-17,2014-09-30,0,77.2
AR,2015-01-01,2015-06-12,2015-10-20,0,145.1
AR,2015-02-01,2015-06-12,2015-10-20,0,168.6
AR,2015-03-01,2015-06-12,2015-10-20,0,100.5
AR,2015-04-01,2015-06-12,2015-10-20,0,135.9
AR,2015-05-01,2015-06-12,2015-10-20,0,112.3
AR,2015-06-01,2015-06-12,2015-10-20,19,96.2
AR,2015-07-01,2015-06-12,2015-10-20,31,78.3
AR,2015-08-01,2015-06-12,2015-10-20,31,101.4
AR,2015-09-01,2015-06-12,2015-10-20,30,66.9
AR,2015-10-01,2015-06-12,2015-10-20,20,67.7
AR,2015-11-01,2015-06-12,2015-10-20,0,173.6
AR,2015-12-01,2015-06-12,2015-10-20,0,124.1
AR,2016-01-01,2016-06-20,2016-09-24,0,16.3
AR,2016-02-01,2016-06-20,2016-09-24,0,128.9
AR,2016-03-01,2016-06-20,2016-09-24,0,112.3
AR,2016-04-01,2016-06-20,2016-09-24,0,78.0
AR,2016-05-01,2016-06-20,2016-09-24,0,55.5
AR,2016-06-01,2016-06-20,2016-09-24,11,72.3
AR,2016-07-01,2016-06-20,2016-09-24,31,80.5
AR,2016-08-01,2016-06-20,2016-09-24,31,71.8
AR,2016-09-01,2016-06-20,2016-09-24,24,127.9
AR,2016-10-01,2016-06-20,2016-09-24,0,80.4
AR,2016-11-01,2016-06-20,2016-09-24,0,126.0
AR,2016-12-01,2016-06-20,2016-09-24,0,54.1
AR,2017-01-01,2017-06-11,2017-10-15,0,109.8
AR,2017-02-01,2017-06-11,2017-10-15,0,146.2
AR,2017-03-01,2017-06-11,2017-10-15,0,126.2
AR,2017-04-01,2017-06-11,2017-10-15,0,96.5
AR,2017-05-01,2017-06-11,2017-10-15,0,177.4
AR,2017-06-01,2017-06-11,2017-10-15,20,91.8
AR,2017-07-01,2017-06-11,2017-10-15,31,98.9
AR,2017-08-01,2017-06-11,2017-10-15,31,93.3
AR,2017-09-01,2017-06-11,2017-10-15,30,95.2
AR,2017-10-01,2017-06-11,2017-10-15,15,101.1
AR,2017-11-01,2017-06-11,2017-10-15,0,136.0
AR,2017-12-01,2017-06-11,2017-10-15,0,161.6
AR,2018-01-01,2018-06-02,2018-10-07,0,92.6
AR,2018-02-01,2018-06-02,2018-10-07,0,138.2
AR,2018-03-01,2018-06-02,2018-10-07,0,85.2
AR,2018-04-01,2018-06-02,2018-10-07,0,102.5
AR,2018-05-01,2018-06-02,2018-10-07,0,113.3
AR,2018-06-01,2018-06-02,2018-10-07,29,96.7
AR,2018-07-01,2018-06-02,2018-10-07,31,102.6
AR,2018-08-01,2018-06-02,2018-10-07,31,124.8
AR,2018-09-01,2018-06-02,2018-10-07,30,109.3
AR,2018-10-01,2018-06-02,2018-10-07,7,97.5
AR,2018-11-01,2018-06-02,2018-10-07,0,73.4
AR,2018-12-01,2018-06-02,2018-10-07,0,58.6
AR,2019-01-01,2019-05-24,2019-10-12,0,134.9
AR,2019-02-01,2019-05-24,2019-10-12,0,107.7
AR,2019-03-01,2019-05-24,2019-10-12,0,141.1
AR,2019-04-01,2019-05-24,2019-10-12,0,60.4
AR,2019-05-01,2019-05-24,2019-10-12,8,96.7
AR,2019-06-01,2019-05-24,2019-10-12,30,123.8
AR,2019-07-01,2019-05-24,2019-10-12,31,107.1
AR,2019-08-01,2019-05-24,2019-10-12,31,85.6
AR,2019-09-01,2019-05-24,2019-10-12,30,87.9
AR,2019-10-01,2019-05-24,2019-10-12,12,130.9
AR,2019-11-01,2019-05-24,2019-10-12,0,97.8
AR,2019-12-01,2019-05-24,2019-10-12,0,71.6
AR,2020-01-01,2020-06-14,2020-10-15,0,97.1
AR,2020-02-01,2020-06-14,2020-10-15,0,77.7
AR,2020-03-01,2020-06-14,2020-10-15,0,89.0
AR,2020-04-01,2020-06-14,2020-10-15,0,106.3
AR,2020-05-01,2020-06-14,2020-10-15,0,114.7
AR,2020-06-01,2020-06-14,2020-10-15,17,105.3
AR,2020-07-01,2020-06-14,2020-10-15,31,102.8
AR,2020-08-01,2020-06-14,2020-10-15,31,76.3
AR,2020-09-01,2020-06-14,2020-10-15,30,85.7
AR,2020-10-01,2020-06-14,2020-10-15,15,110.7
AR,2020-11-01,2020-06-14,2020-10-15,0,54.2
AR,2020-12-01,2020-06-14,2020-10-15,0,65.0
AR,2021-01-01,2021-06-09,2021-10-18,0,41.7
AR,2021-02-01,2021-06-09,2021-10-18,0,59.4
AR,2021-03-01,2021-06-09,2021-10-18,0,51.2
AR,2021-04-01,2021-06-09,2021-10-18,0,129.6
AR,2021-05-01,2021-06-09,2021-10-18,0,93.3
AR,2021-06-01,2021-06-09,2021-10-18,22,124.3
AR,2021-07-01,2021-06-09,2021-10-18,31,103.0
AR,2021-08-01,2021-06-09,2021-10-18,31,166.2
AR,2021-09-01,2021-06-09,2021-10-18,30,100.6
AR,2021-10-01,2021-06-09,2021-10-18,18,131.1
AR,2021-11-01,2021-06-09,2021-10-18,0,83.8
AR,2021-12-01,2021-06-09,2021-10-18,0,106.0
AR,2022-01-01,2022-05-29,2022-10-16,0,72.6
AR,2022-02-01,2022-05-29,2022-10-16,0,58.2
AR,2022-03-01,2022-05-29,2022-10-16,0,112.5
AR,2022-04-01,2022-05-29,2022-10-16,0,71.3
AR,2022-05-01,2022-05-29,2022-10-16,3,79.2
AR,2022-06-01,2022-05-29,2022-10-16,30,75.9
AR,2022-07-01,2022-05-29,2022-10-16,31,96.0
AR,2022-08-01,2022-05-29,2022-10-16,31,80.9
AR,2022-09-01,2022-05-29,2022-10-16,30,76.8
AR,2022-10-01,2022-05-29,2022-10-16,16,114.3
AR,2022-11-01,2022-05-29,2022-10-16,0,6.3
AR,2022-12-01,2022-05-29,2022-10-16,0,151.4
AR,2023-01-01,2023-06-09,2023-10-03,0,106.1
AR,2023-02-01,2023-06-09,2023-10-03,0,116.3
AR,2023-03-01,2023-06-09,2023-10-03,0,87.4
AR,2023-04-01,2023-06-09,2023-10-03,0,159.1
AR,2023-05-01,2023-06-09,2023-10-03,0,129.8
AR,2023-06-01,2023-06-09,2023-10-03,22,72.7
AR,2023-07-01,2023-06-09,2023-10-03,31,68.9
AR,2023-08-01,2023-06-09,2023-10-03,31,80.4
AR,2023-09-01,2023-06-09,2023-10-03,30,62.7
AR,2023-10-01,2023-06-09,2023-10-03,3,52.9
AR,2023-11-01,2023-06-09,2023-10-03,0,67.5
AR,2023-12-01,2023-06-09,2023-10-03,0,112.1
AR,2024-01-01,2024-06-05,2024-10-10,0,32.9
AR,2024-02-01,2024-06-05,2024-10-10,0,97.5
AR,2024-03-01,2024-06-05,2024-10-10,0,147.7
AR,2024-04-01,2024-06-05,2024-10-10,0,53.7
AR,2024-05-01,2024-06-05,2024-10-10,0,105.4
AR,2024-06-01,2024-06-05,2024-10-10,26,102.7
AR,2024-07-01,2024-06-05,2024-10-10,31,72.5
AR,2024-08-01,2024-06-05,2024-10-10,31,84.9
AR,2024-09-01,2024-06-05,2024-10-10,30,66.9
AR,2024-10-01,2024-06-05,2024-10-10,10,69.2
AR,2024-11-01,2024-06-05,2024-10-10,0,115.2
AR,2024-12-01,2024-06-05,2024-10-10,0,148.3
AR,2025-01-01,2025-06-07,2025-10-24,0,23.6
AR,2025-02-01,2025-06-07,2025-10-24,0,77.5
AR,2025-03-01,2025-06-07,2025-10-24,0,118.8
AR,2025-04-01,2025-06-07,2025-10-24,0,105.4
AR,2025-05-01,2025-06-07,2025-10-24,0,100.1
AR,2025-06-01,2025-06-07,2025-10-24,24,99.5
AR,2025-07-01,2025-06-07,2025-10-24,31,158.7
AR,2025-08-01,2025-06-07,2025-10-24,31,133.8
AR,2025-09-01,2025-06-07,2025-10-24,30,112.3
AR,2025-10-01,2025-06-07,2025-10-24,24,105.5
AR,2025-11-01,2025-06-07,2025-10-24,0,21.2
AR,2025-12-01,2025-06-07,2025-10-24,0,55.5
AR,2026-01-01,2026-06-05,2026-10-21,0,93.3
AR,2026-02-01,2026-06-05,2026-10-21,0,98.1
AR,2026-03-01,2026-06-05,2026-10-21,0,96.0
AR,2026-04-01,2026-06-05,2026-10-21,0,117.6
AR,2026-05-01,2026-06-05,2026-10-21,0,130.3
AR,2026-06-01,2026-06-05,2026-10-21,26,112.3
AR,2026-07-01,2026-06-05,2026-10-21,31,127.0
AR,2026-08-01,2026-06-05,2026-10-21,31,116.7
AR,2026-09-01,2026-06-05,2026-10-21,30,111.2
AR,2026-10-01,2026-06-05,2026-10-21,21,90.4
AR,2026-11-01,2026-06-05,2026-10-21,0,96.3
AR,2026-12-01,2026-06-05,2026-10-21,0,84.3
AS,2012-01-01,2012-05-31,2012-10-26,0,102.1
AS,2012-02-01,2012-05-31,2012-10-26,0,147.7
AS,2012-03-01,2012-05-31,2012-10-26,0,79.9
AS,2012-04-01,2012-05-31,2012-10-26,0,107.7
AS,2012-05-01,2012-05-31,2012-10-26,1,89.8
AS,2012-06-01,2012-05-31,2012-10-26,30,86.7
AS,2012-07-01,2012-05-31,2012-10-26,31,81.9
AS,2012-08-01,2012-05-31,2012-10-26,31,105.1
AS,2012-09-01,2012-05-31,2012-10-26,30,71.3
AS,2012-10-01,2012-05-31,2012-10-26,26,87.8
AS,2012-11-01,2012-05-31,2012-10-26,0,60.6
AS,2012-12-01,2012-05-31,2012-10-26,0,150.0
AS,2013-01-01,2013-06-04,2013-11-02,0,149.6
AS,2013-02-01,2013-06-04,2013-11-02,0,91.9
AS,2013-03-01,2013-06-04,2013-11-02,0,58.1
AS,2013-04-01,2013-06-04,2013-11-02,0,44.8
AS,2013-05-01,2013-06-04,2013-11-02,0,68.7
AS,2013-06-01,2013-06-04,2013-11-02,27,111.1
AS,2013-07-01,2013-06-04,2013-11-02,31,91.3
AS,2013-08-01,2013-06-04,2013-11-02,31,139.8
AS,2013-09-01,2013-06-04,2013-11-02,30,108.1
AS,2013-10-01,2013-06-04,2013-11-02,31,98.7
AS,2013-11-01,2013-06-04,2013-11-02,2,129.2
AS,2013-12-01,2013-06-04,2013-11-02,0,154.0
AS,2014-01-01,2014-05-29,2014-10-17,0,64.8
AS,2014-02-01,2014-05-29,2014-10-17,0,131.4
AS,2014-03-01,2014-05-29,2014-10-17,0,157.1
AS,2014-04-01,2014-05-29,2014-10-17,0,125.0
AS,2014-05-01,2014-05-29,2014-10-17,3,117.2
AS,2014-06-01,2014-05-29,2014-10-17,30,140.2
AS,2014-07-01,2014-05-29,2014-10-17,31,159.0
AS,2014-08-01,2014-05-29,2014-10-17,31,94.1
AS,2014-09-01,2014-05-29,2014-10-17,30,108.2
AS,2014-10-01,2014-05-29,2014-10-17,17,96.5
AS,2014-11-01,2014-05-29,2014-10-17,0,163.1
AS,2014-12-01,2014-05-29,2014-10-17,0,121.2
AS,2015-01-01,2015-06-06,2015-10-15,0,60.9
AS,2015-02-01,2015-06-06,2015-10-15,0,79.0
AS,2015-03-01,2015-06-06,2015-10-15,0,60.4
AS,2015-04-01,2015-06-06,2015-10-15,0,125.9
AS,2015-05-01,2015-06-06,2015-10-15,0,84.7
AS,2015-06-01,2015-06-06,2015-10-15,25,125.7
AS,2015-07-01,2015-06-06,2015-10-15,31,121.5
AS,2015-08-01,2015-06-06,2015-10-15,31,100.5
AS,2015-09-01,2015-06-06,2015-10-15,30,128.8
AS,2015-10-01,2015-06-06,2015-10-15,15,91.0
AS,2015-11-01,2015-06-06,2015-10-15,0,126.5
AS,2015-12-01,2015-06-06,2015-10-15,0,79.5
AS,2016-01-01,2016-06-08,2016-10-10,0,133.5
AS,2016-02-01,2016-06-08,2016-10-10,0,99.3
AS,2016-03-01,2016-06-08,2016-10-10,0,117.2
AS,2016-04-01,2016-06-08,2016-10-10,0,148.5
AS,2016-05-01,2016-06-08,2016-10-10,0,110.8
AS,2016-06-01,2016-06-08,2016-10-10,23,131.8
AS,2016-07-01,2016-06-08,2016-10-10,31,97.1
AS,2016-08-01,2016-06-08,2016-10-10,31,70.4
AS,2016-09-01,2016-06-08,2016-10-10,30,186.6
AS,2016-10-01,2016-06-08,2016-10-10,10,104.4
AS,2016-11-01,2016-06-08,2016-10-10,0,92.9
AS,2016-12-01,2016-06-08,2016-10-10,0,144.0
AS,2017-01-01,2017-06-07,2017-10-23,0,64.1
AS,2017-02-01,2017-06-07,2017-10-23,0,100.7
AS,2017-03-01,2017-06-07,2017-10-23,0,93.1
AS,2017-04-01,2017-06-07,2017-10-23,0,49.5
AS,2017-05-01,2017-06-07,2017-10-23,0,63.4
AS,2017-06-01,2017-06-07,2017-10-23,24,79.1
AS,2017-07-01,2017-06-07,2017-10-23,31,112.3
AS,2017-08-01,2017-06-07,2017-10-23,31,55.1
AS,2017-09-01,2017-06-07,2017-10-23,30,94.1
AS,2017-10-01,2017-06-07,2017-10-23,23,106.4
AS,2017-11-01,2017-06-07,2017-10-23,0,111.2
AS,2017-12-01,2017-06-07,2017-10-23,0,116.0
AS,2018-01-01,2018-05-31,2018-10-09,0,67.5
AS,2018-02-01,2018-05-31,2018-10-09,0,90.9
AS,2018-03-01,2018-05-31,2018-10-09,0,73.8
AS,2018-04-01,2018-05-31,2018-10-09,0,127.6
AS,2018-05-01,2018-05-31,2018-10-09,1,116.2
AS,2018-06-01,2018-05-31,2018-10-09,30,67.5
AS,2018-07-01,2018-05-31,2018-10-09,31,98.6
AS,2018-08-01,2018-05-31,2018-10-09,31,102.2
AS,2018-09-01,2018-05-31,2018-10-09,30,73.4
AS,2018-10-01,2018-05-31,2018-10-09,9,83.8
AS,2018-11-01,2018-05-31,2018-10-09,0,121.4
AS,2018-12-01,2018-05-31,2018-10-09,0,171.0
AS,2019-01-01,2019-05-31,2019-10-19,0,116.7
AS,2019-02-01,2019-05-31,2019-10-19,0,142.4
AS,2019-03-01,2019-05-31,2019-10-19,0,116.4
AS,2019-04-01,2019-05-31,2019-10-19,0,163.5
AS,2019-05-01,2019-05-31,2019-10-19,1,94.6
AS,2019-06-01,2019-05-31,2019-10-19,30,117.6
AS,2019-07-01,2019-05-31,2019-10-19,31,122.9
AS,2019-08-01,2019-05-31,2019-10-19,31,111.6
AS,2019-09-01,2019-05-31,2019-10-19,30,85.4
AS,2019-10-01,2019-05-31,2019-10-19,19,124.2
AS,2019-11-01,2019-05-31,2019-10-19,0,108.1
AS,2019-12-01,2019-05-31,2019-10-19,0,85.5
AS,2020-01-01,2020-06-01,2020-10-14,0,102.0
AS,2020-02-01,2020-06-01,2020-10-14,0,51.5
AS,2020-03-01,2020-06-01,2020-10-14,0,126.9
AS,2020-04-01,2020-06-01,2020-10-14,0,152.7
AS,2020-05-01,2020-06-01,2020-10-14,0,87.5
AS,2020-06-01,2020-06-01,2020-10-14,30,114.3
AS,2020-07-01,2020-06-01,2020-10-14,31,80.5
AS,2020-08-01,2020-06-01,2020-10-14,31,89.3
AS,2020-09-01,2020-06-01,2020-10-14,30,105.6
AS,2020-10-01,2020-06-01,2020-10-14,14,87.6
AS,2020-11-01,2020-06-01,2020-10-14,0,76.8
AS,2020-12-01,2020-06-01,2020-10-14,0,122.3
AS,2021-01-01,2021-06-04,2021-09-20,0,100.8
AS,2021-02-01,2021-06-04,2021-09-20,0,53.3
AS,2021-03-01,2021-06-04,2021-09-20,0,131.3
AS,2021-04-01,2021-06-04,2021-09-20,0,111.9
AS,2021-05-01,2021-06-04,2021-09-20,0,59.7
AS,2021-06-01,2021-06-04,2021-09-20,27,78.4
AS,2021-07-01,2021-06-04,2021-09-20,31,77.9
AS,2021-08-01,2021-06-04,2021-09-20,31,98.4
AS,2021-09-01,2021-06-04,2021-09-20,20,101.4
AS,2021-10-01,2021-06-04,2021-09-20,0,81.7
AS,2021-11-01,2021-06-04,2021-09-20,0,132.7
AS,2021-12-01,2021-06-04,2021-09-20,0,103.0
AS,2022-01-01,2022-06-08,2022-10-27,0,93.9
AS,2022-02-01,2022-06-08,2022-10-27,0,97.3
AS,2022-03-01,2022-06-08,2022-10-27,0,175.2
AS,2022-04-01,2022-06-08,2022-10-27,0,96.3
AS,2022-05-01,2022-06-08,2022-10-27,0,34.1
AS,2022-06-01,2022-06-08,2022-10-27,23,123.7
AS,2022-07-01,2022-06-08,2022-10-27,31,96.2
AS,2022-08-01,2022-06-08,2022-10-27,31,108.2
AS,2022-09-01,2022-06-08,2022-10-27,30,119.0
AS,2022-10-01,2022-06-08,2022-10-27,27,106.8
AS,2022-11-01,2022-06-08,2022-10-27,0,183.8
AS,2022-12-01,2022-06-08,2022-10-27,0,66.3
AS,2023-01-01,2023-05-26,2023-10-07,0,117.5
AS,2023-02-01,2023-05-26,2023-10-07,0,55.2
AS,2023-03-01,2023-05-26,2023-10-07,0,130.5
AS,2023-04-01,2023-05-26,2023-10-07,0,60.9
AS,2023-05-01,2023-05-26,2023-10-07,6,70.8
AS,2023-06-01,2023-05-26,2023-10-07,30,59.7
AS,2023-07-01,2023-05-26,2023-10-07,31,79.5
AS,2023-08-01,2023-05-26,2023-10-07,31,96.5
AS,2023-09-01,2023-05-26,2023-10-07,30,80.6
AS,2023-10-01,2023-05-26,2023-10-07,7,55.4
AS,2023-11-01,2023-05-26,2023-10-07,0,81.2
AS,2023-12-01,2023-05-26,2023-10-07,0,76.6
AS,2024-01-01,2024-05-27,2024-10-09,0,164.0
AS,2024-02-01,2024-05-27,2024-10-09,0,100.7
AS,2024-03-01,2024-05-27,2024-10-09,0,75.5
AS,2024-04-01,2024-05-27,2024-10-09,0,152.5
AS,2024-05-01,2024-05-27,2024-10-09,5,84.8
AS,2024-06-01,2024-05-27,2024-10-09,30,81.9
AS,2024-07-01,2024-05-27,2024-10-09,31,82.2
AS,2024-08-01,2024-05-27,2024-10-09,31,87.0
AS,2024-09-01,2024-05-27,2024-10-09,30,109.7
AS,2024-10-01,2024-05-27,2024-10-09,9,101.7
AS,2024-11-01,2024-05-27,2024-10-09,0,156.2
AS,2024-12-01,2024-05-27,2024-10-09,0,194.3
AS,2025-01-01,2025-06-06,2025-10-15,0,90.8
AS,2025-02-01,2025-06-06,2025-10-15,0,162.8
AS,2025-03-01,2025-06-06,2025-10-15,0,87.9
AS,2025-04-01,2025-06-06,2025-10-15,0,107.0
AS,2025-05-01,2025-06-06,2025-10-15,0,120.0
AS,2025-06-01,2025-06-06,2025-10-15,25,66.8
AS,2025-07-01,2025-06-06,2025-10-15,31,99.1
AS,2025-08-01,2025-06-06,2025-10-15,31,81.5
AS,2025-09-01,2025-06-06,2025-10-15,30,97.3
AS,2025-10-01,2025-06-06,2025-10-15,15,79.0
AS,2025-11-01,2025-06-06,2025-10-15,0,48.5
AS,2025-12-01,2025-06-06,2025-10-15,0,51.4
AS,2026-01-01,2026-05-23,2026-10-09,0,112.8
AS,2026-02-01,2026-05-23,2026-10-09,0,133.5
AS,2026-03-01,2026-05-23,2026-10-09,0,80.8
AS,2026-04-01,2026-05-23,2026-10-09,0,80.2
AS,2026-05-01,2026-05-23,2026-10-09,9,159.7
AS,2026-06-01,2026-05-23,2026-10-09,30,76.8
AS,2026-07-01,2026-05-23,2026-10-09,31,102.3
AS,2026-08-01,2026-05-23,2026-10-09,31,149.4
AS,2026-09-01,2026-05-23,2026-10-09,30,79.0
AS,2026-10-01,2026-05-23,2026-10-09,9,110.9
AS,2026-11-01,2026-05-23,2026-10-09,0,93.6
AS,2026-12-01,2026-05-23,2026-10-09,0,76.1
BR,2012-01-01,2012-06-08,2012-10-24,0,130.1
BR,2012-02-01,2012-06-08,2012-10-24,0,147.3
BR,2012-03-01,2012-06-08,2012-10-24,0,117.7
BR,2012-04-01,2012-06-08,2012-10-24,0,102.8
BR,2012-05-01,2012-06-08,2012-10-24,0,17.2
BR,2012-06-01,2012-06-08,2012-10-24,23,103.8
BR,2012-07-01,2012-06-08,2012-10-24,31,104.9
BR,2012-08-01,2012-06-08,2012-10-24,31,121.6
BR,2012-09-01,2012-06-08,2012-10-24,30,117.0
BR,2012-10-01,2012-06-08,2012-10-24,24,103.1
BR,2012-11-01,2012-06-08,2012-10-24,0,88.4
BR,2012-12-01,2012-06-08,2012-10-24,0,112.8
BR,2013-01-01,2013-06-16,2013-10-28,0,95.8
BR,2013-02-01,2013-06-16,2013-10-28,0,107.6
BR,2013-03-01,2013-06-16,2013-10-28,0,84.8
BR,2013-04-01,2013-06-16,2013-10-28,0,107.6
BR,2013-05-01,2013-06-16,2013-10-28,0,21.8
BR,2013-06-01,2013-06-16,2013-10-28,15,124.6
BR,2013-07-01,2013-06-16,2013-10-28,31,118.0
BR,2013-08-01,2013-06-16,2013-10-28,31,72.7
BR,2013-09-01,2013-06-16,2013-10-28,30,107.7
BR,2013-10-01,2013-06-16,2013-10-28,28,103.1
BR,2013-11-01,2013-06-16,2013-10-28,0,116.7
BR,2013-12-01,2013-06-16,2013-10-28,0,121.4
BR,2014-01-01,2014-06-09,2014-10-15,0,129.5
BR,2014-02-01,2014-06-09,2014-10-15,0,99.8
BR,2014-03-01,2014-06-09,2014-10-15,0,125.3
BR,2014-04-01,2014-06-09,2014-10-15,0,86.6
BR,2014-05-01,2014-06-09,2014-10-15,0,77.5
BR,2014-06-01,2014-06-09,2014-10-15,22,89.2
BR,2014-07-01,2014-06-09,2014-10-15,31,145.7
BR,2014-08-01,2014-06-09,2014-10-15,31,103.6
BR,2014-09-01,2014-06-09,2014-10-15,30,157.2
BR,2014-10-01,2014-06-09,2014-10-15,15,109.0
BR,2014-11-01,2014-06-09,2014-10-15,0,129.4
BR,2014-12-01,2014-06-09,2014-10-15,0,110.0
BR,2015-01-01,2015-06-09,2015-10-10,0,91.5
BR,2015-02-01,2015-06-09,2015-10-10,0,148.2
BR,2015-03-01,2015-06-09,2015-10-10,0,83.7
BR,2015-04-01,2015-06-09,2015-10-10,0,100.0
BR,2015-05-01,2015-06-09,2015-10-10,0,108.3
BR,2015-06-01,2015-06-09,2015-10-10,22,117.6
BR,2015-07-01,2015-06-09,2015-10-10,31,87.4
BR,2015-08-01,2015-06-09,2015-10-10,31,86.8
BR,2015-09-01,2015-06-09,2015-10-10,30,98.0
BR,2015-10-01,2015-06-09,2015-10-10,10,97.9
BR,2015-11-01,2015-06-09,2015-10-10,0,90.7
BR,2015-12-01,2015-06-09,2015-10-10,0,99.0
BR,2016-01-01,2016-06-05,2016-10-08,0,101.7
BR,2016-02-01,2016-06-05,2016-10-08,0,72.8
BR,2016-03-01,2016-06-05,2016-10-08,0,128.7
BR,2016-04-01,2016-06-05,2016-10-08,0,116.9
BR,2016-05-01,2016-06-05,2016-10-08,0,46.0
BR,2016-06-01,2016-06-05,2016-10-08,26,147.2
BR,2016-07-01,2016-06-05,2016-10-08,31,79.7
BR,2016-08-01,2016-06-05,2016-10-08,31,60.6
BR,2016-09-01,2016-06-05,2016-10-08,30,102.1
BR,2016-10-01,2016-06-05,2016-10-08,8,119.9
BR,2016-11-01,2016-06-05,2016-10-08,0,75.9
BR,2016-12-01,2016-06-05,2016-10-08,0,100.6
BR,2017-01-01,2017-06-18,2017-11-07,0,137.7
BR,2017-02-01,2017-06-18,2017-11-07,0,88.3
BR,2017-03-01,2017-06-18,2017-11-07,0,111.9
BR,2017-04-01,2017-06-18,2017-11-07,0,109.8
BR,2017-05-01,2017-06-18,2017-11-07,0,100.7
BR,2017-06-01,2017-06-18,2017-11-07,13,95.6
BR,2017-07-01,2017-06-18,2017-11-07,31,84.9
BR,2017-08-01,2017-06-18,2017-11-07,31,56.5
BR,2017-09-01,2017-06-18,2017-11-07,30,68.2
BR,2017-10-01,2017-06-18,2017-11-07,31,113.6
BR,2017-11-01,2017-06-18,2017-11-07,7,58.6
BR,2017-12-01,2017-06-18,2017-11-07,0,72.3
BR,2018-01-01,2018-06-11,2018-09-23,0,121.5
BR,2018-02-01,2018-06-11,2018-09-23,0,52.0
BR,2018-03-01,2018-06-11,2018-09-23,0,81.1
BR,2018-04-01,2018-06-11,2018-09-23,0,129.2
BR,2018-05-01,2018-06-11,2018-09-23,0,64.5
BR,2018-06-01,2018-06-11,2018-09-23,20,111.2
BR,2018-07-01,2018-06-11,2018-09-23,31,111.8
BR,2018-08-01,2018-06-11,2018-09-23,31,79.2
BR,2018-09-01,2018-06-11,2018-09-23,23,116.6
BR,2018-10-01,2018-06-11,2018-09-23,0,11.2
BR,2018-11-01,2018-06-11,2018-09-23,0,157.6
BR,2018-12-01,2018-06-11,2018-09-23,0,98.5
BR,2019-01-01,2019-06-18,2019-10-07,0,105.4
BR,2019-02-01,2019-06-18,2019-10-07,0,145.0
BR,2019-03-01,2019-06-18,2019-10-07,0,111.3
BR,2019-04-01,2019-06-18,2019-10-07,0,125.5
BR,2019-05-01,2019-06-18,2019-10-07,0,117.5
BR,2019-06-01,2019-06-18,2019-10-07,13,151.6
BR,2019-07-01,2019-06-18,2019-10-07,31,109.9
BR,2019-08-01,2019-06-18,2019-10-07,31,94.3
BR,2019-09-01,2019-06-18,2019-10-07,30,72.9
BR,2019-10-01,2019-06-18,2019-10-07,7,102.6
BR,2019-11-01,2019-06-18,2019-10-07,0,68.5
BR,2019-12-01,2019-06-18,2019-10-07,0,87.3
BR,2020-01-01,2020-06-14,2020-11-08,0,118.6
BR,2020-02-01,2020-06-14,2020-11-08,0,43.8
BR,2020-03-01,2020-06-14,2020-11-08,0,82.2
BR,2020-04-01,2020-06-14,2020-11-08,0,105.7
BR,2020-05-01,2020-06-14,2020-11-08,0,86.6
BR,2020-06-01,2020-06-14,2020-11-08,17,109.9
BR,2020-07-01,2020-06-14,2020-11-08,31,90.7
BR,2020-08-01,2020-06-14,2020-11-08,31,116.7
BR,2020-09-01,2020-06-14,2020-11-08,30,90.7
BR,2020-10-01,2020-06-14,2020-11-08,31,140.5
BR,2020-11-01,2020-06-14,2020-11-08,8,80.7
BR,2020-12-01,2020-06-14,2020-11-08,0,119.0
BR,2021-01-01,2021-06-13,2021-10-13,0,91.7
BR,2021-02-01,2021-06-13,2021-10-13,0,46.7
BR,2021-03-01,2021-06-13,2021-10-13,0,91.1
BR,2021-04-01,2021-06-13,2021-10-13,0,120.9
BR,2021-05-01,2021-06-13,2021-10-13,0,42.6
BR,2021-06-01,2021-06-13,2021-10-13,18,94.6
BR,2021-07-01,2021-06-13,2021-10-13,31,103.6
BR,2021-08-01,2021-06-13,2021-10-13,31,78.7
BR,2021-09-01,2021-06-13,2021-10-13,30,111.1
BR,2021-10-01,2021-06-13,2021-10-13,13,128.9
BR,2021-11-01,2021-06-13,2021-10-13,0,127.5
BR,2021-12-01,2021-06-13,2021-10-13,0,90.8
BR,2022-01-01,2022-05-31,2022-10-22,0,87.0
BR,2022-02-01,2022-05-31,2022-10-22,0,110.7
BR,2022-03-01,2022-05-31,2022-10-22,0,104.6
BR,2022-04-01,2022-05-31,2022-10-22,0,158.9
BR,2022-05-01,2022-05-31,2022-10-22,1,90.7
BR,2022-06-01,2022-05-31,2022-10-22,30,177.1
BR,2022-07-01,2022-05-31,2022-10-22,31,76.7
BR,2022-08-01,2022-05-31,2022-10-22,31,122.8
BR,2022-09-01,2022-05-31,2022-10-22,30,123.4
BR,2022-10-01,2022-05-31,2022-10-22,22,131.6
BR,2022-11-01,2022-05-31,2022-10-22,0,77.7
BR,2022-12-01,2022-05-31,2022-10-22,0,80.1
BR,2023-01-01,2023-06-07,2023-10-15,0,107.1
BR,2023-02-01,2023-06-07,2023-10-15,0,113.7
BR,2023-03-01,2023-06-07,2023-10-15,0,63.7
BR,2023-04-01,2023-06-07,2023-10-15,0,111.2
BR,2023-05-01,2023-06-07,2023-10-15,0,157.6
BR,2023-06-01,2023-06-07,2023-10-15,24,89.7
BR,2023-07-01,2023-06-07,2023-10-15,31,125.7
BR,2023-08-01,2023-06-07,2023-10-15,31,109.8
BR,2023-09-01,2023-06-07,2023-10-15,30,190.4
BR,2023-10-01,2023-06-07,2023-10-15,15,117.8
BR,2023-11-01,2023-06-07,2023-10-15,0,104.4
BR,2023-12-01,2023-06-07,2023-10-15,0,46.4
BR,2024-01-01,2024-06-16,2024-09-27,0,67.1
BR,2024-02-01,2024-06-16,2024-09-27,0,91.2
BR,2024-03-01,2024-06-16,2024-09-27,0,129.6
BR,2024-04-01,2024-06-16,2024-09-27,0,99.1
BR,2024-05-01,2024-06-16,2024-09-27,0,93.5
BR,2024-06-01,2024-06-16,2024-09-27,15,144.2
BR,2024-07-01,2024-06-16,2024-09-27,31,122.2
BR,2024-08-01,2024-06-16,2024-09-27,31,126.7
BR,2024-09-01,2024-06-16,2024-09-27,27,135.8
BR,2024-10-01,2024-06-16,2024-09-27,0,129.2
BR,2024-11-01,2024-06-16,2024-09-27,0,134.9
BR,2024-12-01,2024-06-16,2024-09-27,0,95.6
BR,2025-01-01,2025-06-05,2025-09-30,0,57.3
BR,2025-02-01,2025-06-05,2025-09-30,0,133.4
BR,2025-03-01,2025-06-05,2025-09-30,0,56.5
BR,2025-04-01,2025-06-05,2025-09-30,0,57.6
BR,2025-05-01,2025-06-05,2025-09-30,0,137.5
BR,2025-06-01,2025-06-05,2025-09-30,26,100.2
BR,2025-07-01,2025-06-05,2025-09-30,31,114.6
BR,2025-08-01,2025-06-05,2025-09-30,31,120.0
BR,2025-09-01,2025-06-05,2025-09-30,30,104.9
BR,2025-10-01,2025-06-05,2025-09-30,0,177.0
BR,2025-11-01,2025-06-05,2025-09-30,0,114.7
BR,2025-12-01,2025-06-05,2025-09-30,0,84.3
BR,2026-01-01,2026-06-09,2026-10-08,0,99.7
BR,2026-02-01,2026-06-09,2026-10-08,0,94.2
BR,2026-03-01,2026-06-09,2026-10-08,0,73.5
BR,2026-04-01,2026-06-09,2026-10-08,0,120.9
BR,2026-05-01,2026-06-09,2026-10-08,0,79.6
BR,2026-06-01,2026-06-09,2026-10-08,22,122.2
BR,2026-07-01,2026-06-09,2026-10-08,31,115.8
BR,2026-08-01,2026-06-09,2026-10-08,31,109.8
BR,2026-09-01,2026-06-09,2026-10-08,30,97.3
BR,2026-10-01,2026-06-09,2026-10-08,8,113.6
BR,2026-11-01,2026-06-09,2026-10-08,0,102.5
BR,2026-12-01,2026-06-09,2026-10-08,0,108.0
CH,2012-01-01,2012-06-13,2012-09-23,0,60.0
CH,2012-02-01,2012-06-13,2012-09-23,0,72.2
CH,2012-03-01,2012-06-13,2012-09-23,0,69.8
CH,2012-04-01,2012-06-13,2012-09-23,0,60.3
CH,2012-05-01,2012-06-13,2012-09-23,0,87.4
CH,2012-06-01,2012-06-13,2012-09-23,18,108.4
CH,2012-07-01,2012-06-13,2012-09-23,31,58.8
CH,2012-08-01,2012-06-13,2012-09-23,31,84.9
CH,2012-09-01,2012-06-13,2012-09-23,23,156.0
CH,2012-10-01,2012-06-13,2012-09-23,0,47.9
CH,2012-11-01,2012-06-13,2012-09-23,0,163.2
CH,2012-12-01,2012-06-13,2012-09-23,0,84.9
CH,2013-01-01,2013-06-29,2013-09-27,0,171.9
CH,2013-02-01,2013-06-29,2013-09-27,0,111.5
CH,2013-03-01,2013-06-29,2013-09-27,0,106.0
CH,2013-04-01,2013-06-29,2013-09-27,0,135.8
CH,2013-05-01,2013-06-29,2013-09-27,0,71.9
CH,2013-06-01,2013-06-29,2013-09-27,2,134.3
CH,2013-07-01,2013-06-29,2013-09-27,31,109.2
CH,2013-08-01,2013-06-29,2013-09-27,31,105.5
CH,2013-09-01,2013-06-29,2013-09-27,27,93.1
CH,2013-10-01,2013-06-29,2013-09-27,0,101.0
CH,2013-11-01,2013-06-29,2013-09-27,0,109.5
CH,2013-12-01,2013-06-29,2013-09-27,0,93.2
CH,2014-01-01,2014-06-17,2014-10-01,0,64.9
CH,2014-02-01,2014-06-17,2014-10-01,0,135.6
CH,2014-03-01,2014-06-17,2014-10-01,0,113.5
CH,2014-04-01,2014-06-17,2014-10-01,0,124.0
CH,2014-05-01,2014-06-17,2014-10-01,0,147.3
CH,2014-06-01,2014-06-17,2014-10-01,14,82.8
CH,2014-07-01,2014-06-17,2014-10-01,31,85.6
CH,2014-08-01,2014-06-17,2014-10-01,31,100.8
CH,2014-09-01,2014-06-17,2014-10-01,30,86.3
CH,2014-10-01,2014-06-17,2014-10-01,1,69.1
CH,2014-11-01,2014-06-17,2014-10-01,0,134.6
CH,2014-12-01,2014-06-17,2014-10-01,0,37.7
CH,2015-01-01,2015-06-17,2015-09-22,0,54.9
CH,2015-02-01,2015-06-17,2015-09-22,0,70.1
CH,2015-03-01,2015-06-17,2015-09-22,0,100.2
CH,2015-04-01,2015-06-17,2015-09-22,0,109.2
CH,2015-05-01,2015-06-17,2015-09-22,0,73.2
CH,2015-06-01,2015-06-17,2015-09-22,14,76.9
CH,2015-07-01,2015-06-17,2015-09-22,31,110.1
CH,2015-08-01,2015-06-17,2015-09-22,31,91.9
CH,2015-09-01,2015-06-17,2015-09-22,22,72.4
CH,2015-10-01,2015-06-17,2015-09-22,0,141.7
CH,2015-11-01,2015-06-17,2015-09-22,0,88.7
CH,2015-12-01,2015-06-17,2015-09-22,0,36.4
CH,2016-01-01,2016-07-02,2016-09-24,0,123.2
CH,2016-02-01,2016-07-02,2016-09-24,0,76.6
CH,2016-03-01,2016-07-02,2016-09-24,0,101.1
CH,2016-04-01,2016-07-02,2016-09-24,0,40.3
CH,2016-05-01,2016-07-02,2016-09-24,0,80.3
CH,2016-06-01,2016-07-02,2016-09-24,0,110.3
CH,2016-07-01,2016-07-02,2016-09-24,30,98.0
CH,2016-08-01,2016-07-02,2016-09-24,31,93.3
CH,2016-09-01,2016-07-02,2016-09-24,24,107.6
CH,2016-10-01,2016-07-02,2016-09-24,0,94.2
CH,2016-11-01,2016-07-02,2016-09-24,0,92.4
CH,2016-12-01,2016-07-02,2016-09-24,0,136.2
CH,2017-01-01,2017-06-25,2017-09-18,0,84.9
CH,2017-02-01,2017-06-25,2017-09-18,0,138.5
CH,2017-03-01,2017-06-25,2017-09-18,0,115.2
CH,2017-04-01,2017-06-25,2017-09-18,0,179.3
CH,2017-05-01,2017-06-25,2017-09-18,0,91.3
CH,2017-06-01,2017-06-25,2017-09-18,6,127.2
CH,2017-07-01,2017-06-25,2017-09-18,31,124.8
CH,2017-08-01,2017-06-25,2017-09-18,31,148.7
CH,2017-09-01,2017-06-25,2017-09-18,18,186.7
CH,2017-10-01,2017-06-25,2017-09-18,0,139.0
CH,2017-11-01,2017-06-25,2017-09-18,0,102.9
CH,2017-12-01,2017-06-25,2017-09-18,0,77.1
CH,2018-01-01,2018-06-28,2018-09-28,0,90.3
CH,2018-02-01,2018-06-28,2018-09-28,0,24.8
CH,2018-03-01,2018-06-28,2018-09-28,0,72.5
CH,2018-04-01,2018-06-28,2018-09-28,0,120.6
CH,2018-05-01,2018-06-28,2018-09-28,0,30.6
CH,2018-06-01,2018-06-28,2018-09-28,3,86.9
CH,2018-07-01,2018-06-28,2018-09-28,31,119.4
CH,2018-08-01,2018-06-28,2018-09-28,31,116.5
CH,2018-09-01,2018-06-28,2018-09-28,28,97.5
CH,2018-10-01,2018-06-28,2018-09-28,0,88.2
CH,2018-11-01,2018-06-28,2018-09-28,0,40.6
CH,2018-12-01,2018-06-28,2018-09-28,0,104.4
CH,2019-01-01,2019-06-29,2019-09-14,0,44.6
CH,2019-02-01,2019-06-29,2019-09-14,0,84.8
CH,2019-03-01,2019-06-29,2019-09-14,0,60.7
CH,2019-04-01,2019-06-29,2019-09-14,0,47.8
CH,2019-05-01,2019-06-29,2019-09-14,0,148.0
CH,2019-06-01,2019-06-29,2019-09-14,2,167.1
CH,2019-07-01,2019-06-29,2019-09-14,31,136.4
CH,2019-08-01,2019-06-29,2019-09-14,31,109.2
CH,2019-09-01,2019-06-29,2019-09-14,14,97.4
CH,2019-10-01,2019-06-29,2019-09-14,0,82.7
CH,2019-11-01,2019-06-29,2019-09-14,0,143.4
CH,2019-12-01,2019-06-29,2019-09-14,0,0.0
CH,2020-01-01,2020-06-30,2020-09-20,0,136.0
CH,2020-02-01,2020-06-30,2020-09-20,0,126.2
CH,2020-03-01,2020-06-30,2020-09-20,0,141.5
CH,2020-04-01,2020-06-30,2020-09-20,0,107.5
CH,2020-05-01,2020-06-30,2020-09-20,0,123.9
CH,2020-06-01,2020-06-30,2020-09-20,1,84.6
CH,2020-07-01,2020-06-30,2020-09-20,31,105.2
CH,2020-08-01,2020-06-30,2020-09-20,31,111.7
CH,2020-09-01,2020-06-30,2020-09-20,20,153.8
CH,2020-10-01,2020-06-30,2020-09-20,0,145.9
CH,2020-11-01,2020-06-30,2020-09-20,0,136.5
CH,2020-12-01,2020-06-30,2020-09-20,0,105.8
CH,2021-01-01,2021-06-20,2021-09-19,0,102.0
CH,2021-02-01,2021-06-20,2021-09-19,0,127.0
CH,2021-03-01,2021-06-20,2021-09-19,0,106.7
CH,2021-04-01,2021-06-20,2021-09-19,0,145.5
CH,2021-05-01,2021-06-20,2021-09-19,0,86.2
CH,2021-06-01,2021-06-20,2021-09-19,11,91.1
CH,2021-07-01,2021-06-20,2021-09-19,31,82.1
CH,2021-08-01,2021-06-20,2021-09-19,31,61.2
CH,2021-09-01,2021-06-20,2021-09-19,19,71.7
CH,2021-10-01,2021-06-20,2021-09-19,0,111.7
CH,2021-11-01,2021-06-20,2021-09-19,0,119.5
CH,2021-12-01,2021-06-20,2021-09-19,0,93.6
CH,2022-01-01,2022-06-22,2022-09-13,0,119.9
CH,2022-02-01,2022-06-22,2022-09-13,0,100.4
CH,2022-03-01,2022-06-22,2022-09-13,0,91.0
CH,2022-04-01,2022-06-22,2022-09-13,0,88.5
CH,2022-05-01,2022-06-22,2022-09-13,0,72.9
CH,2022-06-01,2022-06-22,2022-09-13,9,115.6
CH,2022-07-01,2022-06-22,2022-09-13,31,109.8
CH,2022-08-01,2022-06-22,2022-09-13,31,89.8
CH,2022-09-01,2022-06-22,2022-09-13,13,84.7
CH,2022-10-01,2022-06-22,2022-09-13,0,62.6
CH,2022-11-01,2022-06-22,2022-09-13,0,162.5
CH,2022-12-01,2022-06-22,2022-09-13,0,68.6
CH,2023-01-01,2023-06-29,2023-09-27,0,103.4
CH,2023-02-01,2023-06-29,2023-09-27,0,61.5
CH,2023-03-01,2023-06-29,2023-09-27,0,99.3
CH,2023-04-01,2023-06-29,2023-09-27,0,29.4
CH,2023-05-01,2023-06-29,2023-09-27,0,135.6
CH,2023-06-01,2023-06-29,2023-09-27,2,70.6
CH,2023-07-01,2023-06-29,2023-09-27,31,59.6
CH,2023-08-01,2023-06-29,2023-09-27,31,55.0
CH,2023-09-01,2023-06-29,2023-09-27,27,48.6
CH,2023-10-01,2023-06-29,2023-09-27,0,132.6
CH,2023-11-01,2023-06-29,2023-09-27,0,94.6
CH,2023-12-01,2023-06-29,2023-09-27,0,79.2
CH,2024-01-01,2024-06-27,2024-09-03,0,75.9
CH,2024-02-01,2024-06-27,2024-09-03,0,147.5
CH,2024-03-01,2024-06-27,2024-09-03,0,71.5
CH,2024-04-01,2024-06-27,2024-09-03,0,182.8
CH,2024-05-01,2024-06-27,2024-09-03,0,129.6
CH,2024-06-01,2024-06-27,2024-09-03,4,84.6
CH,2024-07-01,2024-06-27,2024-09-03,31,81.9
CH,2024-08-01,2024-06-27,2024-09-03,31,73.5
CH,2024-09-01,2024-06-27,2024-09-03,3,79.0
CH,2024-10-01,2024-06-27,2024-09-03,0,97.8
CH,2024-11-01,2024-06-27,2024-09-03,0,91.4
CH,2024-12-01,2024-06-27,2024-09-03,0,142.2
CH,2025-01-01,2025-07-07,2025-09-19,0,52.5
CH,2025-02-01,2025-07-07,2025-09-19,0,100.2
CH,2025-03-01,2025-07-07,2025-09-19,0,66.8
CH,2025-04-01,2025-07-07,2025-09-19,0,81.6
CH,2025-05-01,2025-07-07,2025-09-19,0,130.3
CH,2025-06-01,2025-07-07,2025-09-19,0,106.6
CH,2025-07-01,2025-07-07,2025-09-19,25,89.0
CH,2025-08-01,2025-07-07,2025-09-19,31,84.1
CH,2025-09-01,2025-07-07,2025-09-19,19,80.9
CH,2025-10-01,2025-07-07,2025-09-19,0,171.0
CH,2025-11-01,2025-07-07,2025-09-19,0,102.1
CH,2025-12-01,2025-07-07,2025-09-19,0,113.0
CH,2026-01-01,2026-06-29,2026-10-08,0,88.4
CH,2026-02-01,2026-06-29,2026-10-08,0,130.6
CH,2026-03-01,2026-06-29,2026-10-08,0,34.7
CH,2026-04-01,2026-06-29,2026-10-08,0,120.7
CH,2026-05-01,2026-06-29,2026-10-08,0,74.8
CH,2026-06-01,2026-06-29,2026-10-08,2,102.2
CH,2026-07-01,2026-06-29,2026-10-08,31,135.6
CH,2026-08-01,2026-06-29,2026-10-08,31,88.7
CH,2026-09-01,2026-06-29,2026-10-08,30,150.0
CH,2026-10-01,2026-06-29,2026-10-08,8,135.3
CH,2026-11-01,2026-06-29,2026-10-08,0,149.5
CH,2026-12-01,2026-06-29,2026-10-08,0,88.8
CT,2012-01-01,2012-06-13,2012-10-16,0,91.4
CT,2012-02-01,2012-06-13,2012-10-16,0,97.6
CT,2012-03-01,2012-06-13,2012-10-16,0,48.7
CT,2012-04-01,2012-06-13,2012-10-16,0,118.6
CT,2012-05-01,2012-06-13,2012-10-16,0,93.4
CT,2012-06-01,2012-06-13,2012-10-16,18,114.2
CT,2012-07-01,2012-06-13,2012-10-16,31,108.3
CT,2012-08-01,2012-06-13,2012-10-16,31,101.6
CT,2012-09-01,2012-06-13,2012-10-16,30,99.4
CT,2012-10-01,2012-06-13,2012-10-16,16,103.9
CT,2012-11-01,2012-06-13,2012-10-16,0,106.3
CT,2012-12-01,2012-06-13,2012-10-16,0,46.1
CT,2013-01-01,2013-06-16,2013-10-15,0,131.3
CT,2013-02-01,2013-06-16,2013-10-15,0,127.1
CT,2013-03-01,2013-06-16,2013-10-15,0,117.5
CT,2013-04-01,2013-06-16,2013-10-15,0,53.9
CT,2013-05-01,2013-06-16,2013-10-15,0,60.4
CT,2013-06-01,2013-06-16,2013-10-15,15,119.0
CT,2013-07-01,2013-06-16,2013-10-15,31,84.7
CT,2013-08-01,2013-06-16,2013-10-15,31,110.4
CT,2013-09-01,2013-06-16,2013-10-15,30,143.4
CT,2013-10-01,2013-06-16,2013-10-15,15,107.9
CT,2013-11-01,2013-06-16,2013-10-15,0,92.2
CT,2013-12-01,2013-06-16,2013-10-15,0,100.6
CT,2014-01-01,2014-06-25,2014-10-14,0,132.9
CT,2014-02-01,2014-06-25,2014-10-14,0,107.1
CT,2014-03-01,2014-06-25,2014-10-14,0,142.4
CT,2014-04-01,2014-06-25,2014-10-14,0,80.9
CT,2014-05-01,2014-06-25,2014-10-14,0,51.2
CT,2014-06-01,2014-06-25,2014-10-14,6,87.5
CT,2014-07-01,2014-06-25,2014-10-14,31,101.5
CT,2014-08-01,2014-06-25,2014-10-14,31,60.8
CT,2014-09-01,2014-06-25,2014-10-14,30,78.9
CT,2014-10-01,2014-06-25,2014-10-14,14,75.0
CT,2014-11-01,2014-06-25,2014-10-14,0,68.4
CT,2014-12-01,2014-06-25,2014-10-14,0,99.1
CT,2015-01-01,2015-06-09,2015-10-06,0,145.9
CT,2015-02-01,2015-06-09,2015-10-06,0,83.8
CT,2015-03-01,2015-06-09,2015-10-06,0,110.0
CT,2015-04-01,2015-06-09,2015-10-06,0,125.6
CT,2015-05-01,2015-06-09,2015-10-06,0,111.0
CT,2015-06-01,2015-06-09,2015-10-06,22,141.2
CT,2015-07-01,2015-06-09,2015-10-06,31,168.4
CT,2015-08-01,2015-06-09,2015-10-06,31,86.2
CT,2015-09-01,2015-06-09,2015-10-06,30,89.3
CT,2015-10-01,2015-06-09,2015-10-06,6,67.1
CT,2015-11-01,2015-06-09,2015-10-06,0,96.4
CT,2015-12-01,2015-06-09,2015-10-06,0,85.0
CT,2016-01-01,2016-06-11,2016-10-03,0,46.0
CT,2016-02-01,2016-06-11,2016-10-03,0,59.6
CT,2016-03-01,2016-06-11,2016-10-03,0,79.9
CT,2016-04-01,2016-06-11,2016-10-03,0,140.4
CT,2016-05-01,2016-06-11,2016-10-03,0,88.9
CT,2016-06-01,2016-06-11,2016-10-03,20,84.1
CT,2016-07-01,2016-06-11,2016-10-03,31,148.0
CT,2016-08-01,2016-06-11,2016-10-03,31,101.4
CT,2016-09-01,2016-06-11,2016-10-03,30,100.0
CT,2016-10-01,2016-06-11,2016-10-03,3,149.6
CT,2016-11-01,2016-06-11,2016-10-03,0,63.2
CT,2016-12-01,2016-06-11,2016-10-03,0,201.6
CT,2017-01-01,2017-06-06,2017-10-18,0,142.2
CT,2017-02-01,2017-06-06,2017-10-18,0,143.4
CT,2017-03-01,2017-06-06,2017-10-18,0,97.9
CT,2017-04-01,2017-06-06,2017-10-18,0,105.5
CT,2017-05-01,2017-06-06,2017-10-18,0,82.8
CT,2017-06-01,2017-06-06,2017-10-18,25,134.3
CT,2017-07-01,2017-06-06,2017-10-18,31,98.9
CT,2017-08-01,2017-06-06,2017-10-18,31,89.5
CT,2017-09-01,2017-06-06,2017-10-18,30,117.3
CT,2017-10-01,2017-06-06,2017-10-18,18,176.1
CT,2017-11-01,2017-06-06,2017-10-18,0,146.3
CT,2017-12-01,2017-06-06,2017-10-18,0,81.8
CT,2018-01-01,2018-06-27,2018-10-29,0,63.2
CT,2018-02-01,2018-06-27,2018-10-29,0,65.7
CT,2018-03-01,2018-06-27,2018-10-29,0,146.2
CT,2018-04-01,2018-06-27,2018-10-29,0,126.4
CT,2018-05-01,2018-06-27,2018-10-29,0,93.5
CT,2018-06-01,2018-06-27,2018-10-29,4,97.4
CT,2018-07-01,2018-06-27,2018-10-29,31,100.0
CT,2018-08-01,2018-06-27,2018-10-29,31,65.5
CT,2018-09-01,2018-06-27,2018-10-29,30,81.0
CT,2018-10-01,2018-06-27,2018-10-29,29,70.8
CT,2018-11-01,2018-06-27,2018-10-29,0,100.3
CT,2018-12-01,2018-06-27,2018-10-29,0,63.1
CT,2019-01-01,2019-06-13,2019-10-25,0,165.4
CT,2019-02-01,2019-06-13,2019-10-25,0,114.3
CT,2019-03-01,2019-06-13,2019-10-25,0,108.2
CT,2019-04-01,2019-06-13,2019-10-25,0,99.3
CT,2019-05-01,2019-06-13,2019-10-25,0,94.8
CT,2019-06-01,2019-06-13,2019-10-25,18,71.8
CT,2019-07-01,2019-06-13,2019-10-25,31,90.2
CT,2019-08-01,2019-06-13,2019-10-25,31,160.8
CT,2019-09-01,2019-06-13,2019-10-25,30,92.6
CT,2019-10-01,2019-06-13,2019-10-25,25,83.7
CT,2019-11-01,2019-06-13,2019-10-25,0,96.1
CT,2019-12-01,2019-06-13,2019-10-25,0,92.0
CT,2020-01-01,2020-06-02,2020-10-24,0,102.9
CT,2020-02-01,2020-06-02,2020-10-24,0,128.6
CT,2020-03-01,2020-06-02,2020-10-24,0,64.4
CT,2020-04-01,2020-06-02,2020-10-24,0,157.2
CT,2020-05-01,2020-06-02,2020-10-24,0,104.5
CT,2020-06-01,2020-06-02,2020-10-24,29,163.4
CT,2020-07-01,2020-06-02,2020-10-24,31,135.0
CT,2020-08-01,2020-06-02,2020-10-24,31,76.9
CT,2020-09-01,2020-06-02,2020-10-24,30,119.8
CT,2020-10-01,2020-06-02,2020-10-24,24,98.8
CT,2020-11-01,2020-06-02,2020-10-24,0,163.7
CT,2020-12-01,2020-06-02,2020-10-24,0,127.1
CT,2021-01-01,2021-06-20,2021-09-28,0,144.1
CT,2021-02-01,2021-06-20,2021-09-28,0,31.8
CT,2021-03-01,2021-06-20,2021-09-28,0,148.9
CT,2021-04-01,2021-06-20,2021-09-28,0,157.7
CT,2021-05-01,2021-06-20,2021-09-28,0,127.9
CT,2021-06-01,2021-06-20,2021-09-28,11,188.1
CT,2021-07-01,2021-06-20,2021-09-28,31,171.8
CT,2021-08-01,2021-06-20,2021-09-28,31,112.4
CT,2021-09-01,2021-06-20,2021-09-28,28,80.0
CT,2021-10-01,2021-06-20,2021-09-28,0,98.9
CT,2021-11-01,2021-06-20,2021-09-28,0,49.1
CT,2021-12-01,2021-06-20,2021-09-28,0,103.7
CT,2022-01-01,2022-05-29,2022-10-08,0,117.0
CT,2022-02-01,2022-05-29,2022-10-08,0,86.0
CT,2022-03-01,2022-05-29,2022-10-08,0,139.5
CT,2022-04-01,2022-05-29,2022-10-08,0,51.1
CT,2022-05-01,2022-05-29,2022-10-08,3,49.5
CT,2022-06-01,2022-05-29,2022-10-08,30,77.8
CT,2022-07-01,2022-05-29,2022-10-08,31,85.3
CT,2022-08-01,2022-05-29,2022-10-08,31,58.1
CT,2022-09-01,2022-05-29,2022-10-08,30,75.4
CT,2022-10-01,2022-05-29,2022-10-08,8,80.3
CT,2022-11-01,2022-05-29,2022-10-08,0,24.9
CT,2022-12-01,2022-05-29,2022-10-08,0,65.6
CT,2023-01-01,2023-06-16,2023-10-23,0,119.0
CT,2023-02-01,2023-06-16,2023-10-23,0,83.6
CT,2023-03-01,2023-06-16,2023-10-23,0,71.2
CT,2023-04-01,2023-06-16,2023-10-23,0,85.1
CT,2023-05-01,2023-06-16,2023-10-23,0,137.7
CT,2023-06-01,2023-06-16,2023-10-23,15,83.8
CT,2023-07-01,2023-06-16,2023-10-23,31,105.1
CT,2023-08-01,2023-06-16,2023-10-23,31,102.4
CT,2023-09-01,2023-06-16,2023-10-23,30,120.9
CT,2023-10-01,2023-06-16,2023-10-23,23,106.4
CT,2023-11-01,2023-06-16,2023-10-23,0,111.5
CT,2023-12-01,2023-06-16,2023-10-23,0,117.7
CT,2024-01-01,2024-06-04,2024-10-19,0,94.6
CT,2024-02-01,2024-06-04,2024-10-19,0,87.0
CT,2024-03-01,2024-06-04,2024-10-19,0,135.8
CT,2024-04-01,2024-06-04,2024-10-19,0,81.6
CT,2024-05-01,2024-06-04,2024-10-19,0,89.3
CT,2024-06-01,2024-06-04,2024-10-19,27,109.7
CT,2024-07-01,2024-06-04,2024-10-19,31,137.0
CT,2024-08-01,2024-06-04,2024-10-19,31,82.6
CT,2024-09-01,2024-06-04,2024-10-19,30,125.0
CT,2024-10-01,2024-06-04,2024-10-19,19,95.4
CT,2024-11-01,2024-06-04,2024-10-19,0,149.1
CT,2024-12-01,2024-06-04,2024-10-19,0,143.0
CT,2025-01-01,2025-06-13,2025-09-28,0,176.2
CT,2025-02-01,2025-06-13,2025-09-28,0,78.4
CT,2025-03-01,2025-06-13,2025-09-28,0,25.9
CT,2025-04-01,2025-06-13,2025-09-28,0,130.6
CT,2025-05-01,2025-06-13,2025-09-28,0,116.1
CT,2025-06-01,2025-06-13,2025-09-28,18,82.2
CT,2025-07-01,2025-06-13,2025-09-28,31,86.6
CT,2025-08-01,2025-06-13,2025-09-28,31,85.8
CT,2025-09-01,2025-06-13,2025-09-28,28,103.6
CT,2025-10-01,2025-06-13,2025-09-28,0,91.7
CT,2025-11-01,2025-06-13,2025-09-28,0,73.3
CT,2025-12-01,2025-06-13,2025-09-28,0,158.3
CT,2026-01-01,2026-07-01,2026-11-02,0,30.1
CT,2026-02-01,2026-07-01,2026-11-02,0,54.1
CT,2026-03-01,2026-07-01,2026-11-02,0,92.3
CT,2026-04-01,2026-07-01,2026-11-02,0,82.5
CT,2026-05-01,2026-07-01,2026-11-02,0,198.8
CT,2026-06-01,2026-07-01,2026-11-02,0,109.3
CT,2026-07-01,2026-07-01,2026-11-02,31,96.7
CT,2026-08-01,2026-07-01,2026-11-02,31,108.7
CT,2026-09-01,2026-07-01,2026-11-02,30,106.7
CT,2026-10-01,2026-07-01,2026-11-02,31,153.4
CT,2026-11-01,2026-07-01,2026-11-02,2,131.6
CT,2026-12-01,2026-07-01,2026-11-02,0,64.3
DH,2012-01-01,2012-06-15,2012-10-09,0,126.2
DH,2012-02-01,2012-06-15,2012-10-09,0,129.3
DH,2012-03-01,2012-06-15,2012-10-09,0,113.3
DH,2012-04-01,2012-06-15,2012-10-09,0,136.7
DH,2012-05-01,2012-06-15,2012-10-09,0,68.2
DH,2012-06-01,2012-06-15,2012-10-09,16,155.2
DH,2012-07-01,2012-06-15,2012-10-09,31,138.4
DH,2012-08-01,2012-06-15,2012-10-09,31,84.9
DH,2012-09-01,2012-06-15,2012-10-09,30,112.2
DH,2012-10-01,2012-06-15,2012-10-09,9,144.7
DH,2012-11-01,2012-06-15,2012-10-09,0,134.1
DH,2012-12-01,2012-06-15,2012-10-09,0,162.2
DH,2013-01-01,2013-06-20,2013-09-19,0,98.1
DH,2013-02-01,2013-06-20,2013-09-19,0,88.4
DH,2013-03-01,2013-06-20,2013-09-19,0,154.3
DH,2013-04-01,2013-06-20,2013-09-19,0,132.4
DH,2013-05-01,2013-06-20,2013-09-19,0,126.0
DH,2013-06-01,2013-06-20,2013-09-19,11,99.0
DH,2013-07-01,2013-06-20,2013-09-19,31,100.3
DH,2013-08-01,2013-06-20,2013-09-19,31,91.3
DH,2013-09-01,2013-06-20,2013-09-19,19,115.0
DH,2013-10-01,2013-06-20,2013-09-19,0,100.6
DH,2013-11-01,2013-06-20,2013-09-19,0,74.1
DH,2013-12-01,2013-06-20,2013-09-19,0,66.3
DH,2014-01-01,2014-06-15,2014-10-06,0,154.3
DH,2014-02-01,2014-06-15,2014-10-06,0,145.8
DH,2014-03-01,2014-06-15,2014-10-06,0,115.4
DH,2014-04-01,2014-06-15,2014-10-06,0,103.7
DH,2014-05-01,2014-06-15,2014-10-06,0,130.1
DH,2014-06-01,2014-06-15,2014-10-06,16,73.0
DH,2014-07-01,2014-06-15,2014-10-06,31,93.8
DH,2014-08-01,2014-06-15,2014-10-06,31,56.4
DH,2014-09-01,2014-06-15,2014-10-06,30,89.5
DH,2014-10-01,2014-06-15,2014-10-06,6,80.1
DH,2014-11-01,2014-06-15,2014-10-06,0,62.8
DH,2014-12-01,2014-06-15,2014-10-06,0,118.5
DH,2015-01-01,2015-06-01,2015-09-14,0,93.2
DH,2015-02-01,2015-06-01,2015-09-14,0,75.6
DH,2015-03-01,2015-06-01,2015-09-14,0,44.7
DH,2015-04-01,2015-06-01,2015-09-14,0,86.6
DH,2015-05-01,2015-06-01,2015-09-14,0,84.6
DH,2015-06-01,2015-06-01,2015-09-14,30,129.3
DH,2015-07-01,2015-06-01,2015-09-14,31,87.3
DH,2015-08-01,2015-06-01,2015-09-14,31,158.2
DH,2015-09-01,2015-06-01,2015-09-14,14,117.2
DH,2015-10-01,2015-06-01,2015-09-14,0,108.9
DH,2015-11-01,2015-06-01,2015-09-14,0,41.1
DH,2015-12-01,2015-06-01,2015-09-14,0,63.5
DH,2016-01-01,2016-06-13,2016-09-25,0,85.3
DH,2016-02-01,2016-06-13,2016-09-25,0,101.2
DH,2016-03-01,2016-06-13,2016-09-25,0,139.2
DH,2016-04-01,2016-06-13,2016-09-25,0,63.3
DH,2016-05-01,2016-06-13,2016-09-25,0,99.8
DH,2016-06-01,2016-06-13,2016-09-25,18,90.1
DH,2016-07-01,2016-06-13,2016-09-25,31,107.9
DH,2016-08-01,2016-06-13,2016-09-25,31,125.4
DH,2016-09-01,2016-06-13,2016-09-25,25,102.3
DH,2016-10-01,2016-06-13,2016-09-25,0,77.9
DH,2016-11-01,2016-06-13,2016-09-25,0,109.5
DH,2016-12-01,2016-06-13,2016-09-25,0,80.0
DH,2017-01-01,2017-06-29,2017-10-11,0,136.3
DH,2017-02-01,2017-06-29,2017-10-11,0,97.1
DH,2017-03-01,2017-06-29,2017-10-11,0,109.1
DH,2017-04-01,2017-06-29,2017-10-11,0,47.5
DH,2017-05-01,2017-06-29,2017-10-11,0,122.3
DH,2017-06-01,2017-06-29,2017-10-11,2,84.9
DH,2017-07-01,2017-06-29,2017-10-11,31,78.8
DH,2017-08-01,2017-06-29,2017-10-11,31,120.5
DH,2017-09-01,2017-06-29,2017-10-11,30,83.5
DH,2017-10-01,2017-06-29,2017-10-11,11,165.4
DH,2017-11-01,2017-06-29,2017-10-11,0,107.8
DH,2017-12-01,2017-06-29,2017-10-11,0,159.4
DH,2018-01-01,2018-06-10,2018-10-11,0,102.8
DH,2018-02-01,2018-06-10,2018-10-11,0,72.4
DH,2018-03-01,2018-06-10,2018-10-11,0,83.3
DH,2018-04-01,2018-06-10,2018-10-11,0,101.4
DH,2018-05-01,2018-06-10,2018-10-11,0,117.8
DH,2018-06-01,2018-06-10,2018-10-11,21,77.5
DH,2018-07-01,2018-06-10,2018-10-11,31,69.9
DH,2018-08-01,2018-06-10,2018-10-11,31,94.0
DH,2018-09-01,2018-06-10,2018-10-11,30,50.3
DH,2018-10-01,2018-06-10,2018-10-11,11,83.1
DH,2018-11-01,2018-06-10,2018-10-11,0,99.4
DH,2018-12-01,2018-06-10,2018-10-11,0,152.6
DH,2019-01-01,2019-06-10,2019-10-20,0,104.1
DH,2019-02-01,2019-06-10,2019-10-20,0,173.1
DH,2019-03-01,2019-06-10,2019-10-20,0,104.5
DH,2019-04-01,2019-06-10,2019-10-20,0,89.0
DH,2019-05-01,2019-06-10,2019-10-20,0,140.7
DH,2019-06-01,2019-06-10,2019-10-20,21,93.9
DH,2019-07-01,2019-06-10,2019-10-20,31,89.3
DH,2019-08-01,2019-06-10,2019-10-20,31,114.0
DH,2019-09-01,2019-06-10,2019-10-20,30,98.5
DH,2019-10-01,2019-06-10,2019-10-20,20,154.3
DH,2019-11-01,2019-06-10,2019-10-20,0,55.4
DH,2019-12-01,2019-06-10,2019-10-20,0,101.8
DH,2020-01-01,2020-06-17,2020-10-05,0,138.3
DH,2020-02-01,2020-06-17,2020-10-05,0,120.4
DH,2020-03-01,2020-06-17,2020-10-05,0,50.0
DH,2020-04-01,2020-06-17,2020-10-05,0,82.7
DH,2020-05-01,2020-06-17,2020-10-05,0,17.2
DH,2020-06-01,2020-06-17,2020-10-05,14,183.1
DH,2020-07-01,2020-06-17,2020-10-05,31,107.1
DH,2020-08-01,2020-06-17,2020-10-05,31,93.9
DH,2020-09-01,2020-06-17,2020-10-05,30,116.0
DH,2020-10-01,2020-06-17,2020-10-05,5,104.9
DH,2020-11-01,2020-06-17,2020-10-05,0,35.7
DH,2020-12-01,2020-06-17,2020-10-05,0,126.4
DH,2021-01-01,2021-06-21,2021-09-26,0,110.3
DH,2021-02-01,2021-06-21,2021-09-26,0,95.6
DH,2021-03-01,2021-06-21,2021-09-26,0,79.9
DH,2021-04-01,2021-06-21,2021-09-26,0,114.6
DH,2021-05-01,2021-06-21,2021-09-26,0,136.7
DH,2021-06-01,2021-06-21,2021-09-26,10,77.4
DH,2021-07-01,2021-06-21,2021-09-26,31,80.9
DH,2021-08-01,2021-06-21,2021-09-26,31,63.6
DH,2021-09-01,2021-06-21,2021-09-26,26,135.0
DH,2021-10-01,2021-06-21,2021-09-26,0,93.1
DH,2021-11-01,2021-06-21,2021-09-26,0,181.7
DH,2021-12-01,2021-06-21,2021-09-26,0,123.9
DH,2022-01-01,2022-06-13,2022-10-02,0,150.7
DH,2022-02-01,2022-06-13,2022-10-02,0,180.2
DH,2022-03-01,2022-06-13,2022-10-02,0,138.3
DH,2022-04-01,2022-06-13,2022-10-02,0,119.0
DH,2022-05-01,2022-06-13,2022-10-02,0,144.6
DH,2022-06-01,2022-06-13,2022-10-02,18,103.2
DH,2022-07-01,2022-06-13,2022-10-02,31,129.4
DH,2022-08-01,2022-06-13,2022-10-02,31,130.4
DH,2022-09-01,2022-06-13,2022-10-02,30,125.9
DH,2022-10-01,2022-06-13,2022-10-02,2,113.7
DH,2022-11-01,2022-06-13,2022-10-02,0,108.2
DH,2022-12-01,2022-06-13,2022-10-02,0,79.7
DH,2023-01-01,2023-06-09,2023-10-21,0,91.2
DH,2023-02-01,2023-06-09,2023-10-21,0,84.0
DH,2023-03-01,2023-06-09,2023-10-21,0,30.6
DH,2023-04-01,2023-06-09,2023-10-21,0,85.7
DH,2023-05-01,2023-06-09,2023-10-21,0,133.4
DH,2023-06-01,2023-06-09,2023-10-21,22,113.8
DH,2023-07-01,2023-06-09,2023-10-21,31,120.7
DH,2023-08-01,2023-06-09,2023-10-21,31,95.1
DH,2023-09-01,2023-06-09,2023-10-21,30,112.9
DH,2023-10-01,2023-06-09,2023-10-21,21,112.6
DH,2023-11-01,2023-06-09,2023-10-21,0,51.7
DH,2023-12-01,2023-06-09,2023-10-21,0,123.6
DH,2024-01-01,2024-06-30,2024-10-23,0,101.8
DH,2024-02-01,2024-06-30,2024-10-23,0,88.7
DH,2024-03-01,2024-06-30,2024-10-23,0,63.9
DH,2024-04-01,2024-06-30,2024-10-23,0,110.3
DH,2024-05-01,2024-06-30,2024-10-23,0,129.8
DH,2024-06-01,2024-06-30,2024-10-23,1,97.6
DH,2024-07-01,2024-06-30,2024-10-23,31,102.6
DH,2024-08-01,2024-06-30,2024-10-23,31,89.7
DH,2024-09-01,2024-06-30,2024-10-23,30,115.1
DH,2024-10-01,2024-06-30,2024-10-23,23,89.8
DH,2024-11-01,2024-06-30,2024-10-23,0,171.1
DH,2024-12-01,2024-06-30,2024-10-23,0,138.8
DH,2025-01-01,2025-06-18,2025-10-15,0,173.1
DH,2025-02-01,2025-06-18,2025-10-15,0,62.3
DH,2025-03-01,2025-06-18,2025-10-15,0,100.1
DH,2025-04-01,2025-06-18,2025-10-15,0,68.7
DH,2025-05-01,2025-06-18,2025-10-15,0,114.3
DH,2025-06-01,2025-06-18,2025-10-15,13,86.4
DH,2025-07-01,2025-06-18,2025-10-15,31,98.3
DH,2025-08-01,2025-06-18,2025-10-15,31,86.7
DH,2025-09-01,2025-06-18,2025-10-15,30,85.2
DH,2025-10-01,2025-06-18,2025-10-15,15,88.2
DH,2025-11-01,2025-06-18,2025-10-15,0,155.8
DH,2025-12-01,2025-06-18,2025-10-15,0,165.7
DH,2026-01-01,2026-06-09,2026-09-26,0,123.4
DH,2026-02-01,2026-06-09,2026-09-26,0,146.4
DH,2026-03-01,2026-06-09,2026-09-26,0,154.1
DH,2026-04-01,2026-06-09,2026-09-26,0,121.8
DH,2026-05-01,2026-06-09,2026-09-26,0,110.6
DH,2026-06-01,2026-06-09,2026-09-26,22,85.8
DH,2026-07-01,2026-06-09,2026-09-26,31,72.9
DH,2026-08-01,2026-06-09,2026-09-26,31,92.3
DH,2026-09-01,2026-06-09,2026-09-26,26,117.2
DH,2026-10-01,2026-06-09,2026-09-26,0,54.0
DH,2026-11-01,2026-06-09,2026-09-26,0,66.7
DH,2026-12-01,2026-06-09,2026-09-26,0,46.2
DL,2012-01-01,2012-07-05,2012-10-10,0,112.3
DL,2012-02-01,2012-07-05,2012-10-10,0,134.3
DL,2012-03-01,2012-07-05,2012-10-10,0,95.4
DL,2012-04-01,2012-07-05,2012-10-10,0,114.8
DL,2012-05-01,2012-07-05,2012-10-10,0,92.7
DL,2012-06-01,2012-07-05,2012-10-10,0,112.5
DL,2012-07-01,2012-07-05,2012-10-10,27,104.2
DL,2012-08-01,2012-07-05,2012-10-10,31,98.8
DL,2012-09-01,2012-07-05,2012-10-10,30,89.5
DL,2012-10-01,2012-07-05,2012-10-10,10,69.2
DL,2012-11-01,2012-07-05,2012-10-10,0,186.4
DL,2012-12-01,2012-07-05,2012-10-10,0,104.1
DL,2013-01-01,2013-06-22,2013-09-25,0,51.3
DL,2013-02-01,2013-06-22,2013-09-25,0,60.4
DL,2013-03-01,2013-06-22,2013-09-25,0,133.0
DL,2013-04-01,2013-06-22,2013-09-25,0,97.0
DL,2013-05-01,2013-06-22,2013-09-25,0,46.4
DL,2013-06-01,2013-06-22,2013-09-25,9,140.6
DL,2013-07-01,2013-06-22,2013-09-25,31,100.4
DL,2013-08-01,2013-06-22,2013-09-25,31,94.7
DL,2013-09-01,2013-06-22,2013-09-25,25,149.9
DL,2013-10-01,2013-06-22,2013-09-25,0,83.7
DL,2013-11-01,2013-06-22,2013-09-25,0,76.3
DL,2013-12-01,2013-06-22,2013-09-25,0,36.5
DL,2014-01-01,2014-06-23,2014-09-30,0,166.7
DL,2014-02-01,2014-06-23,2014-09-30,0,149.5
DL,2014-03-01,2014-06-23,2014-09-30,0,92.9
DL,2014-04-01,2014-06-23,2014-09-30,0,101.8
DL,2014-05-01,2014-06-23,2014-09-30,0,46.5
DL,2014-06-01,2014-06-23,2014-09-30,8,93.5
DL,2014-07-01,2014-06-23,2014-09-30,31,116.8
DL,2014-08-01,2014-06-23,2014-09-30,31,120.8
DL,2014-09-01,2014-06-23,2014-09-30,30,120.8
DL,2014-10-01,2014-06-23,2014-09-30,0,81.6
DL,2014-11-01,2014-06-23,2014-09-30,0,137.2
DL,2014-12-01,2014-06-23,2014-09-30,0,72.5
DL,2015-01-01,2015-06-28,2015-09-28,0,164.7
DL,2015-02-01,2015-06-28,2015-09-28,0,104.2
DL,2015-03-01,2015-06-28,2015-09-28,0,84.5
DL,2015-04-01,2015-06-28,2015-09-28,0,59.8
DL,2015-05-01,2015-06-28,2015-09-28,0,147.1
DL,2015-06-01,2015-06-28,2015-09-28,3,58.4
DL,2015-07-01,2015-06-28,2015-09-28,31,89.9
DL,2015-08-01,2015-06-28,2015-09-28,31,103.5
DL,2015-09-01,2015-06-28,2015-09-28,28,61.5
DL,2015-10-01,2015-06-28,2015-09-28,0,149.3
DL,2015-11-01,2015-06-28,2015-09-28,0,86.6
DL,2015-12-01,2015-06-28,2015-09-28,0,146.9
DL,2016-01-01,2016-06-23,2016-10-18,0,74.6
DL,2016-02-01,2016-06-23,2016-10-18,0,91.0
DL,2016-03-01,2016-06-23,2016-10-18,0,98.5
DL,2016-04-01,2016-06-23,2016-10-18,0,60.1
DL,2016-05-01,2016-06-23,2016-10-18,0,14.1
DL,2016-06-01,2016-06-23,2016-10-18,8,86.9
DL,2016-07-01,2016-06-23,2016-10-18,31,84.6
DL,2016-08-01,2016-06-23,2016-10-18,31,93.4
DL,2016-09-01,2016-06-23,2016-10-18,30,118.4
DL,2016-10-01,2016-06-23,2016-10-18,18,108.7
DL,2016-11-01,2016-06-23,2016-10-18,0,146.1
DL,2016-12-01,2016-06-23,2016-10-18,0,148.9
DL,2017-01-01,2017-07-13,2017-09-12,0,44.0
DL,2017-02-01,2017-07-13,2017-09-12,0,78.8
DL,2017-03-01,2017-07-13,2017-09-12,0,145.2
DL,2017-04-01,2017-07-13,2017-09-12,0,108.5
DL,2017-05-01,2017-07-13,2017-09-12,0,84.8
DL,2017-06-01,2017-07-13,2017-09-12,0,136.7
DL,2017-07-01,2017-07-13,2017-09-12,19,93.1
DL,2017-08-01,2017-07-13,2017-09-12,31,83.8
DL,2017-09-01,2017-07-13,2017-09-12,12,98.3
DL,2017-10-01,2017-07-13,2017-09-12,0,130.4
DL,2017-11-01,2017-07-13,2017-09-12,0,131.2
DL,2017-12-01,2017-07-13,2017-09-12,0,22.6
DL,2018-01-01,2018-07-04,2018-09-17,0,136.1
DL,2018-02-01,2018-07-04,2018-09-17,0,91.3
DL,2018-03-01,2018-07-04,2018-09-17,0,131.5
DL,2018-04-01,2018-07-04,2018-09-17,0,101.1
DL,2018-05-01,2018-07-04,2018-09-17,0,95.0
DL,2018-06-01,2018-07-04,2018-09-17,0,103.2
DL,2018-07-01,2018-07-04,2018-09-17,28,88.7
DL,2018-08-01,2018-07-04,2018-09-17,31,136.0
DL,2018-09-01,2018-07-04,2018-09-17,17,112.3
DL,2018-10-01,2018-07-04,2018-09-17,0,141.4
DL,2018-11-01,2018-07-04,2018-09-17,0,141.3
DL,2018-12-01,2018-07-04,2018-09-17,0,68.8
DL,2019-01-01,2019-06-30,2019-10-10,0,128.0
DL,2019-02-01,2019-06-30,2019-10-10,0,118.3
DL,2019-03-01,2019-06-30,2019-10-10,0,97.7
DL,2019-04-01,2019-06-30,2019-10-10,0,127.7
DL,2019-05-01,2019-06-30,2019-10-10,0,129.1
DL,2019-06-01,2019-06-30,2019-10-10,1,91.4
DL,2019-07-01,2019-06-30,2019-10-10,31,123.2
DL,2019-08-01,2019-06-30,2019-10-10,31,89.9
DL,2019-09-01,2019-06-30,2019-10-10,30,79.4
DL,2019-10-01,2019-06-30,2019-10-10,10,115.5
DL,2019-11-01,2019-06-30,2019-10-10,0,120.3
DL,2019-12-01,2019-06-30,2019-10-10,0,114.7
DL,2020-01-01,2020-06-24,2020-09-16,0,105.8
DL,2020-02-01,2020-06-24,2020-09-16,0,122.1
DL,2020-03-01,2020-06-24,2020-09-16,0,106.9
DL,2020-04-01,2020-06-24,2020-09-16,0,66.6
DL,2020-05-01,2020-06-24,2020-09-16,0,99.8
DL,2020-06-01,2020-06-24,2020-09-16,7,99.3
DL,2020-07-01,2020-06-24,2020-09-16,31,119.4
DL,2020-08-01,2020-06-24,2020-09-16,31,117.1
DL,2020-09-01,2020-06-24,2020-09-16,16,100.7
DL,2020-10-01,2020-06-24,2020-09-16,0,101.3
DL,2020-11-01,2020-06-24,2020-09-16,0,137.1
DL,2020-12-01,2020-06-24,2020-09-16,0,60.4
DL,2021-01-01,2021-07-10,2021-09-25,0,102.8
DL,2021-02-01,2021-07-10,2021-09-25,0,123.9
DL,2021-03-01,2021-07-10,2021-09-25,0,103.0
DL,2021-04-01,2021-07-10,2021-09-25,0,63.7
DL,2021-05-01,2021-07-10,2021-09-25,0,121.7
DL,2021-06-01,2021-07-10,2021-09-25,0,80.2
DL,2021-07-01,2021-07-10,2021-09-25,22,68.7
DL,2021-08-01,2021-07-10,2021-09-25,31,136.5
DL,2021-09-01,2021-07-10,2021-09-25,25,100.0
DL,2021-10-01,2021-07-10,2021-09-25,0,104.9
DL,2021-11-01,2021-07-10,2021-09-25,0,127.5
DL,2021-12-01,2021-07-10,2021-09-25,0,145.9
DL,2022-01-01,2022-07-03,2022-09-30,0,100.6
DL,2022-02-01,2022-07-03,2022-09-30,0,58.4
DL,2022-03-01,2022-07-03,2022-09-30,0,85.3
DL,2022-04-01,2022-07-03,2022-09-30,0,82.9
DL,2022-05-01,2022-07-03,2022-09-30,0,105.1
DL,2022-06-01,2022-07-03,2022-09-30,0,48.3
DL,2022-07-01,2022-07-03,2022-09-30,29,84.4
DL,2022-08-01,2022-07-03,2022-09-30,31,88.8
DL,2022-09-01,2022-07-03,2022-09-30,30,66.3
DL,2022-10-01,2022-07-03,2022-09-30,0,99.1
DL,2022-11-01,2022-07-03,2022-09-30,0,113.1
DL,2022-12-01,2022-07-03,2022-09-30,0,54.8
DL,2023-01-01,2023-06-18,2023-09-29,0,135.2
DL,2023-02-01,2023-06-18,2023-09-29,0,117.1
DL,2023-03-01,2023-06-18,2023-09-29,0,105.5
DL,2023-04-01,2023-06-18,2023-09-29,0,33.1
DL,2023-05-01,2023-06-18,2023-09-29,0,132.6
DL,2023-06-01,2023-06-18,2023-09-29,13,108.8
DL,2023-07-01,2023-06-18,2023-09-29,31,90.8
DL,2023-08-01,2023-06-18,2023-09-29,31,108.2
DL,2023-09-01,2023-06-18,2023-09-29,29,104.8
DL,2023-10-01,2023-06-18,2023-09-29,0,64.7
DL,2023-11-01,2023-06-18,2023-09-29,0,82.0
DL,2023-12-01,2023-06-18,2023-09-29,0,88.4
DL,2024-01-01,2024-06-26,2024-09-13,0,196.7
DL,2024-02-01,2024-06-26,2024-09-13,0,80.6
DL,2024-03-01,2024-06-26,2024-09-13,0,100.8
DL,2024-04-01,2024-06-26,2024-09-13,0,102.1
DL,2024-05-01,2024-06-26,2024-09-13,0,142.0
DL,2024-06-01,2024-06-26,2024-09-13,5,57.7
DL,2024-07-01,2024-06-26,2024-09-13,31,93.5
DL,2024-08-01,2024-06-26,2024-09-13,31,89.9
DL,2024-09-01,2024-06-26,2024-09-13,13,78.8
DL,2024-10-01,2024-06-26,2024-09-13,0,72.8
DL,2024-11-01,2024-06-26,2024-09-13,0,40.4
DL,2024-12-01,2024-06-26,2024-09-13,0,89.8
DL,2025-01-01,2025-06-18,2025-10-11,0,70.6
DL,2025-02-01,2025-06-18,2025-10-11,0,64.8
DL,2025-03-01,2025-06-18,2025-10-11,0,117.0
DL,2025-04-01,2025-06-18,2025-10-11,0,131.7
DL,2025-05-01,2025-06-18,2025-10-11,0,67.0
DL,2025-06-01,2025-06-18,2025-10-11,13,131.1
DL,2025-07-01,2025-06-18,2025-10-11,31,93.1
DL,2025-08-01,2025-06-18,2025-10-11,31,87.1
DL,2025-09-01,2025-06-18,2025-10-11,30,156.6
DL,2025-10-01,2025-06-18,2025-10-11,11,77.0
DL,2025-11-01,2025-06-18,2025-10-11,0,60.5
DL,2025-12-01,2025-06-18,2025-10-11,0,170.8
DL,2026-01-01,2026-07-02,2026-10-07,0,114.6
DL,2026-02-01,2026-07-02,2026-10-07,0,66.2
DL,2026-03-01,2026-07-02,2026-10-07,0,114.1
DL,2026-04-01,2026-07-02,2026-10-07,0,92.8
DL,2026-05-01,2026-07-02,2026-10-07,0,91.2
DL,2026-06-01,2026-07-02,2026-10-07,0,121.2
DL,2026-07-01,2026-07-02,2026-10-07,30,104.9
DL,2026-08-01,2026-07-02,2026-10-07,31,91.4
DL,2026-09-01,2026-07-02,2026-10-07,30,85.9
DL,2026-10-01,2026-07-02,2026-10-07,7,127.0
DL,2026-11-01,2026-07-02,2026-10-07,0,161.4
DL,2026-12-01,2026-07-02,2026-10-07,0,97.6
GA,2012-01-01,2012-06-06,2012-10-12,0,108.4
GA,2012-02-01,2012-06-06,2012-10-12,0,111.2
GA,2012-03-01,2012-06-06,2012-10-12,0,110.3
GA,2012-04-01,2012-06-06,2012-10-12,0,117.5
GA,2012-05-01,2012-06-06,2012-10-12,0,144.1
GA,2012-06-01,2012-06-06,2012-10-12,25,75.7
GA,2012-07-01,2012-06-06,2012-10-12,31,75.1
GA,2012-08-01,2012-06-06,2012-10-12,31,74.9
GA,2012-09-01,2012-06-06,2012-10-12,30,112.8
GA,2012-10-01,2012-06-06,2012-10-12,12,70.0
GA,2012-11-01,2012-06-06,2012-10-12,0,48.8
GA,2012-12-01,2012-06-06,2012-10-12,0,127.5
GA,2013-01-01,2013-06-07,2013-10-16,0,150.3
GA,2013-02-01,2013-06-07,2013-10-16,0,120.6
GA,2013-03-01,2013-06-07,2013-10-16,0,108.6
GA,2013-04-01,2013-06-07,2013-10-16,0,105.2
GA,2013-05-01,2013-06-07,2013-10-16,0,85.6
GA,2013-06-01,2013-06-07,2013-10-16,24,101.4
GA,2013-07-01,2013-06-07,2013-10-16,31,107.9
GA,2013-08-01,2013-06-07,2013-10-16,31,98.8
GA,2013-09-01,2013-06-07,2013-10-16,30,121.9
GA,2013-10-01,2013-06-07,2013-10-16,16,82.4
GA,2013-11-01,2013-06-07,2013-10-16,0,115.2
GA,2013-12-01,2013-06-07,2013-10-16,0,124.8
GA,2014-01-01,2014-06-06,2014-10-02,0,133.4
GA,2014-02-01,2014-06-06,2014-10-02,0,104.9
GA,2014-03-01,2014-06-06,2014-10-02,0,77.2
GA,2014-04-01,2014-06-06,2014-10-02,0,91.2
GA,2014-05-01,2014-06-06,2014-10-02,0,80.8
GA,2014-06-01,2014-06-06,2014-10-02,25,91.1
GA,2014-07-01,2014-06-06,2014-10-02,31,81.6
GA,2014-08-01,2014-06-06,2014-10-02,31,130.7
GA,2014-09-01,2014-06-06,2014-10-02,30,111.1
GA,2014-10-01,2014-06-06,2014-10-02,2,123.9
GA,2014-11-01,2014-06-06,2014-10-02,0,85.3
GA,2014-12-01,2014-06-06,2014-10-02,0,86.0
GA,2015-01-01,2015-06-07,2015-10-10,0,87.9
GA,2015-02-01,2015-06-07,2015-10-10,0,43.4
GA,2015-03-01,2015-06-07,2015-10-10,0,186.2
GA,2015-04-01,2015-06-07,2015-10-10,0,88.8
GA,2015-05-01,2015-06-07,2015-10-10,0,162.1
GA,2015-06-01,2015-06-07,2015-10-10,24,124.0
GA,2015-07-01,2015-06-07,2015-10-10,31,124.7
GA,2015-08-01,2015-06-07,2015-10-10,31,174.5
GA,2015-09-01,2015-06-07,2015-10-10,30,104.7
GA,2015-10-01,2015-06-07,2015-10-10,10,105.5
GA,2015-11-01,2015-06-07,2015-10-10,0,89.6
GA,2015-12-01,2015-06-07,2015-10-10,0,139.7
GA,2016-01-01,2016-06-09,2016-10-08,0,142.2
GA,2016-02-01,2016-06-09,2016-10-08,0,52.5
GA,2016-03-01,2016-06-09,2016-10-08,0,11.8
GA,2016-04-01,2016-06-09,2016-10-08,0,123.9
GA,2016-05-01,2016-06-09,2016-10-08,0,28.4
GA,2016-06-01,2016-06-09,2016-10-08,22,108.0
GA,2016-07-01,2016-06-09,2016-10-08,31,76.3
GA,2016-08-01,2016-06-09,2016-10-08,31,72.3
GA,2016-09-01,2016-06-09,2016-10-08,30,80.3
GA,2016-10-01,2016-06-09,2016-10-08,8,67.6
GA,2016-11-01,2016-06-09,2016-10-08,0,56.7
GA,2016-12-01,2016-06-09,2016-10-08,0,80.5
GA,2017-01-01,2017-06-04,2017-10-30,0,145.0
GA,2017-02-01,2017-06-04,2017-10-30,0,67.7
GA,2017-03-01,2017-06-04,2017-10-30,0,137.6
GA,2017-04-01,2017-06-04,2017-10-30,0,47.5
GA,2017-05-01,2017-06-04,2017-10-30,0,139.3
GA,2017-06-01,2017-06-04,2017-10-30,27,80.4
GA,2017-07-01,2017-06-04,2017-10-30,31,91.6
GA,2017-08-01,2017-06-04,2017-10-30,31,82.4
GA,2017-09-01,2017-06-04,2017-10-30,30,95.4
GA,2017-10-01,2017-06-04,2017-10-30,30,96.8
GA,2017-11-01,2017-06-04,2017-10-30,0,100.2
GA,2017-12-01,2017-06-04,2017-10-30,0,41.0
GA,2018-01-01,2018-06-07,2018-09-27,0,117.1
GA,2018-02-01,2018-06-07,2018-09-27,0,93.7
GA,2018-03-01,2018-06-07,2018-09-27,0,63.6
GA,2018-04-01,2018-06-07,2018-09-27,0,106.2
GA,2018-05-01,2018-06-07,2018-09-27,0,44.0
GA,2018-06-01,2018-06-07,2018-09-27,24,91.0
GA,2018-07-01,2018-06-07,2018-09-27,31,117.1
GA,2018-08-01,2018-06-07,2018-09-27,31,122.1
GA,2018-09-01,2018-06-07,2018-09-27,27,134.9
GA,2018-10-01,2018-06-07,2018-09-27,0,57.4
GA,2018-11-01,2018-06-07,2018-09-27,0,204.4
GA,2018-12-01,2018-06-07,2018-09-27,0,108.2
GA,2019-01-01,2019-06-07,2019-10-22,0,84.6
GA,2019-02-01,2019-06-07,2019-10-22,0,130.3
GA,2019-03-01,2019-06-07,2019-10-22,0,136.8
GA,2019-04-01,2019-06-07,2019-10-22,0,87.2
GA,2019-05-01,2019-06-07,2019-10-22,0,45.8
GA,2019-06-01,2019-06-07,2019-10-22,24,128.2
GA,2019-07-01,2019-06-07,2019-10-22,31,90.2
GA,2019-08-01,2019-06-07,2019-10-22,31,129.1
GA,2019-09-01,2019-06-07,2019-10-22,30,99.5
GA,2019-10-01,2019-06-07,2019-10-22,22,123.3
GA,2019-11-01,2019-06-07,2019-10-22,0,97.7
GA,2019-12-01,2019-06-07,2019-10-22,0,174.5
GA,2020-01-01,2020-06-02,2020-11-02,0,165.4
GA,2020-02-01,2020-06-02,2020-11-02,0,92.8
GA,2020-03-01,2020-06-02,2020-11-02,0,86.2
GA,2020-04-01,2020-06-02,2020-11-02,0,99.1
GA,2020-05-01,2020-06-02,2020-11-02,0,34.8
GA,2020-06-01,2020-06-02,2020-11-02,29,57.2
GA,2020-07-01,2020-06-02,2020-11-02,31,60.2
GA,2020-08-01,2020-06-02,2020-11-02,31,63.7
GA,2020-09-01,2020-06-02,2020-11-02,30,86.4
GA,2020-10-01,2020-06-02,2020-11-02,31,74.5
GA,2020-11-01,2020-06-02,2020-11-02,2,80.3
GA,2020-12-01,2020-06-02,2020-11-02,0,85.1
GA,2021-01-01,2021-06-05,2021-10-11,0,75.1
GA,2021-02-01,2021-06-05,2021-10-11,0,148.0
GA,2021-03-01,2021-06-05,2021-10-11,0,60.8
GA,2021-04-01,2021-06-05,2021-10-11,0,108.2
GA,2021-05-01,2021-06-05,2021-10-11,0,93.2
GA,2021-06-01,2021-06-05,2021-10-11,26,94.7
GA,2021-07-01,2021-06-05,2021-10-11,31,101.8
GA,2021-08-01,2021-06-05,2021-10-11,31,101.5
GA,2021-09-01,2021-06-05,2021-10-11,30,105.3
GA,2021-10-01,2021-06-05,2021-10-11,11,82.0
GA,2021-11-01,2021-06-05,2021-10-11,0,110.1
GA,2021-12-01,2021-06-05,2021-10-11,0,85.5
GA,2022-01-01,2022-06-18,2022-10-29,0,67.3
GA,2022-02-01,2022-06-18,2022-10-29,0,29.0
GA,2022-03-01,2022-06-18,2022-10-29,0,161.1
GA,2022-04-01,2022-06-18,2022-10-29,0,82.5
GA,2022-05-01,2022-06-18,2022-10-29,0,66.8
GA,2022-06-01,2022-06-18,2022-10-29,13,134.6
GA,2022-07-01,2022-06-18,2022-10-29,31,93.7
GA,2022-08-01,2022-06-18,2022-10-29,31,117.3
GA,2022-09-01,2022-06-18,2022-10-29,30,163.5
GA,2022-10-01,2022-06-18,2022-10-29,29,117.1
GA,2022-11-01,2022-06-18,2022-10-29,0,109.9
GA,2022-12-01,2022-06-18,2022-10-29,0,136.4
GA,2023-01-01,2023-06-05,2023-10-13,0,74.0
GA,2023-02-01,2023-06-05,2023-10-13,0,84.7
GA,2023-03-01,2023-06-05,2023-10-13,0,185.9
GA,2023-04-01,2023-06-05,2023-10-13,0,90.1
GA,2023-05-01,2023-06-05,2023-10-13,0,81.7
GA,2023-06-01,2023-06-05,2023-10-13,26,99.5
GA,2023-07-01,2023-06-05,2023-10-13,31,112.6
GA,2023-08-01,2023-06-05,2023-10-13,31,77.2
GA,2023-09-01,2023-06-05,2023-10-13,30,84.2
GA,2023-10-01,2023-06-05,2023-10-13,13,60.8
GA,2023-11-01,2023-06-05,2023-10-13,0,107.8
GA,2023-12-01,2023-06-05,2023-10-13,0,91.1
GA,2024-01-01,2024-06-13,2024-10-06,0,79.3
GA,2024-02-01,2024-06-13,2024-10-06,0,150.6
GA,2024-03-01,2024-06-13,2024-10-06,0,37.6
GA,2024-04-01,2024-06-13,2024-10-06,0,136.4
GA,2024-05-01,2024-06-13,2024-10-06,0,114.3
GA,2024-06-01,2024-06-13,2024-10-06,18,55.5
GA,2024-07-01,2024-06-13,2024-10-06,31,36.5
GA,2024-08-01,2024-06-13,2024-10-06,31,47.7
GA,2024-09-01,2024-06-13,2024-10-06,30,59.3
GA,2024-10-01,2024-06-13,2024-10-06,6,57.7
GA,2024-11-01,2024-06-13,2024-10-06,0,70.2
GA,2024-12-01,2024-06-13,2024-10-06,0,138.3
GA,2025-01-01,2025-06-12,2025-10-11,0,88.4
GA,2025-02-01,2025-06-12,2025-10-11,0,38.2
GA,2025-03-01,2025-06-12,2025-10-11,0,75.3
GA,2025-04-01,2025-06-12,2025-10-11,0,100.4
GA,2025-05-01,2025-06-12,2025-10-11,0,83.3
GA,2025-06-01,2025-06-12,2025-10-11,19,64.6
GA,2025-07-01,2025-06-12,2025-10-11,31,77.6
GA,2025-08-01,2025-06-12,2025-10-11,31,104.4
GA,2025-09-01,2025-06-12,2025-10-11,30,84.3
GA,2025-10-01,2025-06-12,2025-10-11,11,125.1
GA,2025-11-01,2025-06-12,2025-10-11,0,141.7
GA,2025-12-01,2025-06-12,2025-10-11,0,146.4
GA,2026-01-01,2026-06-02,2026-10-07,0,113.9
GA,2026-02-01,2026-06-02,2026-10-07,0,24.3
GA,2026-03-01,2026-06-02,2026-10-07,0,63.7
GA,2026-04-01,2026-06-02,2026-10-07,0,67.5
GA,2026-05-01,2026-06-02,2026-10-07,0,70.5
GA,2026-06-01,2026-06-02,2026-10-07,29,117.4
GA,2026-07-01,2026-06-02,2026-10-07,31,108.3
GA,2026-08-01,2026-06-02,2026-10-07,31,95.1
GA,2026-09-01,2026-06-02,2026-10-07,30,96.9
GA,2026-10-01,2026-06-02,2026-10-07,7,100.4
GA,2026-11-01,2026-06-02,2026-10-07,0,106.7
GA,2026-12-01,2026-06-02,2026-10-07,0,120.2
GJ,2012-01-01,2012-06-27,2012-09-17,0,162.6
GJ,2012-02-01,2012-06-27,2012-09-17,0,115.4
GJ,2012-03-01,2012-06-27,2012-09-17,0,81.2
GJ,2012-04-01,2012-06-27,2012-09-17,0,152.1
GJ,2012-05-01,2012-06-27,2012-09-17,0,111.7
GJ,2012-06-01,2012-06-27,2012-09-17,4,94.1
GJ,2012-07-01,2012-06-27,2012-09-17,31,109.2
GJ,2012-08-01,2012-06-27,2012-09-17,31,96.7
GJ,2012-09-01,2012-06-27,2012-09-17,17,110.1
GJ,2012-10-01,2012-06-27,2012-09-17,0,128.8
GJ,2012-11-01,2012-06-27,2012-09-17,0,33.5
GJ,2012-12-01,2012-06-27,2012-09-17,0,77.5
GJ,2013-01-01,2013-06-18,2013-09-28,0,158.2
GJ,2013-02-01,2013-06-18,2013-09-28,0,136.1
GJ,2013-03-01,2013-06-18,2013-09-28,0,105.3
GJ,2013-04-01,2013-06-18,2013-09-28,0,164.6
GJ,2013-05-01,2013-06-18,2013-09-28,0,138.9
GJ,2013-06-01,2013-06-18,2013-09-28,13,115.2
GJ,2013-07-01,2013-06-18,2013-09-28,31,107.7
GJ,2013-08-01,2013-06-18,2013-09-28,31,113.6
GJ,2013-09-01,2013-06-18,2013-09-28,28,125.4
GJ,2013-10-01,2013-06-18,2013-09-28,0,166.0
GJ,2013-11-01,2013-06-18,2013-09-28,0,129.8
GJ,2013-12-01,2013-06-18,2013-09-28,0,81.5
GJ,2014-01-01,2014-06-17,2014-09-28,0,158.8
GJ,2014-02-01,2014-06-17,2014-09-28,0,36.2
GJ,2014-03-01,2014-06-17,2014-09-28,0,102.0
GJ,2014-04-01,2014-06-17,2014-09-28,0,110.4
GJ,2014-05-01,2014-06-17,2014-09-28,0,121.9
GJ,2014-06-01,2014-06-17,2014-09-28,14,75.9
GJ,2014-07-01,2014-06-17,2014-09-28,31,81.5
GJ,2014-08-01,2014-06-17,2014-09-28,31,67.6
GJ,2014-09-01,2014-06-17,2014-09-28,28,66.8
GJ,2014-10-01,2014-06-17,2014-09-28,0,77.5
GJ,2014-11-01,2014-06-17,2014-09-28,0,93.5
GJ,2014-12-01,2014-06-17,2014-09-28,0,79.1
GJ,2015-01-01,2015-06-13,2015-09-26,0,70.0
GJ,2015-02-01,2015-06-13,2015-09-26,0,30.0
GJ,2015-03-01,2015-06-13,2015-09-26,0,125.9
GJ,2015-04-01,2015-06-13,2015-09-26,0,98.6
GJ,2015-05-01,2015-06-13,2015-09-26,0,113.1
GJ,2015-06-01,2015-06-13,2015-09-26,18,72.1
GJ,2015-07-01,2015-06-13,2015-09-26,31,54.5
GJ,2015-08-01,2015-06-13,2015-09-26,31,59.6
GJ,2015-09-01,2015-06-13,2015-09-26,26,64.6
GJ,2015-10-01,2015-06-13,2015-09-26,0,111.4
GJ,2015-11-01,2015-06-13,2015-09-26,0,72.1
GJ,2015-12-01,2015-06-13,2015-09-26,0,63.5
GJ,2016-01-01,2016-06-15,2016-09-22,0,131.0
GJ,2016-02-01,2016-06-15,2016-09-22,0,27.5
GJ,2016-03-01,2016-06-15,2016-09-22,0,103.5
GJ,2016-04-01,2016-06-15,2016-09-22,0,97.6
GJ,2016-05-01,2016-06-15,2016-09-22,0,93.0
GJ,2016-06-01,2016-06-15,2016-09-22,16,198.9
GJ,2016-07-01,2016-06-15,2016-09-22,31,161.9
GJ,2016-08-01,2016-06-15,2016-09-22,31,157.5
GJ,2016-09-01,2016-06-15,2016-09-22,22,149.1
GJ,2016-10-01,2016-06-15,2016-09-22,0,175.3
GJ,2016-11-01,2016-06-15,2016-09-22,0,129.8
GJ,2016-12-01,2016-06-15,2016-09-22,0,141.6
GJ,2017-01-01,2017-06-24,2017-10-04,0,92.2
GJ,2017-02-01,2017-06-24,2017-10-04,0,114.6
GJ,2017-03-01,2017-06-24,2017-10-04,0,79.6
GJ,2017-04-01,2017-06-24,2017-10-04,0,56.0
GJ,2017-05-01,2017-06-24,2017-10-04,0,171.6
GJ,2017-06-01,2017-06-24,2017-10-04,7,128.3
GJ,2017-07-01,2017-06-24,2017-10-04,31,102.7
GJ,2017-08-01,2017-06-24,2017-10-04,31,106.0
GJ,2017-09-01,2017-06-24,2017-10-04,30,98.7
GJ,2017-10-01,2017-06-24,2017-10-04,4,94.6
GJ,2017-11-01,2017-06-24,2017-10-04,0,152.4
GJ,2017-12-01,2017-06-24,2017-10-04,0,124.0
GJ,2018-01-01,2018-06-19,2018-09-28,0,74.6
GJ,2018-02-01,2018-06-19,2018-09-28,0,116.1
GJ,2018-03-01,2018-06-19,2018-09-28,0,180.6
GJ,2018-04-01,2018-06-19,2018-09-28,0,99.4
GJ,2018-05-01,2018-06-19,2018-09-28,0,112.6
GJ,2018-06-01,2018-06-19,2018-09-28,12,80.9
GJ,2018-07-01,2018-06-19,2018-09-28,31,64.5
GJ,2018-08-01,2018-06-19,2018-09-28,31,71.6
GJ,2018-09-01,2018-06-19,2018-09-28,28,121.5
GJ,2018-10-01,2018-06-19,2018-09-28,0,32.8
GJ,2018-11-01,2018-06-19,2018-09-28,0,146.1
GJ,2018-12-01,2018-06-19,2018-09-28,0,55.0
GJ,2019-01-01,2019-06-24,2019-10-03,0,132.8
GJ,2019-02-01,2019-06-24,2019-10-03,0,106.9
GJ,2019-03-01,2019-06-24,2019-10-03,0,94.5
GJ,2019-04-01,2019-06-24,2019-10-03,0,129.0
GJ,2019-05-01,2019-06-24,2019-10-03,0,79.9
GJ,2019-06-01,2019-06-24,2019-10-03,7,120.4
GJ,2019-07-01,2019-06-24,2019-10-03,31,82.3
GJ,2019-08-01,2019-06-24,2019-10-03,31,65.8
GJ,2019-09-01,2019-06-24,2019-10-03,30,78.2
GJ,2019-10-01,2019-06-24,2019-10-03,3,64.4
GJ,2019-11-01,2019-06-24,2019-10-03,0,83.5
GJ,2019-12-01,2019-06-24,2019-10-03,0,138.0
GJ,2020-01-01,2020-06-14,2020-09-18,0,66.1
GJ,2020-02-01,2020-06-14,2020-09-18,0,113.7
GJ,2020-03-01,2020-06-14,2020-09-18,0,114.7
GJ,2020-04-01,2020-06-14,2020-09-18,0,167.9
GJ,2020-05-01,2020-06-14,2020-09-18,0,74.1
GJ,2020-06-01,2020-06-14,2020-09-18,17,71.5
GJ,2020-07-01,2020-06-14,2020-09-18,31,104.8
GJ,2020-08-01,2020-06-14,2020-09-18,31,68.9
GJ,2020-09-01,2020-06-14,2020-09-18,18,65.2
GJ,2020-10-01,2020-06-14,2020-09-18,0,67.1
GJ,2020-11-01,2020-06-14,2020-09-18,0,101.8
GJ,2020-12-01,2020-06-14,2020-09-18,0,132.7
GJ,2021-01-01,2021-06-21,2021-10-15,0,63.4
GJ,2021-02-01,2021-06-21,2021-10-15,0,127.7
GJ,2021-03-01,2021-06-21,2021-10-15,0,103.3
GJ,2021-04-01,2021-06-21,2021-10-15,0,117.7
GJ,2021-05-01,2021-06-21,2021-10-15,0,120.3
GJ,2021-06-01,2021-06-21,2021-10-15,10,105.9
GJ,2021-07-01,2021-06-21,2021-10-15,31,105.3
GJ,2021-08-01,2021-06-21,2021-10-15,31,92.7
GJ,2021-09-01,2021-06-21,2021-10-15,30,128.8
GJ,2021-10-01,2021-06-21,2021-10-15,15,127.6
GJ,2021-11-01,2021-06-21,2021-10-15,0,119.4
GJ,2021-12-01,2021-06-21,2021-10-15,0,80.0
GJ,2022-01-01,2022-06-22,2022-10-14,0,82.9
GJ,2022-02-01,2022-06-22,2022-10-14,0,100.5
GJ,2022-03-01,2022-06-22,2022-10-14,0,132.1
GJ,2022-04-01,2022-06-22,2022-10-14,0,133.1
GJ,2022-05-01,2022-06-22,2022-10-14,0,100.9
GJ,2022-06-01,2022-06-22,2022-10-14,9,79.1
GJ,2022-07-01,2022-06-22,2022-10-14,31,116.7
GJ,2022-08-01,2022-06-22,2022-10-14,31,63.4
GJ,2022-09-01,2022-06-22,2022-10-14,30,97.8
GJ,2022-10-01,2022-06-22,2022-10-14,14,127.3
GJ,2022-11-01,2022-06-22,2022-10-14,0,91.8
GJ,2022-12-01,2022-06-22,2022-10-14,0,94.9
GJ,2023-01-01,2023-06-28,2023-10-13,0,88.4
GJ,2023-02-01,2023-06-28,2023-10-13,0,123.8
GJ,2023-03-01,2023-06-28,2023-10-13,0,136.2
GJ,2023-04-01,2023-06-28,2023-10-13,0,18.3
GJ,2023-05-01,2023-06-28,2023-10-13,0,79.0
GJ,2023-06-01,2023-06-28,2023-10-13,3,164.6
GJ,2023-07-01,2023-06-28,2023-10-13,31,106.9
GJ,2023-08-01,2023-06-28,2023-10-13,31,100.8
GJ,2023-09-01,2023-06-28,2023-10-13,30,144.1
GJ,2023-10-01,2023-06-28,2023-10-13,13,117.4
GJ,2023-11-01,2023-06-28,2023-10-13,0,88.3
GJ,2023-12-01,2023-06-28,2023-10-13,0,128.1
GJ,2024-01-01,2024-06-19,2024-09-29,0,143.7
GJ,2024-02-01,2024-06-19,2024-09-29,0,98.8
GJ,2024-03-01,2024-06-19,2024-09-29,0,120.1
GJ,2024-04-01,2024-06-19,2024-09-29,0,103.0
GJ,2024-05-01,2024-06-19,2024-09-29,0,90.2
GJ,2024-06-01,2024-06-19,2024-09-29,12,95.8
GJ,2024-07-01,2024-06-19,2024-09-29,31,109.8
GJ,2024-08-01,2024-06-19,2024-09-29,31,101.5
GJ,2024-09-01,2024-06-19,2024-09-29,29,131.8
GJ,2024-10-01,2024-06-19,2024-09-29,0,73.2
GJ,2024-11-01,2024-06-19,2024-09-29,0,86.3
GJ,2024-12-01,2024-06-19,2024-09-29,0,93.0
GJ,2025-01-01,2025-06-14,2025-09-28,0,99.0
GJ,2025-02-01,2025-06-14,2025-09-28,0,111.0
GJ,2025-03-01,2025-06-14,2025-09-28,0,87.2
GJ,2025-04-01,2025-06-14,2025-09-28,0,100.5
GJ,2025-05-01,2025-06-14,2025-09-28,0,86.0
GJ,2025-06-01,2025-06-14,2025-09-28,17,114.1
GJ,2025-07-01,2025-06-14,2025-09-28,31,113.1
GJ,2025-08-01,2025-06-14,2025-09-28,31,82.6
GJ,2025-09-01,2025-06-14,2025-09-28,28,170.6
GJ,2025-10-01,2025-06-14,2025-09-28,0,78.7
GJ,2025-11-01,2025-06-14,2025-09-28,0,55.9
GJ,2025-12-01,2025-06-14,2025-09-28,0,50.7
GJ,2026-01-01,2026-06-16,2026-10-11,0,80.9
GJ,2026-02-01,2026-06-16,2026-10-11,0,80.3
GJ,2026-03-01,2026-06-16,2026-10-11,0,110.8
GJ,2026-04-01,2026-06-16,2026-10-11,0,119.6
GJ,2026-05-01,2026-06-16,2026-10-11,0,68.7
GJ,2026-06-01,2026-06-16,2026-10-11,15,71.9
GJ,2026-07-01,2026-06-16,2026-10-11,31,144.6
GJ,2026-08-01,2026-06-16,2026-10-11,31,120.1
GJ,2026-09-01,2026-06-16,2026-10-11,30,122.4
GJ,2026-10-01,2026-06-16,2026-10-11,11,109.1
GJ,2026-11-01,2026-06-16,2026-10-11,0,63.7
GJ,2026-12-01,2026-06-16,2026-10-11,0,0.0
HR,2012-01-01,2012-06-30,2012-09-14,0,86.8
HR,2012-02-01,2012-06-30,2012-09-14,0,108.0
HR,2012-03-01,2012-06-30,2012-09-14,0,10.0
HR,2012-04-01,2012-06-30,2012-09-14,0,126.1
HR,2012-05-01,2012-06-30,2012-09-14,0,145.5
HR,2012-06-01,2012-06-30,2012-09-14,1,86.3
HR,2012-07-01,2012-06-30,2012-09-14,31,122.3
HR,2012-08-01,2012-06-30,2012-09-14,31,93.1
HR,2012-09-01,2012-06-30,2012-09-14,14,99.9
HR,2012-10-01,2012-06-30,2012-09-14,0,107.1
HR,2012-11-01,2012-06-30,2012-09-14,0,75.0
HR,2012-12-01,2012-06-30,2012-09-14,0,91.1
HR,2013-01-01,2013-06-29,2013-09-28,0,0.0
HR,2013-02-01,2013-06-29,2013-09-28,0,69.7
HR,2013-03-01,2013-06-29,2013-09-28,0,74.5
HR,2013-04-01,2013-06-29,2013-09-28,0,93.7
HR,2013-05-01,2013-06-29,2013-09-28,0,32.3
HR,2013-06-01,2013-06-29,2013-09-28,2,77.3
HR,2013-07-01,2013-06-29,2013-09-28,31,101.4
HR,2013-08-01,2013-06-29,2013-09-28,31,102.5
HR,2013-09-01,2013-06-29,2013-09-28,28,112.1
HR,2013-10-01,2013-06-29,2013-09-28,0,107.7
HR,2013-11-01,2013-06-29,2013-09-28,0,74.1
HR,2013-12-01,2013-06-29,2013-09-28,0,153.4
HR,2014-01-01,2014-07-02,2014-09-07,0,140.7
HR,2014-02-01,2014-07-02,2014-09-07,0,149.0
HR,2014-03-01,2014-07-02,2014-09-07,0,140.2
HR,2014-04-01,2014-07-02,2014-09-07,0,123.4
HR,2014-05-01,2014-07-02,2014-09-07,0,143.1
HR,2014-06-01,2014-07-02,2014-09-07,0,180.5
HR,2014-07-01,2014-07-02,2014-09-07,30,86.7
HR,2014-08-01,2014-07-02,2014-09-07,31,84.5
HR,2014-09-01,2014-07-02,2014-09-07,7,98.6
HR,2014-10-01,2014-07-02,2014-09-07,0,166.1
HR,2014-11-01,2014-07-02,2014-09-07,0,82.6
HR,2014-12-01,2014-07-02,2014-09-07,0,96.8
HR,2015-01-01,2015-06-21,2015-09-28,0,143.2
HR,2015-02-01,2015-06-21,2015-09-28,0,94.3
HR,2015-03-01,2015-06-21,2015-09-28,0,180.6
HR,2015-04-01,2015-06-21,2015-09-28,0,100.4
HR,2015-05-01,2015-06-21,2015-09-28,0,173.4
HR,2015-06-01,2015-06-21,2015-09-28,10,77.6
HR,2015-07-01,2015-06-21,2015-09-28,31,150.7
HR,2015-08-01,2015-06-21,2015-09-28,31,123.4
HR,2015-09-01,2015-06-21,2015-09-28,28,76.9
HR,2015-10-01,2015-06-21,2015-09-28,0,76.9
HR,2015-11-01,2015-06-21,2015-09-28,0,97.5
HR,2015-12-01,2015-06-21,2015-09-28,0,179.5
HR,2016-01-01,2016-06-14,2016-09-09,0,135.3
HR,2016-02-01,2016-06-14,2016-09-09,0,93.4
HR,2016-03-01,2016-06-14,2016-09-09,0,75.5
HR,2016-04-01,2016-06-14,2016-09-09,0,174.9
HR,2016-05-01,2016-06-14,2016-09-09,0,95.7
HR,2016-06-01,2016-06-14,2016-09-09,17,72.4
HR,2016-07-01,2016-06-14,2016-09-09,31,108.6
HR,2016-08-01,2016-06-14,2016-09-09,31,101.6
HR,2016-09-01,2016-06-14,2016-09-09,9,106.7
HR,2016-10-01,2016-06-14,2016-09-09,0,92.3
HR,2016-11-01,2016-06-14,2016-09-09,0,123.3
HR,2016-12-01,2016-06-14,2016-09-09,0,161.3
HR,2017-01-01,2017-06-30,2017-09-20,0,135.4
HR,2017-02-01,2017-06-30,2017-09-20,0,143.7
HR,2017-03-01,2017-06-30,2017-09-20,0,128.7
HR,2017-04-01,2017-06-30,2017-09-20,0,54.9
HR,2017-05-01,2017-06-30,2017-09-20,0,100.0
HR,2017-06-01,2017-06-30,2017-09-20,1,108.8
HR,2017-07-01,2017-06-30,2017-09-20,31,100.1
HR,2017-08-01,2017-06-30,2017-09-20,31,97.4
HR,2017-09-01,2017-06-30,2017-09-20,20,91.7
HR,2017-10-01,2017-06-30,2017-09-20,0,134.1
HR,2017-11-01,2017-06-30,2017-09-20,0,79.2
HR,2017-12-01,2017-06-30,2017-09-20,0,93.8
HR,2018-01-01,2018-06-26,2018-10-02,0,104.8
HR,2018-02-01,2018-06-26,2018-10-02,0,97.2
HR,2018-03-01,2018-06-26,2018-10-02,0,117.6
HR,2018-04-01,2018-06-26,2018-10-02,0,70.6
HR,2018-05-01,2018-06-26,2018-10-02,0,75.1
HR,2018-06-01,2018-06-26,2018-10-02,5,91.8
HR,2018-07-01,2018-06-26,2018-10-02,31,82.6
HR,2018-08-01,2018-06-26,2018-10-02,31,73.1
HR,2018-09-01,2018-06-26,2018-10-02,30,75.5
HR,2018-10-01,2018-06-26,2018-10-02,2,74.8
HR,2018-11-01,2018-06-26,2018-10-02,0,100.6
HR,2018-12-01,2018-06-26,2018-10-02,0,80.5
HR,2019-01-01,2019-07-08,2019-09-23,0,133.2
HR,2019-02-01,2019-07-08,2019-09-23,0,160.5
HR,2019-03-01,2019-07-08,2019-09-23,0,107.9
HR,2019-04-01,2019-07-08,2019-09-23,0,89.0
HR,2019-05-01,2019-07-08,2019-09-23,0,51.3
HR,2019-06-01,2019-07-08,2019-09-23,0,35.1
HR,2019-07-01,2019-07-08,2019-09-23,24,64.9
HR,2019-08-01,2019-07-08,2019-09-23,31,72.5
HR,2019-09-01,2019-07-08,2019-09-23,23,52.4
HR,2019-10-01,2019-07-08,2019-09-23,0,83.4
HR,2019-11-01,2019-07-08,2019-09-23,0,73.0
HR,2019-12-01,2019-07-08,2019-09-23,0,105.7
HR,2020-01-01,2020-06-28,2020-09-23,0,67.1
HR,2020-02-01,2020-06-28,2020-09-23,0,98.7
HR,2020-03-01,2020-06-28,2020-09-23,0,71.0
HR,2020-04-01,2020-06-28,2020-09-23,0,129.1
HR,2020-05-01,2020-06-28,2020-09-23,0,102.9
HR,2020-06-01,2020-06-28,2020-09-23,3,106.6
HR,2020-07-01,2020-06-28,2020-09-23,31,74.8
HR,2020-08-01,2020-06-28,2020-09-23,31,101.2
HR,2020-09-01,2020-06-28,2020-09-23,23,94.9
HR,2020-10-01,2020-06-28,2020-09-23,0,117.2
HR,2020-11-01,2020-06-28,2020-09-23,0,121.4
HR,2020-12-01,2020-06-28,2020-09-23,0,81.5
HR,2021-01-01,2021-06-29,2021-10-04,0,152.9
HR,2021-02-01,2021-06-29,2021-10-04,0,62.5
HR,2021-03-01,2021-06-29,2021-10-04,0,51.5
HR,2021-04-01,2021-06-29,2021-10-04,0,106.6
HR,2021-05-01,2021-06-29,2021-10-04,0,123.2
HR,2021-06-01,2021-06-29,2021-10-04,2,101.7
HR,2021-07-01,2021-06-29,2021-10-04,31,128.1
HR,2021-08-01,2021-06-29,2021-10-04,31,112.5
HR,2021-09-01,2021-06-29,2021-10-04,30,89.2
HR,2021-10-01,2021-06-29,2021-10-04,4,114.5
HR,2021-11-01,2021-06-29,2021-10-04,0,119.2
HR,2021-12-01,2021-06-29,2021-10-04,0,93.2
HR,2022-01-01,2022-07-12,2022-10-02,0,56.7
HR,2022-02-01,2022-07-12,2022-10-02,0,114.6
HR,2022-03-01,2022-07-12,2022-10-02,0,68.5
HR,2022-04-01,2022-07-12,2022-10-02,0,80.7
HR,2022-05-01,2022-07-12,2022-10-02,0,141.4
HR,2022-06-01,2022-07-12,2022-10-02,0,36.4
HR,2022-07-01,2022-07-12,2022-10-02,20,115.6
HR,2022-08-01,2022-07-12,2022-10-02,31,84.1
HR,2022-09-01,2022-07-12,2022-10-02,30,94.3
HR,2022-10-01,2022-07-12,2022-10-02,2,77.6
HR,2022-11-01,2022-07-12,2022-10-02,0,104.7
HR,2022-12-01,2022-07-12,2022-10-02,0,156.6
HR,2023-01-01,2023-07-11,2023-09-15,0,122.5
HR,2023-02-01,2023-07-11,2023-09-15,0,111.8
HR,2023-03-01,2023-07-11,2023-09-15,0,133.1
HR,2023-04-01,2023-07-11,2023-09-15,0,85.8
HR,2023-05-01,2023-07-11,2023-09-15,0,139.8
HR,2023-06-01,2023-07-11,2023-09-15,0,51.3
HR,2023-07-01,2023-07-11,2023-09-15,21,129.7
HR,2023-08-01,2023-07-11,2023-09-15,31,149.2
HR,2023-09-01,2023-07-11,2023-09-15,15,139.9
HR,2023-10-01,2023-07-11,2023-09-15,0,139.3
HR,2023-11-01,2023-07-11,2023-09-15,0,74.7
HR,2023-12-01,2023-07-11,2023-09-15,0,88.6
HR,2024-01-01,2024-06-26,2024-09-25,0,127.9
HR,2024-02-01,2024-06-26,2024-09-25,0,117.6
HR,2024-03-01,2024-06-26,2024-09-25,0,151.9
HR,2024-04-01,2024-06-26,2024-09-25,0,143.0
HR,2024-05-01,2024-06-26,2024-09-25,0,84.2
HR,2024-06-01,2024-06-26,2024-09-25,5,105.5
HR,2024-07-01,2024-06-26,2024-09-25,31,63.7
HR,2024-08-01,2024-06-26,2024-09-25,31,82.8
HR,2024-09-01,2024-06-26,2024-09-25,25,69.8
HR,2024-10-01,2024-06-26,2024-09-25,0,104.6
HR,2024-11-01,2024-06-26,2024-09-25,0,71.8
HR,2024-12-01,2024-06-26,2024-09-25,0,110.1
HR,2025-01-01,2025-07-04,2025-09-25,0,71.1
HR,2025-02-01,2025-07-04,2025-09-25,0,86.5
HR,2025-03-01,2025-07-04,2025-09-25,0,187.2
HR,2025-04-01,2025-07-04,2025-09-25,0,121.5
HR,2025-05-01,2025-07-04,2025-09-25,0,101.7
HR,2025-06-01,2025-07-04,2025-09-25,0,194.0
HR,2025-07-01,2025-07-04,2025-09-25,28,84.0
HR,2025-08-01,2025-07-04,2025-09-25,31,78.5
HR,2025-09-01,2025-07-04,2025-09-25,25,95.1
HR,2025-10-01,2025-07-04,2025-09-25,0,69.2
HR,2025-11-01,2025-07-04,2025-09-25,0,154.0
HR,2025-12-01,2025-07-04,2025-09-25,0,84.1
HR,2026-01-01,2026-07-01,2026-10-08,0,121.8
HR,2026-02-01,2026-07-01,2026-10-08,0,160.5
HR,2026-03-01,2026-07-01,2026-10-08,0,134.5
HR,2026-04-01,2026-07-01,2026-10-08,0,56.2
HR,2026-05-01,2026-07-01,2026-10-08,0,176.8
HR,2026-06-01,2026-07-01,2026-10-08,0,98.1
HR,2026-07-01,2026-07-01,2026-10-08,31,110.3
HR,2026-08-01,2026-07-01,2026-10-08,31,113.5
HR,2026-09-01,2026-07-01,2026-10-08,30,119.3
HR,2026-10-01,2026-07-01,2026-10-08,8,130.0
HR,2026-11-01,2026-07-01,2026-10-08,0,39.3
HR,2026-12-01,2026-07-01,2026-10-08,0,114.3
HP,2012-01-01,2012-06-25,2012-09-27,0,115.6
HP,2012-02-01,2012-06-25,2012-09-27,0,137.6
HP,2012-03-01,2012-06-25,2012-09-27,0,132.4
HP,2012-04-01,2012-06-25,2012-09-27,0,60.8
HP,2012-05-01,2012-06-25,2012-09-27,0,105.0
HP,2012-06-01,2012-06-25,2012-09-27,6,132.4
HP,2012-07-01,2012-06-25,2012-09-27,31,166.8
HP,2012-08-01,2012-06-25,2012-09-27,31,98.1
HP,2012-09-01,2012-06-25,2012-09-27,27,121.8
HP,2012-10-01,2012-06-25,2012-09-27,0,58.1
HP,2012-11-01,2012-06-25,2012-09-27,0,81.3
HP,2012-12-01,2012-06-25,2012-09-27,0,96.1
HP,2013-01-01,2013-07-02,2013-09-04,0,62.9
HP,2013-02-01,2013-07-02,2013-09-04,0,75.5
HP,2013-03-01,2013-07-02,2013-09-04,0,85.5
HP,2013-04-01,2013-07-02,2013-09-04,0,129.3
HP,2013-05-01,2013-07-02,2013-09-04,0,62.9
HP,2013-06-01,2013-07-02,2013-09-04,0,47.0
HP,2013-07-01,2013-07-02,2013-09-04,30,95.5
HP,2013-08-01,2013-07-02,2013-09-04,31,110.2
HP,2013-09-01,2013-07-02,2013-09-04,4,108.2
HP,2013-10-01,2013-07-02,2013-09-04,0,79.9
HP,2013-11-01,2013-07-02,2013-09-04,0,20.5
HP,2013-12-01,2013-07-02,2013-09-04,0,44.4
HP,2014-01-01,2014-06-24,2014-09-22,0,106.5
HP,2014-02-01,2014-06-24,2014-09-22,0,101.3
HP,2014-03-01,2014-06-24,2014-09-22,0,89.6
HP,2014-04-01,2014-06-24,2014-09-22,0,68.8
HP,2014-05-01,2014-06-24,2014-09-22,0,91.2
HP,2014-06-01,2014-06-24,2014-09-22,7,76.3
HP,2014-07-01,2014-06-24,2014-09-22,31,82.7
HP,2014-08-01,2014-06-24,2014-09-22,31,77.1
HP,2014-09-01,2014-06-24,2014-09-22,22,84.4
HP,2014-10-01,2014-06-24,2014-09-22,0,53.1
HP,2014-11-01,2014-06-24,2014-09-22,0,119.7
HP,2014-12-01,2014-06-24,2014-09-22,0,106.6
HP,2015-01-01,2015-06-18,2015-09-22,0,147.0
HP,2015-02-01,2015-06-18,2015-09-22,0,163.9
HP,2015-03-01,2015-06-18,2015-09-22,0,79.5
HP,2015-04-01,2015-06-18,2015-09-22,0,106.3
HP,2015-05-01,2015-06-18,2015-09-22,0,70.1
HP,2015-06-01,2015-06-18,2015-09-22,13,87.4
HP,2015-07-01,2015-06-18,2015-09-22,31,75.6
HP,2015-08-01,2015-06-18,2015-09-22,31,67.1
HP,2015-09-01,2015-06-18,2015-09-22,22,85.0
HP,2015-10-01,2015-06-18,2015-09-22,0,143.6
HP,2015-11-01,2015-06-18,2015-09-22,0,97.7
HP,2015-12-01,2015-06-18,2015-09-22,0,109.5
HP,2016-01-01,2016-07-05,2016-09-20,0,42.0
HP,2016-02-01,2016-07-05,2016-09-20,0,117.4
HP,2016-03-01,2016-07-05,2016-09-20,0,82.5
HP,2016-04-01,2016-07-05,2016-09-20,0,41.0
HP,2016-05-01,2016-07-05,2016-09-20,0,132.7
HP,2016-06-01,2016-07-05,2016-09-20,0,116.3
HP,2016-07-01,2016-07-05,2016-09-20,27,153.4
HP,2016-08-01,2016-07-05,2016-09-20,31,112.4
HP,2016-09-01,2016-07-05,2016-09-20,20,111.7
HP,2016-10-01,2016-07-05,2016-09-20,0,56.5
HP,2016-11-01,2016-07-05,2016-09-20,0,113.8
HP,2016-12-01,2016-07-05,2016-09-20,0,159.3
HP,2017-01-01,2017-07-11,2017-09-29,0,125.9
HP,2017-02-01,2017-07-11,2017-09-29,0,122.9
HP,2017-03-01,2017-07-11,2017-09-29,0,69.4
HP,2017-04-01,2017-07-11,2017-09-29,0,58.2
HP,2017-05-01,2017-07-11,2017-09-29,0,27.8
HP,2017-06-01,2017-07-11,2017-09-29,0,102.1
HP,2017-07-01,2017-07-11,2017-09-29,21,92.7
HP,2017-08-01,2017-07-11,2017-09-29,31,75.3
HP,2017-09-01,2017-07-11,2017-09-29,29,73.7
HP,2017-10-01,2017-07-11,2017-09-29,0,136.3
HP,2017-11-01,2017-07-11,2017-09-29,0,102.3
HP,2017-12-01,2017-07-11,2017-09-29,0,81.5
HP,2018-01-01,2018-06-25,2018-10-06,0,18.5
HP,2018-02-01,2018-06-25,2018-10-06,0,90.8
HP,2018-03-01,2018-06-25,2018-10-06,0,85.0
HP,2018-04-01,2018-06-25,2018-10-06,0,97.8
HP,2018-05-01,2018-06-25,2018-10-06,0,85.3
HP,2018-06-01,2018-06-25,2018-10-06,6,128.1
HP,2018-07-01,2018-06-25,2018-10-06,31,105.2
HP,2018-08-01,2018-06-25,2018-10-06,31,79.9
HP,2018-09-01,2018-06-25,2018-10-06,30,126.6
HP,2018-10-01,2018-06-25,2018-10-06,6,78.9
HP,2018-11-01,2018-06-25,2018-10-06,0,175.5
HP,2018-12-01,2018-06-25,2018-10-06,0,112.9
HP,2019-01-01,2019-07-05,2019-09-27,0,88.1
HP,2019-02-01,2019-07-05,2019-09-27,0,80.1
HP,2019-03-01,2019-07-05,2019-09-27,0,101.8
HP,2019-04-01,2019-07-05,2019-09-27,0,55.6
HP,2019-05-01,2019-07-05,2019-09-27,0,105.1
HP,2019-06-01,2019-07-05,2019-09-27,0,71.2
HP,2019-07-01,2019-07-05,2019-09-27,27,68.9
HP,2019-08-01,2019-07-05,2019-09-27,31,111.3
HP,2019-09-01,2019-07-05,2019-09-27,27,94.8
HP,2019-10-01,2019-07-05,2019-09-27,0,159.1
HP,2019-11-01,2019-07-05,2019-09-27,0,122.7
HP,2019-12-01,2019-07-05,2019-09-27,0,118.1
HP,2020-01-01,2020-07-03,2020-09-22,0,103.7
HP,2020-02-01,2020-07-03,2020-09-22,0,77.2
HP,2020-03-01,2020-07-03,2020-09-22,0,147.5
HP,2020-04-01,2020-07-03,2020-09-22,0,42.3
HP,2020-05-01,2020-07-03,2020-09-22,0,127.3
HP,2020-06-01,2020-07-03,2020-09-22,0,151.0
HP,2020-07-01,2020-07-03,2020-09-22,29,80.3
HP,2020-08-01,2020-07-03,2020-09-22,31,87.9
HP,2020-09-01,2020-07-03,2020-09-22,22,66.4
HP,2020-10-01,2020-07-03,2020-09-22,0,53.1
HP,2020-11-01,2020-07-03,2020-09-22,0,49.6
HP,2020-12-01,2020-07-03,2020-09-22,0,95.0
HP,2021-01-01,2021-06-30,2021-09-26,0,107.1
HP,2021-02-01,2021-06-30,2021-09-26,0,67.9
HP,2021-03-01,2021-06-30,2021-09-26,0,123.4
HP,2021-04-01,2021-06-30,2021-09-26,0,117.6
HP,2021-05-01,2021-06-30,2021-09-26,0,80.2
HP,2021-06-01,2021-06-30,2021-09-26,1,88.3
HP,2021-07-01,2021-06-30,2021-09-26,31,116.5
HP,2021-08-01,2021-06-30,2021-09-26,31,89.3
HP,2021-09-01,2021-06-30,2021-09-26,26,86.7
HP,2021-10-01,2021-06-30,2021-09-26,0,61.7
HP,2021-11-01,2021-06-30,2021-09-26,0,65.2
HP,2021-12-01,2021-06-30,2021-09-26,0,17.5
HP,2022-01-01,2022-06-23,2022-09-26,0,86.3
HP,2022-02-01,2022-06-23,2022-09-26,0,117.1
HP,2022-03-01,2022-06-23,2022-09-26,0,69.3
HP,2022-04-01,2022-06-23,2022-09-26,0,129.2
HP,2022-05-01,2022-06-23,2022-09-26,0,109.7
HP,2022-06-01,2022-06-23,2022-09-26,8,49.2
HP,2022-07-01,2022-06-23,2022-09-26,31,59.4
HP,2022-08-01,2022-06-23,2022-09-26,31,124.3
HP,2022-09-01,2022-06-23,2022-09-26,26,61.3
HP,2022-10-01,2022-06-23,2022-09-26,0,102.1
HP,2022-11-01,2022-06-23,2022-09-26,0,147.7
HP,2022-12-01,2022-06-23,2022-09-26,0,74.2
HP,2023-01-01,2023-06-14,2023-09-24,0,87.0
HP,2023-02-01,2023-06-14,2023-09-24,0,85.3
HP,2023-03-01,2023-06-14,2023-09-24,0,109.1
HP,2023-04-01,2023-06-14,2023-09-24,0,59.7
HP,2023-05-01,2023-06-14,2023-09-24,0,145.7
HP,2023-06-01,2023-06-14,2023-09-24,17,52.7
HP,2023-07-01,2023-06-14,2023-09-24,31,66.1
HP,2023-08-01,2023-06-14,2023-09-24,31,84.9
HP,2023-09-01,2023-06-14,2023-09-24,24,87.7
HP,2023-10-01,2023-06-14,2023-09-24,0,82.5
HP,2023-11-01,2023-06-14,2023-09-24,0,9.7
HP,2023-12-01,2023-06-14,2023-09-24,0,106.1
HP,2024-01-01,2024-06-21,2024-09-25,0,157.9
HP,2024-02-01,2024-06-21,2024-09-25,0,63.8
HP,2024-03-01,2024-06-21,2024-09-25,0,101.8
HP,2024-04-01,2024-06-21,2024-09-25,0,107.9
HP,2024-05-01,2024-06-21,2024-09-25,0,156.4
HP,2024-06-01,2024-06-21,2024-09-25,10,116.8
HP,2024-07-01,2024-06-21,2024-09-25,31,90.0
HP,2024-08-01,2024-06-21,2024-09-25,31,85.5
HP,2024-09-01,2024-06-21,2024-09-25,25,108.5
HP,2024-10-01,2024-06-21,2024-09-25,0,113.9
HP,2024-11-01,2024-06-21,2024-09-25,0,160.6
HP,2024-12-01,2024-06-21,2024-09-25,0,94.5
HP,2025-01-01,2025-06-26,2025-09-23,0,97.1
HP,2025-02-01,2025-06-26,2025-09-23,0,157.4
HP,2025-03-01,2025-06-26,2025-09-23,0,128.9
HP,2025-04-01,2025-06-26,2025-09-23,0,116.2
HP,2025-05-01,2025-06-26,2025-09-23,0,15.7
HP,2025-06-01,2025-06-26,2025-09-23,5,142.9
HP,2025-07-01,2025-06-26,2025-09-23,31,119.0
HP,2025-08-01,2025-06-26,2025-09-23,31,135.8
HP,2025-09-01,2025-06-26,2025-09-23,23,159.8
HP,2025-10-01,2025-06-26,2025-09-23,0,126.1
HP,2025-11-01,2025-06-26,2025-09-23,0,124.9
HP,2025-12-01,2025-06-26,2025-09-23,0,136.8
HP,2026-01-01,2026-06-20,2026-10-08,0,117.2
HP,2026-02-01,2026-06-20,2026-10-08,0,162.1
HP,2026-03-01,2026-06-20,2026-10-08,0,103.8
HP,2026-04-01,2026-06-20,2026-10-08,0,72.0
HP,2026-05-01,2026-06-20,2026-10-08,0,131.1
HP,2026-06-01,2026-06-20,2026-10-08,11,99.0
HP,2026-07-01,2026-06-20,2026-10-08,31,120.3
HP,2026-08-01,2026-06-20,2026-10-08,31,98.0
HP,2026-09-01,2026-06-20,2026-10-08,30,164.7
HP,2026-10-01,2026-06-20,2026-10-08,8,111.2
HP,2026-11-01,2026-06-20,2026-10-08,0,86.9
HP,2026-12-01,2026-06-20,2026-10-08,0,35.4
JK,2012-01-01,2012-06-28,2012-10-03,0,71.1
JK,2012-02-01,2012-06-28,2012-10-03,0,78.1
JK,2012-03-01,2012-06-28,2012-10-03,0,112.2
JK,2012-04-01,2012-06-28,2012-10-03,0,85.1
JK,2012-05-01,2012-06-28,2012-10-03,0,72.6
JK,2012-06-01,2012-06-28,2012-10-03,3,77.7
JK,2012-07-01,2012-06-28,2012-10-03,31,151.7
JK,2012-08-01,2012-06-28,2012-10-03,31,96.8
JK,2012-09-01,2012-06-28,2012-10-03,30,103.4
JK,2012-10-01,2012-06-28,2012-10-03,3,91.8
JK,2012-11-01,2012-06-28,2012-10-03,0,74.4
JK,2012-12-01,2012-06-28,2012-10-03,0,116.5
JK,2013-01-01,2013-06-25,2013-09-28,0,189.2
JK,2013-02-01,2013-06-25,2013-09-28,0,123.3
JK,2013-03-01,2013-06-25,2013-09-28,0,105.8
JK,2013-04-01,2013-06-25,2013-09-28,0,90.4
JK,2013-05-01,2013-06-25,2013-09-28,0,105.9
JK,2013-06-01,2013-06-25,2013-09-28,6,87.3
JK,2013-07-01,2013-06-25,2013-09-28,31,73.6
JK,2013-08-01,2013-06-25,2013-09-28,31,92.7
JK,2013-09-01,2013-06-25,2013-09-28,28,89.4
JK,2013-10-01,2013-06-25,2013-09-28,0,132.8
JK,2013-11-01,2013-06-25,2013-09-28,0,45.7
JK,2013-12-01,2013-06-25,2013-09-28,0,97.1
JK,2014-01-01,2014-06-30,2014-09-24,0,98.0
JK,2014-02-01,2014-06-30,2014-09-24,0,121.8
JK,2014-03-01,2014-06-30,2014-09-24,0,87.9
JK,2014-04-01,2014-06-30,2014-09-24,0,123.8
JK,2014-05-01,2014-06-30,2014-09-24,0,144.4
JK,2014-06-01,2014-06-30,2014-09-24,1,123.4
JK,2014-07-01,2014-06-30,2014-09-24,31,115.0
JK,2014-08-01,2014-06-30,2014-09-24,31,137.0
JK,2014-09-01,2014-06-30,2014-09-24,24,157.0
JK,2014-10-01,2014-06-30,2014-09-24,0,117.9
JK,2014-11-01,2014-06-30,2014-09-24,0,113.9
JK,2014-12-01,2014-06-30,2014-09-24,0,72.0
JK,2015-01-01,2015-07-03,2015-10-05,0,85.3
JK,2015-02-01,2015-07-03,2015-10-05,0,80.7
JK,2015-03-01,2015-07-03,2015-10-05,0,93.4
JK,2015-04-01,2015-07-03,2015-10-05,0,106.7
JK,2015-05-01,2015-07-03,2015-10-05,0,131.3
JK,2015-06-01,2015-07-03,2015-10-05,0,125.8
JK,2015-07-01,2015-07-03,2015-10-05,29,141.6
JK,2015-08-01,2015-07-03,2015-10-05,31,94.4
JK,2015-09-01,2015-07-03,2015-10-05,30,168.0
JK,2015-10-01,2015-07-03,2015-10-05,5,121.0
JK,2015-11-01,2015-07-03,2015-10-05,0,36.4
JK,2015-12-01,2015-07-03,2015-10-05,0,76.4
JK,2016-01-01,2016-07-10,2016-09-14,0,109.2
JK,2016-02-01,2016-07-10,2016-09-14,0,29.3
JK,2016-03-01,2016-07-10,2016-09-14,0,45.3
JK,2016-04-01,2016-07-10,2016-09-14,0,52.9
JK,2016-05-01,2016-07-10,2016-09-14,0,75.8
JK,2016-06-01,2016-07-10,2016-09-14,0,120.3
JK,2016-07-01,2016-07-10,2016-09-14,22,114.5
JK,2016-08-01,2016-07-10,2016-09-14,31,118.2
JK,2016-09-01,2016-07-10,2016-09-14,14,138.9
JK,2016-10-01,2016-07-10,2016-09-14,0,55.3
JK,2016-11-01,2016-07-10,2016-09-14,0,88.4
JK,2016-12-01,2016-07-10,2016-09-14,0,96.6
JK,2017-01-01,2017-06-27,2017-09-24,0,149.3
JK,2017-02-01,2017-06-27,2017-09-24,0,139.0
JK,2017-03-01,2017-06-27,2017-09-24,0,55.5
JK,2017-04-01,2017-06-27,2017-09-24,0,73.9
JK,2017-05-01,2017-06-27,2017-09-24,0,54.1
JK,2017-06-01,2017-06-27,2017-09-24,4,109.2
JK,2017-07-01,2017-06-27,2017-09-24,31,95.8
JK,2017-08-01,2017-06-27,2017-09-24,31,59.0
JK,2017-09-01,2017-06-27,2017-09-24,24,78.9
JK,2017-10-01,2017-06-27,2017-09-24,0,122.7
JK,2017-11-01,2017-06-27,2017-09-24,0,118.2
JK,2017-12-01,2017-06-27,2017-09-24,0,102.4
JK,2018-01-01,2018-06-30,2018-09-12,0,99.6
JK,2018-02-01,2018-06-30,2018-09-12,0,97.8
JK,2018-03-01,2018-06-30,2018-09-12,0,138.9
JK,2018-04-01,2018-06-30,2018-09-12,0,89.3
JK,2018-05-01,2018-06-30,2018-09-12,0,95.9
JK,2018-06-01,2018-06-30,2018-09-12,1,118.6
JK,2018-07-01,2018-06-30,2018-09-12,31,114.3
JK,2018-08-01,2018-06-30,2018-09-12,31,99.9
JK,2018-09-01,2018-06-30,2018-09-12,12,110.9
JK,2018-10-01,2018-06-30,2018-09-12,0,112.2
JK,2018-11-01,2018-06-30,2018-09-12,0,106.3
JK,2018-12-01,2018-06-30,2018-09-12,0,125.4
JK,2019-01-01,2019-07-08,2019-10-12,0,51.7
JK,2019-02-01,2019-07-08,2019-10-12,0,77.6
JK,2019-03-01,2019-07-08,2019-10-12,0,99.7
JK,2019-04-01,2019-07-08,2019-10-12,0,140.5
JK,2019-05-01,2019-07-08,2019-10-12,0,57.3
JK,2019-06-01,2019-07-08,2019-10-12,0,124.1
JK,2019-07-01,2019-07-08,2019-10-12,24,83.9
JK,2019-08-01,2019-07-08,2019-10-12,31,112.2
JK,2019-09-01,2019-07-08,2019-10-12,30,129.6
JK,2019-10-01,2019-07-08,2019-10-12,12,126.3
JK,2019-11-01,2019-07-08,2019-10-12,0,148.5
JK,2019-12-01,2019-07-08,2019-10-12,0,125.1
JK,2020-01-01,2020-06-26,2020-09-20,0,85.4
JK,2020-02-01,2020-06-26,2020-09-20,0,41.2
JK,2020-03-01,2020-06-26,2020-09-20,0,79.2
JK,2020-04-01,2020-06-26,2020-09-20,0,76.9
JK,2020-05-01,2020-06-26,2020-09-20,0,92.2
JK,2020-06-01,2020-06-26,2020-09-20,5,80.0
JK,2020-07-01,2020-06-26,2020-09-20,31,47.4
JK,2020-08-01,2020-06-26,2020-09-20,31,88.6
JK,2020-09-01,2020-06-26,2020-09-20,20,63.4
JK,2020-10-01,2020-06-26,2020-09-20,0,56.0
JK,2020-11-01,2020-06-26,2020-09-20,0,37.4
JK,2020-12-01,2020-06-26,2020-09-20,0,115.0
JK,2021-01-01,2021-07-02,2021-09-30,0,63.3
JK,2021-02-01,2021-07-02,2021-09-30,0,123.1
JK,2021-03-01,2021-07-02,2021-09-30,0,32.1
JK,2021-04-01,2021-07-02,2021-09-30,0,88.0
JK,2021-05-01,2021-07-02,2021-09-30,0,79.9
JK,2021-06-01,2021-07-02,2021-09-30,0,92.3
JK,2021-07-01,2021-07-02,2021-09-30,30,104.1
JK,2021-08-01,2021-07-02,2021-09-30,31,110.6
JK,2021-09-01,2021-07-02,2021-09-30,30,101.0
JK,2021-10-01,2021-07-02,2021-09-30,0,19.2
JK,2021-11-01,2021-07-02,2021-09-30,0,102.8
JK,2021-12-01,2021-07-02,2021-09-30,0,135.7
JK,2022-01-01,2022-06-15,2022-10-08,0,160.2
JK,2022-02-01,2022-06-15,2022-10-08,0,82.0
JK,2022-03-01,2022-06-15,2022-10-08,0,36.2
JK,2022-04-01,2022-06-15,2022-10-08,0,117.1
JK,2022-05-01,2022-06-15,2022-10-08,0,132.7
JK,2022-06-01,2022-06-15,2022-10-08,16,79.4
JK,2022-07-01,2022-06-15,2022-10-08,31,123.5
JK,2022-08-01,2022-06-15,2022-10-08,31,139.7
JK,2022-09-01,2022-06-15,2022-10-08,30,107.0
JK,2022-10-01,2022-06-15,2022-10-08,8,84.4
JK,2022-11-01,2022-06-15,2022-10-08,0,115.5
JK,2022-12-01,2022-06-15,2022-10-08,0,117.3
JK,2023-01-01,2023-06-27,2023-09-25,0,64.9
JK,2023-02-01,2023-06-27,2023-09-25,0,132.4
JK,2023-03-01,2023-06-27,2023-09-25,0,108.7
JK,2023-04-01,2023-06-27,2023-09-25,0,134.9
JK,2023-05-01,2023-06-27,2023-09-25,0,88.6
JK,2023-06-01,2023-06-27,2023-09-25,4,179.7
JK,2023-07-01,2023-06-27,2023-09-25,31,193.3
JK,2023-08-01,2023-06-27,2023-09-25,31,112.3
JK,2023-09-01,2023-06-27,2023-09-25,25,105.9
JK,2023-10-01,2023-06-27,2023-09-25,0,168.2
JK,2023-11-01,2023-06-27,2023-09-25,0,110.7
JK,2023-12-01,2023-06-27,2023-09-25,0,75.3
JK,2024-01-01,2024-07-01,2024-09-12,0,95.1
JK,2024-02-01,2024-07-01,2024-09-12,0,130.1
JK,2024-03-01,2024-07-01,2024-09-12,0,115.9
JK,2024-04-01,2024-07-01,2024-09-12,0,100.3
JK,2024-05-01,2024-07-01,2024-09-12,0,76.0
JK,2024-06-01,2024-07-01,2024-09-12,0,93.8
JK,2024-07-01,2024-07-01,2024-09-12,31,121.2
JK,2024-08-01,2024-07-01,2024-09-12,31,81.8
JK,2024-09-01,2024-07-01,2024-09-12,12,112.2
JK,2024-10-01,2024-07-01,2024-09-12,0,91.0
JK,2024-11-01,2024-07-01,2024-09-12,0,139.8
JK,2024-12-01,2024-07-01,2024-09-12,0,49.3
JK,2025-01-01,2025-07-11,2025-10-14,0,128.9
JK,2025-02-01,2025-07-11,2025-10-14,0,71.7
JK,2025-03-01,2025-07-11,2025-10-14,0,106.8
JK,2025-04-01,2025-07-11,2025-10-14,0,140.9
JK,2025-05-01,2025-07-11,2025-10-14,0,74.8
JK,2025-06-01,2025-07-11,2025-10-14,0,103.5
JK,2025-07-01,2025-07-11,2025-10-14,21,61.7
JK,2025-08-01,2025-07-11,2025-10-14,31,120.6
JK,2025-09-01,2025-07-11,2025-10-14,30,118.8
JK,2025-10-01,2025-07-11,2025-10-14,14,99.1
JK,2025-11-01,2025-07-11,2025-10-14,0,113.3
JK,2025-12-01,2025-07-11,2025-10-14,0,96.7
JK,2026-01-01,2026-06-24,2026-10-10,0,166.8
JK,2026-02-01,2026-06-24,2026-10-10,0,73.9
JK,2026-03-01,2026-06-24,2026-10-10,0,123.0
JK,2026-04-01,2026-06-24,2026-10-10,0,133.4
JK,2026-05-01,2026-06-24,2026-10-10,0,60.3
JK,2026-06-01,2026-06-24,2026-10-10,7,103.8
JK,2026-07-01,2026-06-24,2026-10-10,31,115.4
JK,2026-08-01,2026-06-24,2026-10-10,31,127.8
JK,2026-09-01,2026-06-24,2026-10-10,30,99.4
JK,2026-10-01,2026-06-24,2026-10-10,10,116.5
JK,2026-11-01,2026-06-24,2026-10-10,0,114.7
JK,2026-12-01,2026-06-24,2026-10-10,0,111.2
JH,2012-01-01,2012-06-05,2012-10-08,0,156.1
JH,2012-02-01,2012-06-05,2012-10-08,0,108.9
JH,2012-03-01,2012-06-05,2012-10-08,0,22.6
JH,2012-04-01,2012-06-05,2012-10-08,0,66.3
JH,2012-05-01,2012-06-05,2012-10-08,0,152.4
JH,2012-06-01,2012-06-05,2012-10-08,26,102.4
JH,2012-07-01,2012-06-05,2012-10-08,31,112.5
JH,2012-08-01,2012-06-05,2012-10-08,31,116.6
JH,2012-09-01,2012-06-05,2012-10-08,30,87.8
JH,2012-10-01,2012-06-05,2012-10-08,8,86.0
JH,2012-11-01,2012-06-05,2012-10-08,0,96.1
JH,2012-12-01,2012-06-05,2012-10-08,0,76.4
JH,2013-01-01,2013-06-22,2013-10-19,0,104.2
JH,2013-02-01,2013-06-22,2013-10-19,0,101.7
JH,2013-03-01,2013-06-22,2013-10-19,0,126.5
JH,2013-04-01,2013-06-22,2013-10-19,0,142.6
JH,2013-05-01,2013-06-22,2013-10-19,0,31.9
JH,2013-06-01,2013-06-22,2013-10-19,9,134.5
JH,2013-07-01,2013-06-22,2013-10-19,31,86.0
JH,2013-08-01,2013-06-22,2013-10-19,31,95.2
JH,2013-09-01,2013-06-22,2013-10-19,30,105.8
JH,2013-10-01,2013-06-22,2013-10-19,19,115.7
JH,2013-11-01,2013-06-22,2013-10-19,0,199.1
JH,2013-12-01,2013-06-22,2013-10-19,0,85.1
JH,2014-01-01,2014-07-02,2014-10-15,0,160.5
JH,2014-02-01,2014-07-02,2014-10-15,0,87.7
JH,2014-03-01,2014-07-02,2014-10-15,0,183.5
JH,2014-04-01,2014-07-02,2014-10-15,0,33.9
JH,2014-05-01,2014-07-02,2014-10-15,0,94.4
JH,2014-06-01,2014-07-02,2014-10-15,0,121.0
JH,2014-07-01,2014-07-02,2014-10-15,30,107.1
JH,2014-08-01,2014-07-02,2014-10-15,31,76.2
JH,2014-09-01,2014-07-02,2014-10-15,30,91.9
JH,2014-10-01,2014-07-02,2014-10-15,15,84.3
JH,2014-11-01,2014-07-02,2014-10-15,0,48.4
JH,2014-12-01,2014-07-02,2014-10-15,0,89.9
JH,2015-01-01,2015-06-15,2015-11-09,0,95.4
JH,2015-02-01,2015-06-15,2015-11-09,0,63.4
JH,2015-03-01,2015-06-15,2015-11-09,0,72.0
JH,2015-04-01,2015-06-15,2015-11-09,0,103.9
JH,2015-05-01,2015-06-15,2015-11-09,0,117.9
JH,2015-06-01,2015-06-15,2015-11-09,16,87.8
JH,2015-07-01,2015-06-15,2015-11-09,31,122.8
JH,2015-08-01,2015-06-15,2015-11-09,31,91.7
JH,2015-09-01,2015-06-15,2015-11-09,30,121.5
JH,2015-10-01,2015-06-15,2015-11-09,31,106.3
JH,2015-11-01,2015-06-15,2015-11-09,9,114.7
JH,2015-12-01,2015-06-15,2015-11-09,0,62.5
JH,2016-01-01,2016-06-26,2016-10-16,0,91.3
JH,2016-02-01,2016-06-26,2016-10-16,0,93.3
JH,2016-03-01,2016-06-26,2016-10-16,0,125.2
JH,2016-04-01,2016-06-26,2016-10-16,0,52.4
JH,2016-05-01,2016-06-26,2016-10-16,0,67.1
JH,2016-06-01,2016-06-26,2016-10-16,5,95.9
JH,2016-07-01,2016-06-26,2016-10-16,31,86.4
JH,2016-08-01,2016-06-26,2016-10-16,31,100.9
JH,2016-09-01,2016-06-26,2016-10-16,30,63.2
JH,2016-10-01,2016-06-26,2016-10-16,16,125.4
JH,2016-11-01,2016-06-26,2016-10-16,0,86.2
JH,2016-12-01,2016-06-26,2016-10-16,0,0.9
JH,2017-01-01,2017-06-05,2017-10-08,0,116.1
JH,2017-02-01,2017-06-05,2017-10-08,0,100.6
JH,2017-03-01,2017-06-05,2017-10-08,0,0.0
JH,2017-04-01,2017-06-05,2017-10-08,0,73.1
JH,2017-05-01,2017-06-05,2017-10-08,0,65.8
JH,2017-06-01,2017-06-05,2017-10-08,26,57.0
JH,2017-07-01,2017-06-05,2017-10-08,31,95.6
JH,2017-08-01,2017-06-05,2017-10-08,31,98.3
JH,2017-09-01,2017-06-05,2017-10-08,30,85.3
JH,2017-10-01,2017-06-05,2017-10-08,8,94.0
JH,2017-11-01,2017-06-05,2017-10-08,0,163.7
JH,2017-12-01,2017-06-05,2017-10-08,0,173.0
JH,2018-01-01,2018-06-15,2018-10-31,0,74.0
JH,2018-02-01,2018-06-15,2018-10-31,0,108.1
JH,2018-03-01,2018-06-15,2018-10-31,0,80.3
JH,2018-04-01,2018-06-15,2018-10-31,0,121.1
JH,2018-05-01,2018-06-15,2018-10-31,0,91.3
JH,2018-06-01,2018-06-15,2018-10-31,16,87.5
JH,2018-07-01,2018-06-15,2018-10-31,31,82.3
JH,2018-08-01,2018-06-15,2018-10-31,31,109.1
JH,2018-09-01,2018-06-15,2018-10-31,30,134.3
JH,2018-10-01,2018-06-15,2018-10-31,31,59.2
JH,2018-11-01,2018-06-15,2018-10-31,0,111.6
JH,2018-12-01,2018-06-15,2018-10-31,0,75.6
JH,2019-01-01,2019-06-28,2019-10-11,0,88.5
JH,2019-02-01,2019-06-28,2019-10-11,0,56.8
JH,2019-03-01,2019-06-28,2019-10-11,0,115.4
JH,2019-04-01,2019-06-28,2019-10-11,0,98.2
JH,2019-05-01,2019-06-28,2019-10-11,0,112.3
JH,2019-06-01,2019-06-28,2019-10-11,3,53.8
JH,2019-07-01,2019-06-28,2019-10-11,31,96.1
JH,2019-08-01,2019-06-28,2019-10-11,31,31.7
JH,2019-09-01,2019-06-28,2019-10-11,30,66.4
JH,2019-10-01,2019-06-28,2019-10-11,11,53.4
JH,2019-11-01,2019-06-28,2019-10-11,0,107.5
JH,2019-12-01,2019-06-28,2019-10-11,0,160.6
JH,2020-01-01,2020-06-13,2020-10-12,0,146.0
JH,2020-02-01,2020-06-13,2020-10-12,0,167.7
JH,2020-03-01,2020-06-13,2020-10-12,0,78.5
JH,2020-04-01,2020-06-13,2020-10-12,0,49.8
JH,2020-05-01,2020-06-13,2020-10-12,0,134.9
JH,2020-06-01,2020-06-13,2020-10-12,18,89.7
JH,2020-07-01,2020-06-13,2020-10-12,31,74.4
JH,2020-08-01,2020-06-13,2020-10-12,31,90.6
JH,2020-09-01,2020-06-13,2020-10-12,30,101.6
JH,2020-10-01,2020-06-13,2020-10-12,12,88.0
JH,2020-11-01,2020-06-13,2020-10-12,0,138.2
JH,2020-12-01,2020-06-13,2020-10-12,0,138.1
JH,2021-01-01,2021-07-03,2021-10-23,0,120.1
JH,2021-02-01,2021-07-03,2021-10-23,0,172.5
JH,2021-03-01,2021-07-03,2021-10-23,0,130.2
JH,2021-04-01,2021-07-03,2021-10-23,0,68.0
JH,2021-05-01,2021-07-03,2021-10-23,0,133.3
JH,2021-06-01,2021-07-03,2021-10-23,0,102.1
JH,2021-07-01,2021-07-03,2021-10-23,29,61.0
JH,2021-08-01,2021-07-03,2021-10-23,31,44.4
JH,2021-09-01,2021-07-03,2021-10-23,30,72.1
JH,2021-10-01,2021-07-03,2021-10-23,23,75.4
JH,2021-11-01,2021-07-03,2021-10-23,0,67.3
JH,2021-12-01,2021-07-03,2021-10-23,0,104.2
JH,2022-01-01,2022-06-17,2022-10-19,0,123.1
JH,2022-02-01,2022-06-17,2022-10-19,0,141.1
JH,2022-03-01,2022-06-17,2022-10-19,0,106.0
JH,2022-04-01,2022-06-17,2022-10-19,0,125.7
JH,2022-05-01,2022-06-17,2022-10-19,0,110.3
JH,2022-06-01,2022-06-17,2022-10-19,14,57.1
JH,2022-07-01,2022-06-17,2022-10-19,31,66.7
JH,2022-08-01,2022-06-17,2022-10-19,31,79.8
JH,2022-09-01,2022-06-17,2022-10-19,30,79.4
JH,2022-10-01,2022-06-17,2022-10-19,19,101.8
JH,2022-11-01,2022-06-17,2022-10-19,0,101.7
JH,2022-12-01,2022-06-17,2022-10-19,0,92.0
JH,2023-01-01,2023-06-10,2023-10-13,0,59.1
JH,2023-02-01,2023-06-10,2023-10-13,0,109.8
JH,2023-03-01,2023-06-10,2023-10-13,0,142.9
JH,2023-04-01,2023-06-10,2023-10-13,0,163.1
JH,2023-05-01,2023-06-10,2023-10-13,0,90.1
JH,2023-06-01,2023-06-10,2023-10-13,21,81.1
JH,2023-07-01,2023-06-10,2023-10-13,31,152.2
JH,2023-08-01,2023-06-10,2023-10-13,31,113.7
JH,2023-09-01,2023-06-10,2023-10-13,30,95.3
JH,2023-10-01,2023-06-10,2023-10-13,13,118.2
JH,2023-11-01,2023-06-10,2023-10-13,0,102.1
JH,2023-12-01,2023-06-10,2023-10-13,0,102.0
JH,2024-01-01,2024-06-13,2024-10-23,0,93.8
JH,2024-02-01,2024-06-13,2024-10-23,0,155.6
JH,2024-03-01,2024-06-13,2024-10-23,0,106.9
JH,2024-04-01,2024-06-13,2024-10-23,0,87.0
JH,2024-05-01,2024-06-13,2024-10-23,0,112.3
JH,2024-06-01,2024-06-13,2024-10-23,18,123.8
JH,2024-07-01,2024-06-13,2024-10-23,31,150.3
JH,2024-08-01,2024-06-13,2024-10-23,31,129.0
JH,2024-09-01,2024-06-13,2024-10-23,30,151.8
JH,2024-10-01,2024-06-13,2024-10-23,23,160.5
JH,2024-11-01,2024-06-13,2024-10-23,0,71.9
JH,2024-12-01,2024-06-13,2024-10-23,0,87.3
JH,2025-01-01,2025-06-17,2025-10-12,0,104.0
JH,2025-02-01,2025-06-17,2025-10-12,0,144.1
JH,2025-03-01,2025-06-17,2025-10-12,0,134.0
JH,2025-04-01,2025-06-17,2025-10-12,0,106.3
JH,2025-05-01,2025-06-17,2025-10-12,0,136.8
JH,2025-06-01,2025-06-17,2025-10-12,14,112.3
JH,2025-07-01,2025-06-17,2025-10-12,31,79.4
JH,2025-08-01,2025-06-17,2025-10-12,31,90.7
JH,2025-09-01,2025-06-17,2025-10-12,30,91.7
JH,2025-10-01,2025-06-17,2025-10-12,12,74.5
JH,2025-11-01,2025-06-17,2025-10-12,0,146.6
JH,2025-12-01,2025-06-17,2025-10-12,0,88.3
JH,2026-01-01,2026-06-12,2026-10-14,0,142.4
JH,2026-02-01,2026-06-12,2026-10-14,0,61.1
JH,2026-03-01,2026-06-12,2026-10-14,0,112.7
JH,2026-04-01,2026-06-12,2026-10-14,0,109.5
JH,2026-05-01,2026-06-12,2026-10-14,0,57.7
JH,2026-06-01,2026-06-12,2026-10-14,19,117.3
JH,2026-07-01,2026-06-12,2026-10-14,31,86.2
JH,2026-08-01,2026-06-12,2026-10-14,31,96.1
JH,2026-09-01,2026-06-12,2026-10-14,30,67.2
JH,2026-10-01,2026-06-12,2026-10-14,14,102.8
JH,2026-11-01,2026-06-12,2026-10-14,0,104.9
JH,2026-12-01,2026-06-12,2026-10-14,0,93.6
KA,2012-01-01,2012-06-04,2012-10-27,0,117.5
KA,2012-02-01,2012-06-04,2012-10-27,0,52.0
KA,2012-03-01,2012-06-04,2012-10-27,0,102.8
KA,2012-04-01,2012-06-04,2012-10-27,0,80.3
KA,2012-05-01,2012-06-04,2012-10-27,0,123.8
KA,2012-06-01,2012-06-04,2012-10-27,27,83.7
KA,2012-07-01,2012-06-04,2012-10-27,31,82.3
KA,2012-08-01,2012-06-04,2012-10-27,31,145.7
KA,2012-09-01,2012-06-04,2012-10-27,30,84.8
KA,2012-10-01,2012-06-04,2012-10-27,27,88.1
KA,2012-11-01,2012-06-04,2012-10-27,0,113.4
KA,2012-12-01,2012-06-04,2012-10-27,0,84.1
KA,2013-01-01,2013-06-04,2013-11-02,0,82.4
KA,2013-02-01,2013-06-04,2013-11-02,0,103.4
KA,2013-03-01,2013-06-04,2013-11-02,0,68.8
KA,2013-04-01,2013-06-04,2013-11-02,0,66.6
KA,2013-05-01,2013-06-04,2013-11-02,0,77.5
KA,2013-06-01,2013-06-04,2013-11-02,27,85.5
KA,2013-07-01,2013-06-04,2013-11-02,31,118.8
KA,2013-08-01,2013-06-04,2013-11-02,31,107.8
KA,2013-09-01,2013-06-04,2013-11-02,30,87.4
KA,2013-10-01,2013-06-04,2013-11-02,31,78.2
KA,2013-11-01,2013-06-04,2013-11-02,2,113.5
KA,2013-12-01,2013-06-04,2013-11-02,0,169.4
KA,2014-01-01,2014-06-14,2014-10-06,0,156.8
KA,2014-02-01,2014-06-14,2014-10-06,0,108.9
KA,2014-03-01,2014-06-14,2014-10-06,0,83.6
KA,2014-04-01,2014-06-14,2014-10-06,0,111.4
KA,2014-05-01,2014-06-14,2014-10-06,0,43.6
KA,2014-06-01,2014-06-14,2014-10-06,17,71.0
KA,2014-07-01,2014-06-14,2014-10-06,31,77.6
KA,2014-08-01,2014-06-14,2014-10-06,31,91.4
KA,2014-09-01,2014-06-14,2014-10-06,30,92.7
KA,2014-10-01,2014-06-14,2014-10-06,6,71.0
KA,2014-11-01,2014-06-14,2014-10-06,0,88.1
KA,2014-12-01,2014-06-14,2014-10-06,0,99.4
KA,2015-01-01,2015-06-04,2015-10-08,0,65.6
KA,2015-02-01,2015-06-04,2015-10-08,0,99.7
KA,2015-03-01,2015-06-04,2015-10-08,0,121.4
KA,2015-04-01,2015-06-04,2015-10-08,0,154.0
KA,2015-05-01,2015-06-04,2015-10-08,0,77.0
KA,2015-06-01,2015-06-04,2015-10-08,27,92.7
KA,2015-07-01,2015-06-04,2015-10-08,31,109.0
KA,2015-08-01,2015-06-04,2015-10-08,31,88.3
KA,2015-09-01,2015-06-04,2015-10-08,30,89.5
KA,2015-10-01,2015-06-04,2015-10-08,8,69.8
KA,2015-11-01,2015-06-04,2015-10-08,0,94.6
KA,2015-12-01,2015-06-04,2015-10-08,0,95.9
KA,2016-01-01,2016-05-26,2016-10-18,0,68.7
KA,2016-02-01,2016-05-26,2016-10-18,0,101.2
KA,2016-03-01,2016-05-26,2016-10-18,0,83.4
KA,2016-04-01,2016-05-26,2016-10-18,0,87.8
KA,2016-05-01,2016-05-26,2016-10-18,6,100.9
KA,2016-06-01,2016-05-26,2016-10-18,30,131.0
KA,2016-07-01,2016-05-26,2016-10-18,31,82.6
KA,2016-08-01,2016-05-26,2016-10-18,31,99.1
KA,2016-09-01,2016-05-26,2016-10-18,30,121.0
KA,2016-10-01,2016-05-26,2016-10-18,18,88.6
KA,2016-11-01,2016-05-26,2016-10-18,0,92.0
KA,2016-12-01,2016-05-26,2016-10-18,0,123.7
KA,2017-01-01,2017-05-27,2017-09-28,0,96.4
KA,2017-02-01,2017-05-27,2017-09-28,0,110.3
KA,2017-03-01,2017-05-27,2017-09-28,0,98.4
KA,2017-04-01,2017-05-27,2017-09-28,0,97.1
KA,2017-05-01,2017-05-27,2017-09-28,5,99.0
KA,2017-06-01,2017-05-27,2017-09-28,30,147.8
KA,2017-07-01,2017-05-27,2017-09-28,31,107.6
KA,2017-08-01,2017-05-27,2017-09-28,31,112.7
KA,2017-09-01,2017-05-27,2017-09-28,28,110.9
KA,2017-10-01,2017-05-27,2017-09-28,0,47.9
KA,2017-11-01,2017-05-27,2017-09-28,0,54.2
KA,2017-12-01,2017-05-27,2017-09-28,0,131.2
KA,2018-01-01,2018-05-26,2018-11-01,0,80.1
KA,2018-02-01,2018-05-26,2018-11-01,0,131.9
KA,2018-03-01,2018-05-26,2018-11-01,0,81.7
KA,2018-04-01,2018-05-26,2018-11-01,0,174.3
KA,2018-05-01,2018-05-26,2018-11-01,6,72.7
KA,2018-06-01,2018-05-26,2018-11-01,30,71.1
KA,2018-07-01,2018-05-26,2018-11-01,31,90.6
KA,2018-08-01,2018-05-26,2018-11-01,31,85.8
KA,2018-09-01,2018-05-26,2018-11-01,30,121.1
KA,2018-10-01,2018-05-26,2018-11-01,31,77.1
KA,2018-11-01,2018-05-26,2018-11-01,1,70.1
KA,2018-12-01,2018-05-26,2018-11-01,0,135.4
KA,2019-01-01,2019-06-04,2019-10-08,0,130.7
KA,2019-02-01,2019-06-04,2019-10-08,0,88.4
KA,2019-03-01,2019-06-04,2019-10-08,0,62.7
KA,2019-04-01,2019-06-04,2019-10-08,0,24.2
KA,2019-05-01,2019-06-04,2019-10-08,0,143.5
KA,2019-06-01,2019-06-04,2019-10-08,27,112.6
KA,2019-07-01,2019-06-04,2019-10-08,31,93.2
KA,2019-08-01,2019-06-04,2019-10-08,31,95.1
KA,2019-09-01,2019-06-04,2019-10-08,30,103.6
KA,2019-10-01,2019-06-04,2019-10-08,8,81.1
KA,2019-11-01,2019-06-04,2019-10-08,0,60.5
KA,2019-12-01,2019-06-04,2019-10-08,0,95.4
KA,2020-01-01,2020-06-01,2020-09-26,0,120.0
KA,2020-02-01,2020-06-01,2020-09-26,0,50.2
KA,2020-03-01,2020-06-01,2020-09-26,0,74.1
KA,2020-04-01,2020-06-01,2020-09-26,0,131.7
KA,2020-05-01,2020-06-01,2020-09-26,0,113.6
KA,2020-06-01,2020-06-01,2020-09-26,30,106.2
KA,2020-07-01,2020-06-01,2020-09-26,31,125.3
KA,2020-08-01,2020-06-01,2020-09-26,31,101.5
KA,2020-09-01,2020-06-01,2020-09-26,26,98.7
KA,2020-10-01,2020-06-01,2020-09-26,0,56.7
KA,2020-11-01,2020-06-01,2020-09-26,0,60.2
KA,2020-12-01,2020-06-01,2020-09-26,0,136.9
KA,2021-01-01,2021-05-30,2021-10-24,0,21.0
KA,2021-02-01,2021-05-30,2021-10-24,0,76.9
KA,2021-03-01,2021-05-30,2021-10-24,0,111.7
KA,2021-04-01,2021-05-30,2021-10-24,0,156.6
KA,2021-05-01,2021-05-30,2021-10-24,2,100.7
KA,2021-06-01,2021-05-30,2021-10-24,30,68.2
KA,2021-07-01,2021-05-30,2021-10-24,31,102.4
KA,2021-08-01,2021-05-30,2021-10-24,31,91.7
KA,2021-09-01,2021-05-30,2021-10-24,30,102.2
KA,2021-10-01,2021-05-30,2021-10-24,24,93.4
KA,2021-11-01,2021-05-30,2021-10-24,0,59.1
KA,2021-12-01,2021-05-30,2021-10-24,0,58.4
KA,2022-01-01,2022-06-11,2022-10-13,0,80.9
KA,2022-02-01,2022-06-11,2022-10-13,0,134.6
KA,2022-03-01,2022-06-11,2022-10-13,0,56.6
KA,2022-04-01,2022-06-11,2022-10-13,0,164.4
KA,2022-05-01,2022-06-11,2022-10-13,0,84.6
KA,2022-06-01,2022-06-11,2022-10-13,20,102.9
KA,2022-07-01,2022-06-11,2022-10-13,31,80.7
KA,2022-08-01,2022-06-11,2022-10-13,31,69.9
KA,2022-09-01,2022-06-11,2022-10-13,30,82.4
KA,2022-10-01,2022-06-11,2022-10-13,13,62.9
KA,2022-11-01,2022-06-11,2022-10-13,0,83.9
KA,2022-12-01,2022-06-11,2022-10-13,0,109.6
KA,2023-01-01,2023-06-06,2023-10-18,0,112.1
KA,2023-02-01,2023-06-06,2023-10-18,0,64.3
KA,2023-03-01,2023-06-06,2023-10-18,0,100.0
KA,2023-04-01,2023-06-06,2023-10-18,0,89.1
KA,2023-05-01,2023-06-06,2023-10-18,0,74.7
KA,2023-06-01,2023-06-06,2023-10-18,25,121.4
KA,2023-07-01,2023-06-06,2023-10-18,31,68.9
KA,2023-08-01,2023-06-06,2023-10-18,31,88.9
KA,2023-09-01,2023-06-06,2023-10-18,30,69.9
KA,2023-10-01,2023-06-06,2023-10-18,18,117.2
KA,2023-11-01,2023-06-06,2023-10-18,0,43.7
KA,2023-12-01,2023-06-06,2023-10-18,0,67.8
KA,2024-01-01,2024-06-11,2024-10-16,0,88.2
KA,2024-02-01,2024-06-11,2024-10-16,0,98.1
KA,2024-03-01,2024-06-11,2024-10-16,0,78.9
KA,2024-04-01,2024-06-11,2024-10-16,0,57.6
KA,2024-05-01,2024-06-11,2024-10-16,0,135.7
KA,2024-06-01,2024-06-11,2024-10-16,20,121.5
KA,2024-07-01,2024-06-11,2024-10-16,31,124.7
KA,2024-08-01,2024-06-11,2024-10-16,31,81.8
KA,2024-09-01,2024-06-11,2024-10-16,30,90.5
KA,2024-10-01,2024-06-11,2024-10-16,16,71.6
KA,2024-11-01,2024-06-11,2024-10-16,0,76.3
KA,2024-12-01,2024-06-11,2024-10-16,0,104.3
KA,2025-01-01,2025-06-15,2025-10-14,0,108.0
KA,2025-02-01,2025-06-15,2025-10-14,0,58.3
KA,2025-03-01,2025-06-15,2025-10-14,0,121.0
KA,2025-04-01,2025-06-15,2025-10-14,0,131.3
KA,2025-05-01,2025-06-15,2025-10-14,0,138.4
KA,2025-06-01,2025-06-15,2025-10-14,16,92.0
KA,2025-07-01,2025-06-15,2025-10-14,31,122.4
KA,2025-08-01,2025-06-15,2025-10-14,31,89.3
KA,2025-09-01,2025-06-15,2025-10-14,30,99.2
KA,2025-10-01,2025-06-15,2025-10-14,14,92.2
KA,2025-11-01,2025-06-15,2025-10-14,0,103.5
KA,2025-12-01,2025-06-15,2025-10-14,0,46.3
KA,2026-01-01,2026-06-12,2026-10-01,0,111.7
KA,2026-02-01,2026-06-12,2026-10-01,0,129.9
KA,2026-03-01,2026-06-12,2026-10-01,0,117.0
KA,2026-04-01,2026-06-12,2026-10-01,0,89.6
KA,2026-05-01,2026-06-12,2026-10-01,0,93.4
KA,2026-06-01,2026-06-12,2026-10-01,19,107.9
KA,2026-07-01,2026-06-12,2026-10-01,31,103.8
KA,2026-08-01,2026-06-12,2026-10-01,31,90.8
KA,2026-09-01,2026-06-12,2026-10-01,30,115.2
KA,2026-10-01,2026-06-12,2026-10-01,1,97.6
KA,2026-11-01,2026-06-12,2026-10-01,0,161.6
KA,2026-12-01,2026-06-12,2026-10-01,0,116.7
KL,2012-01-01,2012-06-10,2012-10-18,0,86.3
KL,2012-02-01,2012-06-10,2012-10-18,0,167.2
KL,2012-03-01,2012-06-10,2012-10-18,0,71.7
KL,2012-04-01,2012-06-10,2012-10-18,0,112.1
KL,2012-05-01,2012-06-10,2012-10-18,0,111.7
KL,2012-06-01,2012-06-10,2012-10-18,21,105.5
KL,2012-07-01,2012-06-10,2012-10-18,31,53.6
KL,2012-08-01,2012-06-10,2012-10-18,31,77.9
KL,2012-09-01,2012-06-10,2012-10-18,30,78.9
KL,2012-10-01,2012-06-10,2012-10-18,18,81.5
KL,2012-11-01,2012-06-10,2012-10-18,0,155.4
KL,2012-12-01,2012-06-10,2012-10-18,0,101.9
KL,2013-01-01,2013-06-01,2013-10-02,0,121.6
KL,2013-02-01,2013-06-01,2013-10-02,0,68.9
KL,2013-03-01,2013-06-01,2013-10-02,0,67.3
KL,2013-04-01,2013-06-01,2013-10-02,0,164.1
KL,2013-05-01,2013-06-01,2013-10-02,0,79.4
KL,2013-06-01,2013-06-01,2013-10-02,30,75.8
KL,2013-07-01,2013-06-01,2013-10-02,31,106.3
KL,2013-08-01,2013-06-01,2013-10-02,31,87.1
KL,2013-09-01,2013-06-01,2013-10-02,30,87.5
KL,2013-10-01,2013-06-01,2013-10-02,2,92.7
KL,2013-11-01,2013-06-01,2013-10-02,0,87.9
KL,2013-12-01,2013-06-01,2013-10-02,0,66.3
KL,2014-01-01,2014-05-22,2014-10-22,0,112.7
KL,2014-02-01,2014-05-22,2014-10-22,0,65.4
KL,2014-03-01,2014-05-22,2014-10-22,0,64.8
KL,2014-04-01,2014-05-22,2014-10-22,0,56.3
KL,2014-05-01,2014-05-22,2014-10-22,10,102.7
KL,2014-06-01,2014-05-22,2014-10-22,30,71.7
KL,2014-07-01,2014-05-22,2014-10-22,31,82.7
KL,2014-08-01,2014-05-22,2014-10-22,31,60.8
KL,2014-09-01,2014-05-22,2014-10-22,30,78.6
KL,2014-10-01,2014-05-22,2014-10-22,22,78.1
KL,2014-11-01,2014-05-22,2014-10-22,0,91.7
KL,2014-12-01,2014-05-22,2014-10-22,0,145.4
KL,2015-01-01,2015-06-01,2015-10-16,0,79.3
KL,2015-02-01,2015-06-01,2015-10-16,0,125.3
KL,2015-03-01,2015-06-01,2015-10-16,0,198.2
KL,2015-04-01,2015-06-01,2015-10-16,0,68.7
KL,2015-05-01,2015-06-01,2015-10-16,0,134.9
KL,2015-06-01,2015-06-01,2015-10-16,30,84.5
KL,2015-07-01,2015-06-01,2015-10-16,31,94.4
KL,2015-08-01,2015-06-01,2015-10-16,31,124.5
KL,2015-09-01,2015-06-01,2015-10-16,30,98.2
KL,2015-10-01,2015-06-01,2015-10-16,16,87.0
KL,2015-11-01,2015-06-01,2015-10-16,0,98.5
KL,2015-12-01,2015-06-01,2015-10-16,0,81.8
KL,2016-01-01,2016-06-14,2016-10-27,0,61.1
KL,2016-02-01,2016-06-14,2016-10-27,0,155.0
KL,2016-03-01,2016-06-14,2016-10-27,0,97.6
KL,2016-04-01,2016-06-14,2016-10-27,0,88.9
KL,2016-05-01,2016-06-14,2016-10-27,0,84.9
KL,2016-06-01,2016-06-14,2016-10-27,17,85.7
KL,2016-07-01,2016-06-14,2016-10-27,31,98.6
KL,2016-08-01,2016-06-14,2016-10-27,31,92.2
KL,2016-09-01,2016-06-14,2016-10-27,30,89.7
KL,2016-10-01,2016-06-14,2016-10-27,27,65.9
KL,2016-11-01,2016-06-14,2016-10-27,0,111.5
KL,2016-12-01,2016-06-14,2016-10-27,0,103.5
KL,2017-01-01,2017-06-08,2017-10-12,0,140.2
KL,2017-02-01,2017-06-08,2017-10-12,0,151.3
KL,2017-03-01,2017-06-08,2017-10-12,0,70.2
KL,2017-04-01,2017-06-08,2017-10-12,0,87.5
KL,2017-05-01,2017-06-08,2017-10-12,0,38.8
KL,2017-06-01,2017-06-08,2017-10-12,23,110.9
KL,2017-07-01,2017-06-08,2017-10-12,31,114.9
KL,2017-08-01,2017-06-08,2017-10-12,31,140.9
KL,2017-09-01,2017-06-08,2017-10-12,30,110.8
KL,2017-10-01,2017-06-08,2017-10-12,12,105.9
KL,2017-11-01,2017-06-08,2017-10-12,0,49.8
KL,2017-12-01,2017-06-08,2017-10-12,0,172.1
KL,2018-01-01,2018-06-02,2018-10-02,0,78.8
KL,2018-02-01,2018-06-02,2018-10-02,0,77.8
KL,2018-03-01,2018-06-02,2018-10-02,0,136.3
KL,2018-04-01,2018-06-02,2018-10-02,0,96.1
KL,2018-05-01,2018-06-02,2018-10-02,0,140.5
KL,2018-06-01,2018-06-02,2018-10-02,29,70.5
KL,2018-07-01,2018-06-02,2018-10-02,31,75.5
KL,2018-08-01,2018-06-02,2018-10-02,31,45.2
KL,2018-09-01,2018-06-02,2018-10-02,30,46.6
KL,2018-10-01,2018-06-02,2018-10-02,2,54.8
KL,2018-11-01,2018-06-02,2018-10-02,0,91.7
KL,2018-12-01,2018-06-02,2018-10-02,0,144.3
KL,2019-01-01,2019-05-30,2019-10-10,0,44.9
KL,2019-02-01,2019-05-30,2019-10-10,0,128.4
KL,2019-03-01,2019-05-30,2019-10-10,0,109.1
KL,2019-04-01,2019-05-30,2019-10-10,0,81.7
KL,2019-05-01,2019-05-30,2019-10-10,2,136.8
KL,2019-06-01,2019-05-30,2019-10-10,30,110.2
KL,2019-07-01,2019-05-30,2019-10-10,31,130.9
KL,2019-08-01,2019-05-30,2019-10-10,31,135.2
KL,2019-09-01,2019-05-30,2019-10-10,30,135.1
KL,2019-10-01,2019-05-30,2019-10-10,10,112.8
KL,2019-11-01,2019-05-30,2019-10-10,0,102.3
KL,2019-12-01,2019-05-30,2019-10-10,0,84.8
KL,2020-01-01,2020-05-26,2020-09-28,0,115.8
KL,2020-02-01,2020-05-26,2020-09-28,0,96.6
KL,2020-03-01,2020-05-26,2020-09-28,0,64.0
KL,2020-04-01,2020-05-26,2020-09-28,0,166.5
KL,2020-05-01,2020-05-26,2020-09-28,6,138.6
KL,2020-06-01,2020-05-26,2020-09-28,30,142.6
KL,2020-07-01,2020-05-26,2020-09-28,31,120.0
KL,2020-08-01,2020-05-26,2020-09-28,31,145.1
KL,2020-09-01,2020-05-26,2020-09-28,28,151.0
KL,2020-10-01,2020-05-26,2020-09-28,0,167.9
KL,2020-11-01,2020-05-26,2020-09-28,0,130.3
KL,2020-12-01,2020-05-26,2020-09-28,0,99.5
KL,2021-01-01,2021-06-01,2021-11-01,0,50.9
KL,2021-02-01,2021-06-01,2021-11-01,0,146.7
KL,2021-03-01,2021-06-01,2021-11-01,0,97.6
KL,2021-04-01,2021-06-01,2021-11-01,0,30.0
KL,2021-05-01,2021-06-01,2021-11-01,0,106.0
KL,2021-06-01,2021-06-01,2021-11-01,30,100.2
KL,2021-07-01,2021-06-01,2021-11-01,31,104.0
KL,2021-08-01,2021-06-01,2021-11-01,31,71.7
KL,2021-09-01,2021-06-01,2021-11-01,30,104.8
KL,2021-10-01,2021-06-01,2021-11-01,31,96.6
KL,2021-11-01,2021-06-01,2021-11-01,1,102.9
KL,2021-12-01,2021-06-01,2021-11-01,0,126.2
KL,2022-01-01,2022-05-26,2022-10-23,0,115.5
KL,2022-02-01,2022-05-26,2022-10-23,0,75.9
KL,2022-03-01,2022-05-26,2022-10-23,0,102.9
KL,2022-04-01,2022-05-26,2022-10-23,0,101.2
KL,2022-05-01,2022-05-26,2022-10-23,6,96.6
KL,2022-06-01,2022-05-26,2022-10-23,30,108.8
KL,2022-07-01,2022-05-26,2022-10-23,31,107.9
KL,2022-08-01,2022-05-26,2022-10-23,31,107.3
KL,2022-09-01,2022-05-26,2022-10-23,30,136.5
KL,2022-10-01,2022-05-26,2022-10-23,23,131.0
KL,2022-11-01,2022-05-26,2022-10-23,0,75.3
KL,2022-12-01,2022-05-26,2022-10-23,0,95.3
KL,2023-01-01,2023-05-27,2023-10-03,0,112.5
KL,2023-02-01,2023-05-27,2023-10-03,0,139.3
KL,2023-03-01,2023-05-27,2023-10-03,0,80.2
KL,2023-04-01,2023-05-27,2023-10-03,0,98.6
KL,2023-05-01,2023-05-27,2023-10-03,5,85.2
KL,2023-06-01,2023-05-27,2023-10-03,30,73.2
KL,2023-07-01,2023-05-27,2023-10-03,31,80.1
KL,2023-08-01,2023-05-27,2023-10-03,31,92.4
KL,2023-09-01,2023-05-27,2023-10-03,30,92.4
KL,2023-10-01,2023-05-27,2023-10-03,3,74.3
KL,2023-11-01,2023-05-27,2023-10-03,0,94.4
KL,2023-12-01,2023-05-27,2023-10-03,0,132.9
KL,2024-01-01,2024-05-22,2024-10-12,0,145.4
KL,2024-02-01,2024-05-22,2024-10-12,0,148.6
KL,2024-03-01,2024-05-22,2024-10-12,0,106.3
KL,2024-04-01,2024-05-22,2024-10-12,0,106.4
KL,2024-05-01,2024-05-22,2024-10-12,10,127.3
KL,2024-06-01,2024-05-22,2024-10-12,30,111.2
KL,2024-07-01,2024-05-22,2024-10-12,31,69.9
KL,2024-08-01,2024-05-22,2024-10-12,31,99.9
KL,2024-09-01,2024-05-22,2024-10-12,30,102.5
KL,2024-10-01,2024-05-22,2024-10-12,12,76.6
KL,2024-11-01,2024-05-22,2024-10-12,0,88.5
KL,2024-12-01,2024-05-22,2024-10-12,0,85.2
KL,2025-01-01,2025-06-10,2025-10-05,0,108.8
KL,2025-02-01,2025-06-10,2025-10-05,0,98.9
KL,2025-03-01,2025-06-10,2025-10-05,0,107.6
KL,2025-04-01,2025-06-10,2025-10-05,0,87.4
KL,2025-05-01,2025-06-10,2025-10-05,0,102.6
KL,2025-06-01,2025-06-10,2025-10-05,21,114.0
KL,2025-07-01,2025-06-10,2025-10-05,31,114.1
KL,2025-08-01,2025-06-10,2025-10-05,31,101.6
KL,2025-09-01,2025-06-10,2025-10-05,30,139.9
KL,2025-10-01,2025-06-10,2025-10-05,5,87.1
KL,2025-11-01,2025-06-10,2025-10-05,0,140.0
KL,2025-12-01,2025-06-10,2025-10-05,0,54.7
KL,2026-01-01,2026-06-06,2026-10-07,0,74.8
KL,2026-02-01,2026-06-06,2026-10-07,0,156.6
KL,2026-03-01,2026-06-06,2026-10-07,0,76.8
KL,2026-04-01,2026-06-06,2026-10-07,0,104.3
KL,2026-05-01,2026-06-06,2026-10-07,0,119.6
KL,2026-06-01,2026-06-06,2026-10-07,25,145.5
KL,2026-07-01,2026-06-06,2026-10-07,31,85.4
KL,2026-08-01,2026-06-06,2026-10-07,31,84.6
KL,2026-09-01,2026-06-06,2026-10-07,30,74.8
KL,2026-10-01,2026-06-06,2026-10-07,7,87.2
KL,2026-11-01,2026-06-06,2026-10-07,0,145.2
KL,2026-12-01,2026-06-06,2026-10-07,0,118.4
LA,2012-01-01,2012-06-30,2012-09-09,0,78.2
LA,2012-02-01,2012-06-30,2012-09-09,0,129.5
LA,2012-03-01,2012-06-30,2012-09-09,0,93.0
LA,2012-04-01,2012-06-30,2012-09-09,0,144.7
LA,2012-05-01,2012-06-30,2012-09-09,0,122.9
LA,2012-06-01,2012-06-30,2012-09-09,1,95.5
LA,2012-07-01,2012-06-30,2012-09-09,31,99.1
LA,2012-08-01,2012-06-30,2012-09-09,31,84.7
LA,2012-09-01,2012-06-30,2012-09-09,9,97.6
LA,2012-10-01,2012-06-30,2012-09-09,0,83.2
LA,2012-11-01,2012-06-30,2012-09-09,0,66.6
LA,2012-12-01,2012-06-30,2012-09-09,0,165.1
LA,2013-01-01,2013-06-30,2013-09-18,0,149.1
LA,2013-02-01,2013-06-30,2013-09-18,0,73.3
LA,2013-03-01,2013-06-30,2013-09-18,0,148.7
LA,2013-04-01,2013-06-30,2013-09-18,0,90.5
LA,2013-05-01,2013-06-30,2013-09-18,0,64.7
LA,2013-06-01,2013-06-30,2013-09-18,1,105.2
LA,2013-07-01,2013-06-30,2013-09-18,31,91.1
LA,2013-08-01,2013-06-30,2013-09-18,31,116.2
LA,2013-09-01,2013-06-30,2013-09-18,18,132.7
LA,2013-10-01,2013-06-30,2013-09-18,0,85.1
LA,2013-11-01,2013-06-30,2013-09-18,0,101.8
LA,2013-12-01,2013-06-30,2013-09-18,0,146.6
LA,2014-01-01,2014-07-03,2014-09-30,0,44.6
LA,2014-02-01,2014-07-03,2014-09-30,0,56.6
LA,2014-03-01,2014-07-03,2014-09-30,0,44.2
LA,2014-04-01,2014-07-03,2014-09-30,0,121.4
LA,2014-05-01,2014-07-03,2014-09-30,0,70.1
LA,2014-06-01,2014-07-03,2014-09-30,0,84.7
LA,2014-07-01,2014-07-03,2014-09-30,29,107.8
LA,2014-08-01,2014-07-03,2014-09-30,31,113.4
LA,2014-09-01,2014-07-03,2014-09-30,30,110.3
LA,2014-10-01,2014-07-03,2014-09-30,0,141.7
LA,2014-11-01,2014-07-03,2014-09-30,0,71.2
LA,2014-12-01,2014-07-03,2014-09-30,0,183.6
LA,2015-01-01,2015-07-01,2015-09-21,0,85.6
LA,2015-02-01,2015-07-01,2015-09-21,0,105.5
LA,2015-03-01,2015-07-01,2015-09-21,0,94.2
LA,2015-04-01,2015-07-01,2015-09-21,0,32.7
LA,2015-05-01,2015-07-01,2015-09-21,0,103.9
LA,2015-06-01,2015-07-01,2015-09-21,0,143.7
LA,2015-07-01,2015-07-01,2015-09-21,31,91.9
LA,2015-08-01,2015-07-01,2015-09-21,31,115.5
LA,2015-09-01,2015-07-01,2015-09-21,21,100.1
LA,2015-10-01,2015-07-01,2015-09-21,0,110.1
LA,2015-11-01,2015-07-01,2015-09-21,0,143.9
LA,2015-12-01,2015-07-01,2015-09-21,0,99.5
LA,2016-01-01,2016-07-15,2016-09-18,0,51.7
LA,2016-02-01,2016-07-15,2016-09-18,0,126.1
LA,2016-03-01,2016-07-15,2016-09-18,0,31.5
LA,2016-04-01,2016-07-15,2016-09-18,0,73.6
LA,2016-05-01,2016-07-15,2016-09-18,0,124.0
LA,2016-06-01,2016-07-15,2016-09-18,0,145.1
LA,2016-07-01,2016-07-15,2016-09-18,17,128.3
LA,2016-08-01,2016-07-15,2016-09-18,31,112.5
LA,2016-09-01,2016-07-15,2016-09-18,18,262.2
LA,2016-10-01,2016-07-15,2016-09-18,0,121.4
LA,2016-11-01,2016-07-15,2016-09-18,0,30.8
LA,2016-12-01,2016-07-15,2016-09-18,0,127.6
LA,2017-01-01,2017-07-13,2017-09-23,0,118.4
LA,2017-02-01,2017-07-13,2017-09-23,0,80.8
LA,2017-03-01,2017-07-13,2017-09-23,0,47.7
LA,2017-04-01,2017-07-13,2017-09-23,0,148.4
LA,2017-05-01,2017-07-13,2017-09-23,0,129.8
LA,2017-06-01,2017-07-13,2017-09-23,0,107.2
LA,2017-07-01,2017-07-13,2017-09-23,19,95.4
LA,2017-08-01,2017-07-13,2017-09-23,31,101.3
LA,2017-09-01,2017-07-13,2017-09-23,23,80.4
LA,2017-10-01,2017-07-13,2017-09-23,0,97.6
LA,2017-11-01,2017-07-13,2017-09-23,0,120.3
LA,2017-12-01,2017-07-13,2017-09-23,0,138.9
LA,2018-01-01,2018-07-04,2018-09-22,0,104.7
LA,2018-02-01,2018-07-04,2018-09-22,0,115.4
LA,2018-03-01,2018-07-04,2018-09-22,0,102.0
LA,2018-04-01,2018-07-04,2018-09-22,0,93.2
LA,2018-05-01,2018-07-04,2018-09-22,0,67.7
LA,2018-06-01,2018-07-04,2018-09-22,0,104.3
LA,2018-07-01,2018-07-04,2018-09-22,28,114.8
LA,2018-08-01,2018-07-04,2018-09-22,31,68.5
LA,2018-09-01,2018-07-04,2018-09-22,22,62.4
LA,2018-10-01,2018-07-04,2018-09-22,0,165.9
LA,2018-11-01,2018-07-04,2018-09-22,0,86.2
LA,2018-12-01,2018-07-04,2018-09-22,0,115.0
LA,2019-01-01,2019-07-06,2019-09-13,0,127.6
LA,2019-02-01,2019-07-06,2019-09-13,0,169.5
LA,2019-03-01,2019-07-06,2019-09-13,0,26.1
LA,2019-04-01,2019-07-06,2019-09-13,0,89.3
LA,2019-05-01,2019-07-06,2019-09-13,0,71.4
LA,2019-06-01,2019-07-06,2019-09-13,0,94.5
LA,2019-07-01,2019-07-06,2019-09-13,26,81.6
LA,2019-08-01,2019-07-06,2019-09-13,31,106.4
LA,2019-09-01,2019-07-06,2019-09-13,13,73.5
LA,2019-10-01,2019-07-06,2019-09-13,0,181.9
LA,2019-11-01,2019-07-06,2019-09-13,0,72.1
LA,2019-12-01,2019-07-06,2019-09-13,0,131.8
LA,2020-01-01,2020-07-04,2020-09-24,0,70.8
LA,2020-02-01,2020-07-04,2020-09-24,0,100.3
LA,2020-03-01,2020-07-04,2020-09-24,0,133.6
LA,2020-04-01,2020-07-04,2020-09-24,0,129.5
LA,2020-05-01,2020-07-04,2020-09-24,0,157.4
LA,2020-06-01,2020-07-04,2020-09-24,0,95.4
LA,2020-07-01,2020-07-04,2020-09-24,28,93.7
LA,2020-08-01,2020-07-04,2020-09-24,31,100.1
LA,2020-09-01,2020-07-04,2020-09-24,24,112.7
LA,2020-10-01,2020-07-04,2020-09-24,0,79.1
LA,2020-11-01,2020-07-04,2020-09-24,0,31.8
LA,2020-12-01,2020-07-04,2020-09-24,0,59.3
LA,2021-01-01,2021-07-01,2021-09-23,0,87.2
LA,2021-02-01,2021-07-01,2021-09-23,0,93.1
LA,2021-03-01,2021-07-01,2021-09-23,0,103.9
LA,2021-04-01,2021-07-01,2021-09-23,0,86.8
LA,2021-05-01,2021-07-01,2021-09-23,0,117.0
LA,2021-06-01,2021-07-01,2021-09-23,0,22.3
LA,2021-07-01,2021-07-01,2021-09-23,31,89.1
LA,2021-08-01,2021-07-01,2021-09-23,31,81.5
LA,2021-09-01,2021-07-01,2021-09-23,23,82.3
LA,2021-10-01,2021-07-01,2021-09-23,0,112.9
LA,2021-11-01,2021-07-01,2021-09-23,0,147.0
LA,2021-12-01,2021-07-01,2021-09-23,0,94.4
LA,2022-01-01,2022-06-29,2022-09-26,0,46.2
LA,2022-02-01,2022-06-29,2022-09-26,0,57.8
LA,2022-03-01,2022-06-29,2022-09-26,0,87.8
LA,2022-04-01,2022-06-29,2022-09-26,0,93.5
LA,2022-05-01,2022-06-29,2022-09-26,0,103.4
LA,2022-06-01,2022-06-29,2022-09-26,2,134.7
LA,2022-07-01,2022-06-29,2022-09-26,31,134.1
LA,2022-08-01,2022-06-29,2022-09-26,31,104.8
LA,2022-09-01,2022-06-29,2022-09-26,26,116.4
LA,2022-10-01,2022-06-29,2022-09-26,0,179.5
LA,2022-11-01,2022-06-29,2022-09-26,0,90.8
LA,2022-12-01,2022-06-29,2022-09-26,0,160.9
LA,2023-01-01,2023-07-09,2023-09-24,0,57.1
LA,2023-02-01,2023-07-09,2023-09-24,0,80.4
LA,2023-03-01,2023-07-09,2023-09-24,0,73.7
LA,2023-04-01,2023-07-09,2023-09-24,0,31.5
LA,2023-05-01,2023-07-09,2023-09-24,0,149.4
LA,2023-06-01,2023-07-09,2023-09-24,0,104.5
LA,2023-07-01,2023-07-09,2023-09-24,23,93.6
LA,2023-08-01,2023-07-09,2023-09-24,31,116.7
LA,2023-09-01,2023-07-09,2023-09-24,24,130.6
LA,2023-10-01,2023-07-09,2023-09-24,0,85.0
LA,2023-11-01,2023-07-09,2023-09-24,0,67.5
LA,2023-12-01,2023-07-09,2023-09-24,0,123.7
LA,2024-01-01,2024-06-28,2024-09-28,0,36.9
LA,2024-02-01,2024-06-28,2024-09-28,0,128.7
LA,2024-03-01,2024-06-28,2024-09-28,0,90.1
LA,2024-04-01,2024-06-28,2024-09-28,0,105.9
LA,2024-05-01,2024-06-28,2024-09-28,0,116.7
LA,2024-06-01,2024-06-28,2024-09-28,3,85.4
LA,2024-07-01,2024-06-28,2024-09-28,31,83.8
LA,2024-08-01,2024-06-28,2024-09-28,31,55.2
LA,2024-09-01,2024-06-28,2024-09-28,28,117.2
LA,2024-10-01,2024-06-28,2024-09-28,0,97.7
LA,2024-11-01,2024-06-28,2024-09-28,0,156.8
LA,2024-12-01,2024-06-28,2024-09-28,0,124.3
LA,2025-01-01,2025-07-08,2025-08-26,0,104.5
LA,2025-02-01,2025-07-08,2025-08-26,0,106.7
LA,2025-03-01,2025-07-08,2025-08-26,0,124.8
LA,2025-04-01,2025-07-08,2025-08-26,0,65.3
LA,2025-05-01,2025-07-08,2025-08-26,0,144.9
LA,2025-06-01,2025-07-08,2025-08-26,0,84.5
LA,2025-07-01,2025-07-08,2025-08-26,24,143.8
LA,2025-08-01,2025-07-08,2025-08-26,26,70.7
LA,2025-09-01,2025-07-08,2025-08-26,0,126.5
LA,2025-10-01,2025-07-08,2025-08-26,0,149.8
LA,2025-11-01,2025-07-08,2025-08-26,0,63.4
LA,2025-12-01,2025-07-08,2025-08-26,0,82.3
LA,2026-01-01,2026-06-26,2026-09-26,0,158.6
LA,2026-02-01,2026-06-26,2026-09-26,0,107.7
LA,2026-03-01,2026-06-26,2026-09-26,0,133.3
LA,2026-04-01,2026-06-26,2026-09-26,0,128.3
LA,2026-05-01,2026-06-26,2026-09-26,0,87.9
LA,2026-06-01,2026-06-26,2026-09-26,5,117.5
LA,2026-07-01,2026-06-26,2026-09-26,31,111.0
LA,2026-08-01,2026-06-26,2026-09-26,31,96.4
LA,2026-09-01,2026-06-26,2026-09-26,26,126.6
LA,2026-10-01,2026-06-26,2026-09-26,0,62.4
LA,2026-11-01,2026-06-26,2026-09-26,0,148.0
LA,2026-12-01,2026-06-26,2026-09-26,0,108.7
LD,2012-01-01,2012-06-05,2012-10-09,0,104.5
LD,2012-02-01,2012-06-05,2012-10-09,0,70.3
LD,2012-03-01,2012-06-05,2012-10-09,0,130.0
LD,2012-04-01,2012-06-05,2012-10-09,0,145.7
LD,2012-05-01,2012-06-05,2012-10-09,0,141.2
LD,2012-06-01,2012-06-05,2012-10-09,26,91.0
LD,2012-07-01,2012-06-05,2012-10-09,31,94.9
LD,2012-08-01,2012-06-05,2012-10-09,31,97.8
LD,2012-09-01,2012-06-05,2012-10-09,30,86.1
LD,2012-10-01,2012-06-05,2012-10-09,9,111.3
LD,2012-11-01,2012-06-05,2012-10-09,0,122.1
LD,2012-12-01,2012-06-05,2012-10-09,0,67.3
LD,2013-01-01,2013-05-18,2013-09-20,0,99.3
LD,2013-02-01,2013-05-18,2013-09-20,0,52.3
LD,2013-03-01,2013-05-18,2013-09-20,0,113.7
LD,2013-04-01,2013-05-18,2013-09-20,0,61.1
LD,2013-05-01,2013-05-18,2013-09-20,14,100.0
LD,2013-06-01,2013-05-18,2013-09-20,30,81.3
LD,2013-07-01,2013-05-18,2013-09-20,31,85.8
LD,2013-08-01,2013-05-18,2013-09-20,31,122.9
LD,2013-09-01,2013-05-18,2013-09-20,20,67.5
LD,2013-10-01,2013-05-18,2013-09-20,0,103.3
LD,2013-11-01,2013-05-18,2013-09-20,0,91.6
LD,2013-12-01,2013-05-18,2013-09-20,0,163.2
LD,2014-01-01,2014-05-21,2014-10-10,0,112.9
LD,2014-02-01,2014-05-21,2014-10-10,0,141.5
LD,2014-03-01,2014-05-21,2014-10-10,0,133.7
LD,2014-04-01,2014-05-21,2014-10-10,0,75.6
LD,2014-05-01,2014-05-21,2014-10-10,11,100.7
LD,2014-06-01,2014-05-21,2014-10-10,30,56.6
LD,2014-07-01,2014-05-21,2014-10-10,31,60.4
LD,2014-08-01,2014-05-21,2014-10-10,31,88.6
LD,2014-09-01,2014-05-21,2014-10-10,30,57.7
LD,2014-10-01,2014-05-21,2014-10-10,10,64.2
LD,2014-11-01,2014-05-21,2014-10-10,0,103.3
LD,2014-12-01,2014-05-21,2014-10-10,0,104.1
LD,2015-01-01,2015-06-02,2015-10-30,0,144.5
LD,2015-02-01,2015-06-02,2015-10-30,0,65.0
LD,2015-03-01,2015-06-02,2015-10-30,0,58.6
LD,2015-04-01,2015-06-02,2015-10-30,0,33.6
LD,2015-05-01,2015-06-02,2015-10-30,0,73.5
LD,2015-06-01,2015-06-02,2015-10-30,29,127.1
LD,2015-07-01,2015-06-02,2015-10-30,31,118.2
LD,2015-08-01,2015-06-02,2015-10-30,31,142.5
LD,2015-09-01,2015-06-02,2015-10-30,30,101.5
LD,2015-10-01,2015-06-02,2015-10-30,30,169.0
LD,2015-11-01,2015-06-02,2015-10-30,0,112.7
LD,2015-12-01,2015-06-02,2015-10-30,0,139.6
LD,2016-01-01,2016-05-16,2016-10-09,0,70.8
LD,2016-02-01,2016-05-16,2016-10-09,0,118.5
LD,2016-03-01,2016-05-16,2016-10-09,0,150.1
LD,2016-04-01,2016-05-16,2016-10-09,0,72.2
LD,2016-05-01,2016-05-16,2016-10-09,16,125.9
LD,2016-06-01,2016-05-16,2016-10-09,30,132.4
LD,2016-07-01,2016-05-16,2016-10-09,31,115.1
LD,2016-08-01,2016-05-16,2016-10-09,31,140.9
LD,2016-09-01,2016-05-16,2016-10-09,30,110.5
LD,2016-10-01,2016-05-16,2016-10-09,9,84.8
LD,2016-11-01,2016-05-16,2016-10-09,0,94.3
LD,2016-12-01,2016-05-16,2016-10-09,0,99.6
LD,2017-01-01,2017-06-02,2017-10-21,0,35.3
LD,2017-02-01,2017-06-02,2017-10-21,0,79.5
LD,2017-03-01,2017-06-02,2017-10-21,0,120.4
LD,2017-04-01,2017-06-02,2017-10-21,0,112.0
LD,2017-05-01,2017-06-02,2017-10-21,0,67.4
LD,2017-06-01,2017-06-02,2017-10-21,29,91.5
LD,2017-07-01,2017-06-02,2017-10-21,31,135.0
LD,2017-08-01,2017-06-02,2017-10-21,31,149.4
LD,2017-09-01,2017-06-02,2017-10-21,30,186.1
LD,2017-10-01,2017-06-02,2017-10-21,21,118.5
LD,2017-11-01,2017-06-02,2017-10-21,0,146.4
LD,2017-12-01,2017-06-02,2017-10-21,0,79.8
LD,2018-01-01,2018-05-29,2018-10-10,0,19.3
LD,2018-02-01,2018-05-29,2018-10-10,0,122.0
LD,2018-03-01,2018-05-29,2018-10-10,0,58.8
LD,2018-04-01,2018-05-29,2018-10-10,0,82.3
LD,2018-05-01,2018-05-29,2018-10-10,3,149.6
LD,2018-06-01,2018-05-29,2018-10-10,30,197.1
LD,2018-07-01,2018-05-29,2018-10-10,31,86.7
LD,2018-08-01,2018-05-29,2018-10-10,31,132.9
LD,2018-09-01,2018-05-29,2018-10-10,30,144.1
LD,2018-10-01,2018-05-29,2018-10-10,10,79.8
LD,2018-11-01,2018-05-29,2018-10-10,0,128.1
LD,2018-12-01,2018-05-29,2018-10-10,0,71.1
LD,2019-01-01,2019-05-21,2019-10-25,0,159.2
LD,2019-02-01,2019-05-21,2019-10-25,0,89.3
LD,2019-03-01,2019-05-21,2019-10-25,0,60.8
LD,2019-04-01,2019-05-21,2019-10-25,0,84.1
LD,2019-05-01,2019-05-21,2019-10-25,11,55.6
LD,2019-06-01,2019-05-21,2019-10-25,30,102.2
LD,2019-07-01,2019-05-21,2019-10-25,31,92.8
LD,2019-08-01,2019-05-21,2019-10-25,31,124.3
LD,2019-09-01,2019-05-21,2019-10-25,30,77.4
LD,2019-10-01,2019-05-21,2019-10-25,25,74.1
LD,2019-11-01,2019-05-21,2019-10-25,0,94.0
LD,2019-12-01,2019-05-21,2019-10-25,0,109.6
LD,2020-01-01,2020-05-30,2020-10-06,0,131.8
LD,2020-02-01,2020-05-30,2020-10-06,0,98.8
LD,2020-03-01,2020-05-30,2020-10-06,0,124.6
LD,2020-04-01,2020-05-30,2020-10-06,0,92.1
LD,2020-05-01,2020-05-30,2020-10-06,2,102.4
LD,2020-06-01,2020-05-30,2020-10-06,30,136.5
LD,2020-07-01,2020-05-30,2020-10-06,31,85.8
LD,2020-08-01,2020-05-30,2020-10-06,31,86.8
LD,2020-09-01,2020-05-30,2020-10-06,30,94.6
LD,2020-10-01,2020-05-30,2020-10-06,6,109.7
LD,2020-11-01,2020-05-30,2020-10-06,0,129.7
LD,2020-12-01,2020-05-30,2020-10-06,0,55.5
LD,2021-01-01,2021-06-03,2021-10-27,0,58.3
LD,2021-02-01,2021-06-03,2021-10-27,0,120.7
LD,2021-03-01,2021-06-03,2021-10-27,0,110.9
LD,2021-04-01,2021-06-03,2021-10-27,0,84.3
LD,2021-05-01,2021-06-03,2021-10-27,0,104.8
LD,2021-06-01,2021-06-03,2021-10-27,28,115.5
LD,2021-07-01,2021-06-03,2021-10-27,31,81.0
LD,2021-08-01,2021-06-03,2021-10-27,31,184.8
LD,2021-09-01,2021-06-03,2021-10-27,30,85.4
LD,2021-10-01,2021-06-03,2021-10-27,27,120.2
LD,2021-11-01,2021-06-03,2021-10-27,0,133.7
LD,2021-12-01,2021-06-03,2021-10-27,0,113.3
LD,2022-01-01,2022-05-28,2022-10-15,0,47.5
LD,2022-02-01,2022-05-28,2022-10-15,0,112.8
LD,2022-03-01,2022-05-28,2022-10-15,0,84.4
LD,2022-04-01,2022-05-28,2022-10-15,0,95.7
LD,2022-05-01,2022-05-28,2022-10-15,4,127.1
LD,2022-06-01,2022-05-28,2022-10-15,30,103.8
LD,2022-07-01,2022-05-28,2022-10-15,31,112.6
LD,2022-08-01,2022-05-28,2022-10-15,31,90.0
LD,2022-09-01,2022-05-28,2022-10-15,30,110.5
LD,2022-10-01,2022-05-28,2022-10-15,15,87.6
LD,2022-11-01,2022-05-28,2022-10-15,0,65.4
LD,2022-12-01,2022-05-28,2022-10-15,0,93.3
LD,2023-01-01,2023-06-12,2023-10-12,0,88.5
LD,2023-02-01,2023-06-12,2023-10-12,0,38.9
LD,2023-03-01,2023-06-12,2023-10-12,0,135.6
LD,2023-04-01,2023-06-12,2023-10-12,0,85.8
LD,2023-05-01,2023-06-12,2023-10-12,0,88.1
LD,2023-06-01,2023-06-12,2023-10-12,19,162.7
LD,2023-07-01,2023-06-12,2023-10-12,31,101.1
LD,2023-08-01,2023-06-12,2023-10-12,31,127.9
LD,2023-09-01,2023-06-12,2023-10-12,30,110.3
LD,2023-10-01,2023-06-12,2023-10-12,12,129.9
LD,2023-11-01,2023-06-12,2023-10-12,0,89.1
LD,2023-12-01,2023-06-12,2023-10-12,0,118.6
LD,2024-01-01,2024-05-19,2024-10-12,0,82.0
LD,2024-02-01,2024-05-19,2024-10-12,0,51.4
LD,2024-03-01,2024-05-19,2024-10-12,0,77.8
LD,2024-04-01,2024-05-19,2024-10-12,0,54.7
LD,2024-05-01,2024-05-19,2024-10-12,13,146.9
LD,2024-06-01,2024-05-19,2024-10-12,30,145.7
LD,2024-07-01,2024-05-19,2024-10-12,31,80.8
LD,2024-08-01,2024-05-19,2024-10-12,31,124.8
LD,2024-09-01,2024-05-19,2024-10-12,30,157.6
LD,2024-10-01,2024-05-19,2024-10-12,12,101.9
LD,2024-11-01,2024-05-19,2024-10-12,0,135.4
LD,2024-12-01,2024-05-19,2024-10-12,0,100.0
LD,2025-01-01,2025-06-10,2025-10-18,0,76.6
LD,2025-02-01,2025-06-10,2025-10-18,0,122.6
LD,2025-03-01,2025-06-10,2025-10-18,0,141.3
LD,2025-04-01,2025-06-10,2025-10-18,0,127.5
LD,2025-05-01,2025-06-10,2025-10-18,0,108.0
LD,2025-06-01,2025-06-10,2025-10-18,21,95.7
LD,2025-07-01,2025-06-10,2025-10-18,31,55.0
LD,2025-08-01,2025-06-10,2025-10-18,31,148.8
LD,2025-09-01,2025-06-10,2025-10-18,30,74.0
LD,2025-10-01,2025-06-10,2025-10-18,18,87.5
LD,2025-11-01,2025-06-10,2025-10-18,0,161.6
LD,2025-12-01,2025-06-10,2025-10-18,0,139.7
LD,2026-01-01,2026-05-31,2026-10-12,0,118.5
LD,2026-02-01,2026-05-31,2026-10-12,0,123.4
LD,2026-03-01,2026-05-31,2026-10-12,0,105.6
LD,2026-04-01,2026-05-31,2026-10-12,0,53.1
LD,2026-05-01,2026-05-31,2026-10-12,1,105.5
LD,2026-06-01,2026-05-31,2026-10-12,30,77.0
LD,2026-07-01,2026-05-31,2026-10-12,31,74.4
LD,2026-08-01,2026-05-31,2026-10-12,31,87.8
LD,2026-09-01,2026-05-31,2026-10-12,30,111.8
LD,2026-10-01,2026-05-31,2026-10-12,12,137.6
LD,2026-11-01,2026-05-31,2026-10-12,0,207.0
LD,2026-12-01,2026-05-31,2026-10-12,0,163.6
MP,2012-01-01,2012-06-11,2012-10-04,0,85.7
MP,2012-02-01,2012-06-11,2012-10-04,0,57.6
MP,2012-03-01,2012-06-11,2012-10-04,0,54.2
MP,2012-04-01,2012-06-11,2012-10-04,0,164.3
MP,2012-05-01,2012-06-11,2012-10-04,0,85.5
MP,2012-06-01,2012-06-11,2012-10-04,20,121.8
MP,2012-07-01,2012-06-11,2012-10-04,31,148.1
MP,2012-08-01,2012-06-11,2012-10-04,31,96.3
MP,2012-09-01,2012-06-11,2012-10-04,30,91.2
MP,2012-10-01,2012-06-11,2012-10-04,4,98.5
MP,2012-11-01,2012-06-11,2012-10-04,0,118.7
MP,2012-12-01,2012-06-11,2012-10-04,0,79.0
MP,2013-01-01,2013-06-25,2013-09-29,0,49.8
MP,2013-02-01,2013-06-25,2013-09-29,0,128.8
MP,2013-03-01,2013-06-25,2013-09-29,0,156.6
MP,2013-04-01,2013-06-25,2013-09-29,0,150.2
MP,2013-05-01,2013-06-25,2013-09-29,0,140.4
MP,2013-06-01,2013-06-25,2013-09-29,6,58.8
MP,2013-07-01,2013-06-25,2013-09-29,31,68.9
MP,2013-08-01,2013-06-25,2013-09-29,31,65.1
MP,2013-09-01,2013-06-25,2013-09-29,29,84.8
MP,2013-10-01,2013-06-25,2013-09-29,0,62.4
MP,2013-11-01,2013-06-25,2013-09-29,0,159.7
MP,2013-12-01,2013-06-25,2013-09-29,0,46.7
MP,2014-01-01,2014-06-20,2014-09-25,0,47.9
MP,2014-02-01,2014-06-20,2014-09-25,0,144.1
MP,2014-03-01,2014-06-20,2014-09-25,0,65.6
MP,2014-04-01,2014-06-20,2014-09-25,0,90.7
MP,2014-05-01,2014-06-20,2014-09-25,0,149.7
MP,2014-06-01,2014-06-20,2014-09-25,11,79.1
MP,2014-07-01,2014-06-20,2014-09-25,31,67.4
MP,2014-08-01,2014-06-20,2014-09-25,31,93.5
MP,2014-09-01,2014-06-20,2014-09-25,25,93.0
MP,2014-10-01,2014-06-20,2014-09-25,0,124.7
MP,2014-11-01,2014-06-20,2014-09-25,0,29.6
MP,2014-12-01,2014-06-20,2014-09-25,0,69.6
MP,2015-01-01,2015-06-26,2015-10-12,0,92.2
MP,2015-02-01,2015-06-26,2015-10-12,0,50.1
MP,2015-03-01,2015-06-26,2015-10-12,0,129.6
MP,2015-04-01,2015-06-26,2015-10-12,0,107.9
MP,2015-05-01,2015-06-26,2015-10-12,0,109.3
MP,2015-06-01,2015-06-26,2015-10-12,5,67.5
MP,2015-07-01,2015-06-26,2015-10-12,31,82.6
MP,2015-08-01,2015-06-26,2015-10-12,31,78.4
MP,2015-09-01,2015-06-26,2015-10-12,30,112.5
MP,2015-10-01,2015-06-26,2015-10-12,12,83.7
MP,2015-11-01,2015-06-26,2015-10-12,0,93.1
MP,2015-12-01,2015-06-26,2015-10-12,0,159.2
MP,2016-01-01,2016-06-20,2016-10-01,0,133.5
MP,2016-02-01,2016-06-20,2016-10-01,0,175.2
MP,2016-03-01,2016-06-20,2016-10-01,0,0.0
MP,2016-04-01,2016-06-20,2016-10-01,0,141.6
MP,2016-05-01,2016-06-20,2016-10-01,0,86.4
MP,2016-06-01,2016-06-20,2016-10-01,11,71.7
MP,2016-07-01,2016-06-20,2016-10-01,31,99.4
MP,2016-08-01,2016-06-20,2016-10-01,31,75.9
MP,2016-09-01,2016-06-20,2016-10-01,30,121.2
MP,2016-10-01,2016-06-20,2016-10-01,1,84.5
MP,2016-11-01,2016-06-20,2016-10-01,0,66.4
MP,2016-12-01,2016-06-20,2016-10-01,0,115.0
MP,2017-01-01,2017-06-26,2017-10-16,0,77.8
MP,2017-02-01,2017-06-26,2017-10-16,0,84.5
MP,2017-03-01,2017-06-26,2017-10-16,0,70.4
MP,2017-04-01,2017-06-26,2017-10-16,0,103.7
MP,2017-05-01,2017-06-26,2017-10-16,0,51.4
MP,2017-06-01,2017-06-26,2017-10-16,5,99.9
MP,2017-07-01,2017-06-26,2017-10-16,31,99.8
MP,2017-08-01,2017-06-26,2017-10-16,31,91.7
MP,2017-09-01,2017-06-26,2017-10-16,30,109.3
MP,2017-10-01,2017-06-26,2017-10-16,16,122.6
MP,2017-11-01,2017-06-26,2017-10-16,0,32.6
MP,2017-12-01,2017-06-26,2017-10-16,0,107.0
MP,2018-01-01,2018-06-18,2018-10-05,0,133.6
MP,2018-02-01,2018-06-18,2018-10-05,0,113.2
MP,2018-03-01,2018-06-18,2018-10-05,0,114.0
MP,2018-04-01,2018-06-18,2018-10-05,0,114.5
MP,2018-05-01,2018-06-18,2018-10-05,0,128.6
MP,2018-06-01,2018-06-18,2018-10-05,13,87.3
MP,2018-07-01,2018-06-18,2018-10-05,31,90.6
MP,2018-08-01,2018-06-18,2018-10-05,31,109.6
MP,2018-09-01,2018-06-18,2018-10-05,30,82.6
MP,2018-10-01,2018-06-18,2018-10-05,5,90.4
MP,2018-11-01,2018-06-18,2018-10-05,0,107.2
MP,2018-12-01,2018-06-18,2018-10-05,0,164.5
MP,2019-01-01,2019-06-06,2019-10-12,0,103.6
MP,2019-02-01,2019-06-06,2019-10-12,0,95.6
MP,2019-03-01,2019-06-06,2019-10-12,0,48.5
MP,2019-04-01,2019-06-06,2019-10-12,0,136.3
MP,2019-05-01,2019-06-06,2019-10-12,0,100.8
MP,2019-06-01,2019-06-06,2019-10-12,25,80.6
MP,2019-07-01,2019-06-06,2019-10-12,31,115.5
MP,2019-08-01,2019-06-06,2019-10-12,31,150.7
MP,2019-09-01,2019-06-06,2019-10-12,30,109.5
MP,2019-10-01,2019-06-06,2019-10-12,12,117.5
MP,2019-11-01,2019-06-06,2019-10-12,0,110.3
MP,2019-12-01,2019-06-06,2019-10-12,0,115.4
MP,2020-01-01,2020-06-25,2020-10-11,0,59.4
MP,2020-02-01,2020-06-25,2020-10-11,0,70.5
MP,2020-03-01,2020-06-25,2020-10-11,0,77.7
MP,2020-04-01,2020-06-25,2020-10-11,0,66.2
MP,2020-05-01,2020-06-25,2020-10-11,0,65.8
MP,2020-06-01,2020-06-25,2020-10-11,6,100.0
MP,2020-07-01,2020-06-25,2020-10-11,31,82.8
MP,2020-08-01,2020-06-25,2020-10-11,31,83.1
MP,2020-09-01,2020-06-25,2020-10-11,30,63.8
MP,2020-10-01,2020-06-25,2020-10-11,11,62.0
MP,2020-11-01,2020-06-25,2020-10-11,0,36.7
MP,2020-12-01,2020-06-25,2020-10-11,0,119.0
MP,2021-01-01,2021-06-18,2021-09-30,0,128.2
MP,2021-02-01,2021-06-18,2021-09-30,0,100.1
MP,2021-03-01,2021-06-18,2021-09-30,0,149.1
MP,2021-04-01,2021-06-18,2021-09-30,0,113.0
MP,2021-05-01,2021-06-18,2021-09-30,0,150.5
MP,2021-06-01,2021-06-18,2021-09-30,13,171.8
MP,2021-07-01,2021-06-18,2021-09-30,31,199.0
MP,2021-08-01,2021-06-18,2021-09-30,31,164.0
MP,2021-09-01,2021-06-18,2021-09-30,30,146.5
MP,2021-10-01,2021-06-18,2021-09-30,0,102.5
MP,2021-11-01,2021-06-18,2021-09-30,0,106.6
MP,2021-12-01,2021-06-18,2021-09-30,0,79.3
MP,2022-01-01,2022-06-23,2022-10-05,0,83.8
MP,2022-02-01,2022-06-23,2022-10-05,0,102.5
MP,2022-03-01,2022-06-23,2022-10-05,0,56.2
MP,2022-04-01,2022-06-23,2022-10-05,0,92.7
MP,2022-05-01,2022-06-23,2022-10-05,0,126.7
MP,2022-06-01,2022-06-23,2022-10-05,8,103.2
MP,2022-07-01,2022-06-23,2022-10-05,31,89.1
MP,2022-08-01,2022-06-23,2022-10-05,31,90.1
MP,2022-09-01,2022-06-23,2022-10-05,30,80.6
MP,2022-10-01,2022-06-23,2022-10-05,5,91.8
MP,2022-11-01,2022-06-23,2022-10-05,0,59.5
MP,2022-12-01,2022-06-23,2022-10-05,0,109.3
MP,2023-01-01,2023-06-24,2023-10-01,0,106.7
MP,2023-02-01,2023-06-24,2023-10-01,0,139.4
MP,2023-03-01,2023-06-24,2023-10-01,0,54.3
MP,2023-04-01,2023-06-24,2023-10-01,0,118.6
MP,2023-05-01,2023-06-24,2023-10-01,0,52.9
MP,2023-06-01,2023-06-24,2023-10-01,7,103.0
MP,2023-07-01,2023-06-24,2023-10-01,31,90.3
MP,2023-08-01,2023-06-24,2023-10-01,31,113.3
MP,2023-09-01,2023-06-24,2023-10-01,30,115.3
MP,2023-10-01,2023-06-24,2023-10-01,1,116.6
MP,2023-11-01,2023-06-24,2023-10-01,0,184.4
MP,2023-12-01,2023-06-24,2023-10-01,0,121.2
MP,2024-01-01,2024-06-10,2024-09-25,0,97.0
MP,2024-02-01,2024-06-10,2024-09-25,0,147.3
MP,2024-03-01,2024-06-10,2024-09-25,0,118.2
MP,2024-04-01,2024-06-10,2024-09-25,0,126.4
MP,2024-05-01,2024-06-10,2024-09-25,0,52.4
MP,2024-06-01,2024-06-10,2024-09-25,21,89.4
MP,2024-07-01,2024-06-10,2024-09-25,31,62.6
MP,2024-08-01,2024-06-10,2024-09-25,31,113.9
MP,2024-09-01,2024-06-10,2024-09-25,25,56.9
MP,2024-10-01,2024-06-10,2024-09-25,0,104.4
MP,2024-11-01,2024-06-10,2024-09-25,0,99.8
MP,2024-12-01,2024-06-10,2024-09-25,0,188.6
MP,2025-01-01,2025-06-21,2025-09-28,0,45.8
MP,2025-02-01,2025-06-21,2025-09-28,0,79.9
MP,2025-03-01,2025-06-21,2025-09-28,0,52.0
MP,2025-04-01,2025-06-21,2025-09-28,0,132.9
MP,2025-05-01,2025-06-21,2025-09-28,0,123.0
MP,2025-06-01,2025-06-21,2025-09-28,10,88.8
MP,2025-07-01,2025-06-21,2025-09-28,31,98.0
MP,2025-08-01,2025-06-21,2025-09-28,31,116.2
MP,2025-09-01,2025-06-21,2025-09-28,28,106.1
MP,2025-10-01,2025-06-21,2025-09-28,0,124.5
MP,2025-11-01,2025-06-21,2025-09-28,0,85.9
MP,2025-12-01,2025-06-21,2025-09-28,0,98.5
MP,2026-01-01,2026-06-18,2026-09-24,0,70.9
MP,2026-02-01,2026-06-18,2026-09-24,0,100.3
MP,2026-03-01,2026-06-18,2026-09-24,0,64.6
MP,2026-04-01,2026-06-18,2026-09-24,0,70.2
MP,2026-05-01,2026-06-18,2026-09-24,0,107.1
MP,2026-06-01,2026-06-18,2026-09-24,13,105.7
MP,2026-07-01,2026-06-18,2026-09-24,31,129.5
MP,2026-08-01,2026-06-18,2026-09-24,31,128.6
MP,2026-09-01,2026-06-18,2026-09-24,24,96.3
MP,2026-10-01,2026-06-18,2026-09-24,0,82.8
MP,2026-11-01,2026-06-18,2026-09-24,0,91.6
MP,2026-12-01,2026-06-18,2026-09-24,0,98.1
MH,2012-01-01,2012-06-04,2012-10-05,0,105.2
MH,2012-02-01,2012-06-04,2012-10-05,0,83.4
MH,2012-03-01,2012-06-04,2012-10-05,0,77.5
MH,2012-04-01,2012-06-04,2012-10-05,0,137.2
MH,2012-05-01,2012-06-04,2012-10-05,0,87.0
MH,2012-06-01,2012-06-04,2012-10-05,27,84.3
MH,2012-07-01,2012-06-04,2012-10-05,31,83.4
MH,2012-08-01,2012-06-04,2012-10-05,31,87.3
MH,2012-09-01,2012-06-04,2012-10-05,30,103.3
MH,2012-10-01,2012-06-04,2012-10-05,5,77.8
MH,2012-11-01,2012-06-04,2012-10-05,0,91.3
MH,2012-12-01,2012-06-04,2012-10-05,0,135.3
MH,2013-01-01,2013-06-03,2013-10-03,0,145.4
MH,2013-02-01,2013-06-03,2013-10-03,0,89.7
MH,2013-03-01,2013-06-03,2013-10-03,0,77.5
MH,2013-04-01,2013-06-03,2013-10-03,0,65.7
MH,2013-05-01,2013-06-03,2013-10-03,0,91.8
MH,2013-06-01,2013-06-03,2013-10-03,28,108.5
MH,2013-07-01,2013-06-03,2013-10-03,31,110.4
MH,2013-08-01,2013-06-03,2013-10-03,31,83.4
MH,2013-09-01,2013-06-03,2013-10-03,30,141.8
MH,2013-10-01,2013-06-03,2013-10-03,3,61.3
MH,2013-11-01,2013-06-03,2013-10-03,0,128.4
MH,2013-12-01,2013-06-03,2013-10-03,0,87.5
MH,2014-01-01,2014-06-10,2014-10-11,0,127.3
MH,2014-02-01,2014-06-10,2014-10-11,0,129.9
MH,2014-03-01,2014-06-10,2014-10-11,0,59.3
MH,2014-04-01,2014-06-10,2014-10-11,0,55.3
MH,2014-05-01,2014-06-10,2014-10-11,0,59.9
MH,2014-06-01,2014-06-10,2014-10-11,21,61.5
MH,2014-07-01,2014-06-10,2014-10-11,31,79.5
MH,2014-08-01,2014-06-10,2014-10-11,31,66.7
MH,2014-09-01,2014-06-10,2014-10-11,30,71.9
MH,2014-10-01,2014-06-10,2014-10-11,11,72.8
MH,2014-11-01,2014-06-10,2014-10-11,0,69.1
MH,2014-12-01,2014-06-10,2014-10-11,0,157.6
MH,2015-01-01,2015-06-11,2015-10-08,0,90.7
MH,2015-02-01,2015-06-11,2015-10-08,0,107.3
MH,2015-03-01,2015-06-11,2015-10-08,0,87.8
MH,2015-04-01,2015-06-11,2015-10-08,0,70.3
MH,2015-05-01,2015-06-11,2015-10-08,0,131.1
MH,2015-06-01,2015-06-11,2015-10-08,20,116.6
MH,2015-07-01,2015-06-11,2015-10-08,31,131.2
MH,2015-08-01,2015-06-11,2015-10-08,31,83.7
MH,2015-09-01,2015-06-11,2015-10-08,30,162.8
MH,2015-10-01,2015-06-11,2015-10-08,8,120.3
MH,2015-11-01,2015-06-11,2015-10-08,0,118.2
MH,2015-12-01,2015-06-11,2015-10-08,0,95.7
MH,2016-01-01,2016-06-11,2016-10-31,0,91.0
MH,2016-02-01,2016-06-11,2016-10-31,0,136.0
MH,2016-03-01,2016-06-11,2016-10-31,0,62.4
MH,2016-04-01,2016-06-11,2016-10-31,0,83.2
MH,2016-05-01,2016-06-11,2016-10-31,0,111.8
MH,2016-06-01,2016-06-11,2016-10-31,20,108.9
MH,2016-07-01,2016-06-11,2016-10-31,31,138.3
MH,2016-08-01,2016-06-11,2016-10-31,31,141.7
MH,2016-09-01,2016-06-11,2016-10-31,30,90.6
MH,2016-10-01,2016-06-11,2016-10-31,31,89.5
MH,2016-11-01,2016-06-11,2016-10-31,0,24.7
MH,2016-12-01,2016-06-11,2016-10-31,0,83.0
MH,2017-01-01,2017-06-06,2017-09-25,0,128.8
MH,2017-02-01,2017-06-06,2017-09-25,0,125.6
MH,2017-03-01,2017-06-06,2017-09-25,0,112.9
MH,2017-04-01,2017-06-06,2017-09-25,0,62.4
MH,2017-05-01,2017-06-06,2017-09-25,0,134.5
MH,2017-06-01,2017-06-06,2017-09-25,25,84.5
MH,2017-07-01,2017-06-06,2017-09-25,31,104.2
MH,2017-08-01,2017-06-06,2017-09-25,31,94.7
MH,2017-09-01,2017-06-06,2017-09-25,25,101.3
MH,2017-10-01,2017-06-06,2017-09-25,0,135.0
MH,2017-11-01,2017-06-06,2017-09-25,0,34.8
MH,2017-12-01,2017-06-06,2017-09-25,0,76.4
MH,2018-01-01,2018-06-18,2018-09-21,0,90.9
MH,2018-02-01,2018-06-18,2018-09-21,0,123.3
MH,2018-03-01,2018-06-18,2018-09-21,0,112.8
MH,2018-04-01,2018-06-18,2018-09-21,0,192.8
MH,2018-05-01,2018-06-18,2018-09-21,0,72.5
MH,2018-06-01,2018-06-18,2018-09-21,13,67.3
MH,2018-07-01,2018-06-18,2018-09-21,31,93.1
MH,2018-08-01,2018-06-18,2018-09-21,31,108.1
MH,2018-09-01,2018-06-18,2018-09-21,21,125.7
MH,2018-10-01,2018-06-18,2018-09-21,0,87.5
MH,2018-11-01,2018-06-18,2018-09-21,0,132.0
MH,2018-12-01,2018-06-18,2018-09-21,0,122.7
MH,2019-01-01,2019-06-07,2019-10-10,0,103.7
MH,2019-02-01,2019-06-07,2019-10-10,0,79.4
MH,2019-03-01,2019-06-07,2019-10-10,0,112.7
MH,2019-04-01,2019-06-07,2019-10-10,0,73.7
MH,2019-05-01,2019-06-07,2019-10-10,0,126.4
MH,2019-06-01,2019-06-07,2019-10-10,24,119.6
MH,2019-07-01,2019-06-07,2019-10-10,31,86.3
MH,2019-08-01,2019-06-07,2019-10-10,31,101.4
MH,2019-09-01,2019-06-07,2019-10-10,30,77.9
MH,2019-10-01,2019-06-07,2019-10-10,10,77.5
MH,2019-11-01,2019-06-07,2019-10-10,0,53.8
MH,2019-12-01,2019-06-07,2019-10-10,0,148.2
MH,2020-01-01,2020-06-07,2020-10-04,0,182.5
MH,2020-02-01,2020-06-07,2020-10-04,0,148.2
MH,2020-03-01,2020-06-07,2020-10-04,0,101.1
MH,2020-04-01,2020-06-07,2020-10-04,0,104.9
MH,2020-05-01,2020-06-07,2020-10-04,0,27.9
MH,2020-06-01,2020-06-07,2020-10-04,24,98.2
MH,2020-07-01,2020-06-07,2020-10-04,31,82.5
MH,2020-08-01,2020-06-07,2020-10-04,31,87.9
MH,2020-09-01,2020-06-07,2020-10-04,30,68.4
MH,2020-10-01,2020-06-07,2020-10-04,4,66.1
MH,2020-11-01,2020-06-07,2020-10-04,0,105.5
MH,2020-12-01,2020-06-07,2020-10-04,0,116.5
MH,2021-01-01,2021-06-29,2021-10-17,0,121.2
MH,2021-02-01,2021-06-29,2021-10-17,0,127.3
MH,2021-03-01,2021-06-29,2021-10-17,0,101.0
MH,2021-04-01,2021-06-29,2021-10-17,0,139.4
MH,2021-05-01,2021-06-29,2021-10-17,0,136.4
MH,2021-06-01,2021-06-29,2021-10-17,2,75.2
MH,2021-07-01,2021-06-29,2021-10-17,31,107.2
MH,2021-08-01,2021-06-29,2021-10-17,31,105.8
MH,2021-09-01,2021-06-29,2021-10-17,30,113.2
MH,2021-10-01,2021-06-29,2021-10-17,17,93.4
MH,2021-11-01,2021-06-29,2021-10-17,0,98.9
MH,2021-12-01,2021-06-29,2021-10-17,0,125.0
MH,2022-01-01,2022-06-13,2022-10-14,0,86.0
MH,2022-02-01,2022-06-13,2022-10-14,0,120.6
MH,2022-03-01,2022-06-13,2022-10-14,0,136.8
MH,2022-04-01,2022-06-13,2022-10-14,0,170.7
MH,2022-05-01,2022-06-13,2022-10-14,0,135.6
MH,2022-06-01,2022-06-13,2022-10-14,18,121.8
MH,2022-07-01,2022-06-13,2022-10-14,31,89.5
MH,2022-08-01,2022-06-13,2022-10-14,31,96.4
MH,2022-09-01,2022-06-13,2022-10-14,30,121.8
MH,2022-10-01,2022-06-13,2022-10-14,14,97.4
MH,2022-11-01,2022-06-13,2022-10-14,0,156.6
MH,2022-12-01,2022-06-13,2022-10-14,0,53.2
MH,2023-01-01,2023-06-14,2023-09-30,0,94.5
MH,2023-02-01,2023-06-14,2023-09-30,0,101.2
MH,2023-03-01,2023-06-14,2023-09-30,0,85.8
MH,2023-04-01,2023-06-14,2023-09-30,0,68.0
MH,2023-05-01,2023-06-14,2023-09-30,0,87.0
MH,2023-06-01,2023-06-14,2023-09-30,17,115.0
MH,2023-07-01,2023-06-14,2023-09-30,31,107.4
MH,2023-08-01,2023-06-14,2023-09-30,31,91.7
MH,2023-09-01,2023-06-14,2023-09-30,30,107.5
MH,2023-10-01,2023-06-14,2023-09-30,0,128.0
MH,2023-11-01,2023-06-14,2023-09-30,0,63.9
MH,2023-12-01,2023-06-14,2023-09-30,0,99.3
MH,2024-01-01,2024-05-28,2024-09-18,0,98.1
MH,2024-02-01,2024-05-28,2024-09-18,0,31.9
MH,2024-03-01,2024-05-28,2024-09-18,0,19.9
MH,2024-04-01,2024-05-28,2024-09-18,0,118.8
MH,2024-05-01,2024-05-28,2024-09-18,4,108.1
MH,2024-06-01,2024-05-28,2024-09-18,30,123.1
MH,2024-07-01,2024-05-28,2024-09-18,31,140.4
MH,2024-08-01,2024-05-28,2024-09-18,31,107.0
MH,2024-09-01,2024-05-28,2024-09-18,18,101.3
MH,2024-10-01,2024-05-28,2024-09-18,0,117.7
MH,2024-11-01,2024-05-28,2024-09-18,0,101.9
MH,2024-12-01,2024-05-28,2024-09-18,0,48.4
MH,2025-01-01,2025-06-15,2025-10-20,0,70.2
MH,2025-02-01,2025-06-15,2025-10-20,0,147.9
MH,2025-03-01,2025-06-15,2025-10-20,0,93.3
MH,2025-04-01,2025-06-15,2025-10-20,0,116.5
MH,2025-05-01,2025-06-15,2025-10-20,0,85.0
MH,2025-06-01,2025-06-15,2025-10-20,16,140.9
MH,2025-07-01,2025-06-15,2025-10-20,31,144.2
MH,2025-08-01,2025-06-15,2025-10-20,31,125.2
MH,2025-09-01,2025-06-15,2025-10-20,30,77.5
MH,2025-10-01,2025-06-15,2025-10-20,20,117.0
MH,2025-11-01,2025-06-15,2025-10-20,0,115.8
MH,2025-12-01,2025-06-15,2025-10-20,0,93.7
MH,2026-01-01,2026-06-01,2026-10-09,0,24.9
MH,2026-02-01,2026-06-01,2026-10-09,0,116.1
MH,2026-03-01,2026-06-01,2026-10-09,0,112.3
MH,2026-04-01,2026-06-01,2026-10-09,0,49.1
MH,2026-05-01,2026-06-01,2026-10-09,0,91.5
MH,2026-06-01,2026-06-01,2026-10-09,30,119.4
MH,2026-07-01,2026-06-01,2026-10-09,31,129.5
MH,2026-08-01,2026-06-01,2026-10-09,31,83.7
MH,2026-09-01,2026-06-01,2026-10-09,30,117.6
MH,2026-10-01,2026-06-01,2026-10-09,9,188.3
MH,2026-11-01,2026-06-01,2026-10-09,0,95.7
MH,2026-12-01,2026-06-01,2026-10-09,0,109.2
MN,2012-01-01,2012-06-12,2012-10-22,0,147.0
MN,2012-02-01,2012-06-12,2012-10-22,0,99.2
MN,2012-03-01,2012-06-12,2012-10-22,0,172.4
MN,2012-04-01,2012-06-12,2012-10-22,0,62.9
MN,2012-05-01,2012-06-12,2012-10-22,0,106.6
MN,2012-06-01,2012-06-12,2012-10-22,19,92.0
MN,2012-07-01,2012-06-12,2012-10-22,31,101.7
MN,2012-08-01,2012-06-12,2012-10-22,31,112.2
MN,2012-09-01,2012-06-12,2012-10-22,30,116.0
MN,2012-10-01,2012-06-12,2012-10-22,22,93.1
MN,2012-11-01,2012-06-12,2012-10-22,0,150.8
MN,2012-12-01,2012-06-12,2012-10-22,0,135.7
MN,2013-01-01,2013-06-08,2013-10-07,0,82.3
MN,2013-02-01,2013-06-08,2013-10-07,0,135.0
MN,2013-03-01,2013-06-08,2013-10-07,0,79.7
MN,2013-04-01,2013-06-08,2013-10-07,0,113.0
MN,2013-05-01,2013-06-08,2013-10-07,0,117.9
MN,2013-06-01,2013-06-08,2013-10-07,23,138.6
MN,2013-07-01,2013-06-08,2013-10-07,31,123.3
MN,2013-08-01,2013-06-08,2013-10-07,31,74.8
MN,2013-09-01,2013-06-08,2013-10-07,30,106.0
MN,2013-10-01,2013-06-08,2013-10-07,7,88.5
MN,2013-11-01,2013-06-08,2013-10-07,0,174.4
MN,2013-12-01,2013-06-08,2013-10-07,0,112.6
MN,2014-01-01,2014-06-05,2014-10-12,0,101.0
MN,2014-02-01,2014-06-05,2014-10-12,0,148.5
MN,2014-03-01,2014-06-05,2014-10-12,0,152.5
MN,2014-04-01,2014-06-05,2014-10-12,0,121.2
MN,2014-05-01,2014-06-05,2014-10-12,0,166.6
MN,2014-06-01,2014-06-05,2014-10-12,26,98.9
MN,2014-07-01,2014-06-05,2014-10-12,31,95.6
MN,2014-08-01,2014-06-05,2014-10-12,31,64.7
MN,2014-09-01,2014-06-05,2014-10-12,30,84.6
MN,2014-10-01,2014-06-05,2014-10-12,12,111.6
MN,2014-11-01,2014-06-05,2014-10-12,0,13.4
MN,2014-12-01,2014-06-05,2014-10-12,0,104.4
MN,2015-01-01,2015-06-16,2015-11-06,0,37.7
MN,2015-02-01,2015-06-16,2015-11-06,0,35.1
MN,2015-03-01,2015-06-16,2015-11-06,0,128.0
MN,2015-04-01,2015-06-16,2015-11-06,0,126.1
MN,2015-05-01,2015-06-16,2015-11-06,0,106.1
MN,2015-06-01,2015-06-16,2015-11-06,15,86.1
MN,2015-07-01,2015-06-16,2015-11-06,31,78.7
MN,2015-08-01,2015-06-16,2015-11-06,31,99.7
MN,2015-09-01,2015-06-16,2015-11-06,30,58.2
MN,2015-10-01,2015-06-16,2015-11-06,31,50.5
MN,2015-11-01,2015-06-16,2015-11-06,6,61.9
MN,2015-12-01,2015-06-16,2015-11-06,0,122.2
MN,2016-01-01,2016-06-04,2016-10-14,0,116.7
MN,2016-02-01,2016-06-04,2016-10-14,0,75.2
MN,2016-03-01,2016-06-04,2016-10-14,0,105.4
MN,2016-04-01,2016-06-04,2016-10-14,0,85.9
MN,2016-05-01,2016-06-04,2016-10-14,0,59.7
MN,2016-06-01,2016-06-04,2016-10-14,27,126.5
MN,2016-07-01,2016-06-04,2016-10-14,31,127.4
MN,2016-08-01,2016-06-04,2016-10-14,31,97.9
MN,2016-09-01,2016-06-04,2016-10-14,30,106.1
MN,2016-10-01,2016-06-04,2016-10-14,14,91.4
MN,2016-11-01,2016-06-04,2016-10-14,0,128.2
MN,2016-12-01,2016-06-04,2016-10-14,0,128.5
MN,2017-01-01,2017-06-01,2017-10-27,0,117.5
MN,2017-02-01,2017-06-01,2017-10-27,0,162.9
MN,2017-03-01,2017-06-01,2017-10-27,0,79.5
MN,2017-04-01,2017-06-01,2017-10-27,0,92.3
MN,2017-05-01,2017-06-01,2017-10-27,0,125.0
MN,2017-06-01,2017-06-01,2017-10-27,30,74.9
MN,2017-07-01,2017-06-01,2017-10-27,31,97.1
MN,2017-08-01,2017-06-01,2017-10-27,31,98.2
MN,2017-09-01,2017-06-01,2017-10-27,30,75.4
MN,2017-10-01,2017-06-01,2017-10-27,27,74.8
MN,2017-11-01,2017-06-01,2017-10-27,0,114.7
MN,2017-12-01,2017-06-01,2017-10-27,0,83.2
MN,2018-01-01,2018-06-04,2018-10-20,0,143.9
MN,2018-02-01,2018-06-04,2018-10-20,0,49.1
MN,2018-03-01,2018-06-04,2018-10-20,0,69.5
MN,2018-04-01,2018-06-04,2018-10-20,0,56.3
MN,2018-05-01,2018-06-04,2018-10-20,0,57.5
MN,2018-06-01,2018-06-04,2018-10-20,27,165.2
MN,2018-07-01,2018-06-04,2018-10-20,31,178.9
MN,2018-08-01,2018-06-04,2018-10-20,31,125.0
MN,2018-09-01,2018-06-04,2018-10-20,30,122.2
MN,2018-10-01,2018-06-04,2018-10-20,20,180.9
MN,2018-11-01,2018-06-04,2018-10-20,0,72.8
MN,2018-12-01,2018-06-04,2018-10-20,0,108.5
MN,2019-01-01,2019-06-06,2019-10-25,0,127.5
MN,2019-02-01,2019-06-06,2019-10-25,0,175.7
MN,2019-03-01,2019-06-06,2019-10-25,0,144.0
MN,2019-04-01,2019-06-06,2019-10-25,0,137.9
MN,2019-05-01,2019-06-06,2019-10-25,0,111.9
MN,2019-06-01,2019-06-06,2019-10-25,25,51.8
MN,2019-07-01,2019-06-06,2019-10-25,31,62.5
MN,2019-08-01,2019-06-06,2019-10-25,31,57.3
MN,2019-09-01,2019-06-06,2019-10-25,30,96.2
MN,2019-10-01,2019-06-06,2019-10-25,25,47.0
MN,2019-11-01,2019-06-06,2019-10-25,0,146.2
MN,2019-12-01,2019-06-06,2019-10-25,0,46.2
MN,2020-01-01,2020-05-30,2020-10-21,0,138.0
MN,2020-02-01,2020-05-30,2020-10-21,0,85.3
MN,2020-03-01,2020-05-30,2020-10-21,0,121.1
MN,2020-04-01,2020-05-30,2020-10-21,0,110.4
MN,2020-05-01,2020-05-30,2020-10-21,2,110.0
MN,2020-06-01,2020-05-30,2020-10-21,30,136.9
MN,2020-07-01,2020-05-30,2020-10-21,31,96.7
MN,2020-08-01,2020-05-30,2020-10-21,31,115.9
MN,2020-09-01,2020-05-30,2020-10-21,30,127.9
MN,2020-10-01,2020-05-30,2020-10-21,21,84.4
MN,2020-11-01,2020-05-30,2020-10-21,0,65.8
MN,2020-12-01,2020-05-30,2020-10-21,0,137.0
MN,2021-01-01,2021-06-05,2021-10-30,0,52.6
MN,2021-02-01,2021-06-05,2021-10-30,0,61.8
MN,2021-03-01,2021-06-05,2021-10-30,0,87.8
MN,2021-04-01,2021-06-05,2021-10-30,0,116.9
MN,2021-05-01,2021-06-05,2021-10-30,0,159.4
MN,2021-06-01,2021-06-05,2021-10-30,26,72.6
MN,2021-07-01,2021-06-05,2021-10-30,31,116.9
MN,2021-08-01,2021-06-05,2021-10-30,31,73.9
MN,2021-09-01,2021-06-05,2021-10-30,30,95.1
MN,2021-10-01,2021-06-05,2021-10-30,30,103.8
MN,2021-11-01,2021-06-05,2021-10-30,0,140.9
MN,2021-12-01,2021-06-05,2021-10-30,0,140.1
MN,2022-01-01,2022-05-29,2022-10-04,0,116.4
MN,2022-02-01,2022-05-29,2022-10-04,0,44.8
MN,2022-03-01,2022-05-29,2022-10-04,0,103.2
MN,2022-04-01,2022-05-29,2022-10-04,0,115.3
MN,2022-05-01,2022-05-29,2022-10-04,3,144.1
MN,2022-06-01,2022-05-29,2022-10-04,30,121.9
MN,2022-07-01,2022-05-29,2022-10-04,31,155.7
MN,2022-08-01,2022-05-29,2022-10-04,31,131.4
MN,2022-09-01,2022-05-29,2022-10-04,30,114.6
MN,2022-10-01,2022-05-29,2022-10-04,4,135.6
MN,2022-11-01,2022-05-29,2022-10-04,0,113.6
MN,2022-12-01,2022-05-29,2022-10-04,0,160.1
MN,2023-01-01,2023-06-02,2023-10-21,0,99.9
MN,2023-02-01,2023-06-02,2023-10-21,0,139.4
MN,2023-03-01,2023-06-02,2023-10-21,0,110.8
MN,2023-04-01,2023-06-02,2023-10-21,0,74.3
MN,2023-05-01,2023-06-02,2023-10-21,0,94.5
MN,2023-06-01,2023-06-02,2023-10-21,29,121.7
MN,2023-07-01,2023-06-02,2023-10-21,31,96.8
MN,2023-08-01,2023-06-02,2023-10-21,31,80.9
MN,2023-09-01,2023-06-02,2023-10-21,30,109.9
MN,2023-10-01,2023-06-02,2023-10-21,21,126.1
MN,2023-11-01,2023-06-02,2023-10-21,0,117.4
MN,2023-12-01,2023-06-02,2023-10-21,0,106.8
MN,2024-01-01,2024-06-11,2024-10-07,0,58.6
MN,2024-02-01,2024-06-11,2024-10-07,0,54.7
MN,2024-03-01,2024-06-11,2024-10-07,0,94.8
MN,2024-04-01,2024-06-11,2024-10-07,0,49.7
MN,2024-05-01,2024-06-11,2024-10-07,0,104.6
MN,2024-06-01,2024-06-11,2024-10-07,20,85.5
MN,2024-07-01,2024-06-11,2024-10-07,31,101.7
MN,2024-08-01,2024-06-11,2024-10-07,31,108.6
MN,2024-09-01,2024-06-11,2024-10-07,30,73.4
MN,2024-10-01,2024-06-11,2024-10-07,7,81.3
MN,2024-11-01,2024-06-11,2024-10-07,0,60.0
MN,2024-12-01,2024-06-11,2024-10-07,0,86.8
MN,2025-01-01,2025-05-31,2025-11-09,0,83.9
MN,2025-02-01,2025-05-31,2025-11-09,0,131.7
MN,2025-03-01,2025-05-31,2025-11-09,0,114.0
MN,2025-04-01,2025-05-31,2025-11-09,0,103.1
MN,2025-05-01,2025-05-31,2025-11-09,1,115.5
MN,2025-06-01,2025-05-31,2025-11-09,30,100.5
MN,2025-07-01,2025-05-31,2025-11-09,31,76.5
MN,2025-08-01,2025-05-31,2025-11-09,31,99.4
MN,2025-09-01,2025-05-31,2025-11-09,30,99.1
MN,2025-10-01,2025-05-31,2025-11-09,31,90.3
MN,2025-11-01,2025-05-31,2025-11-09,9,81.8
MN,2025-12-01,2025-05-31,2025-11-09,0,115.8
MN,2026-01-01,2026-05-28,2026-10-18,0,159.7
MN,2026-02-01,2026-05-28,2026-10-18,0,61.1
MN,2026-03-01,2026-05-28,2026-10-18,0,95.7
MN,2026-04-01,2026-05-28,2026-10-18,0,72.9
MN,2026-05-01,2026-05-28,2026-10-18,4,65.5
MN,2026-06-01,2026-05-28,2026-10-18,30,78.0
MN,2026-07-01,2026-05-28,2026-10-18,31,95.5
MN,2026-08-01,2026-05-28,2026-10-18,31,70.7
MN,2026-09-01,2026-05-28,2026-10-18,30,147.7
MN,2026-10-01,2026-05-28,2026-10-18,18,110.0
MN,2026-11-01,2026-05-28,2026-10-18,0,113.8
MN,2026-12-01,2026-05-28,2026-10-18,0,108.0
ML,2012-01-01,2012-06-17,2012-10-14,0,76.3
ML,2012-02-01,2012-06-17,2012-10-14,0,48.1
ML,2012-03-01,2012-06-17,2012-10-14,0,51.8
ML,2012-04-01,2012-06-17,2012-10-14,0,118.6
ML,2012-05-01,2012-06-17,2012-10-14,0,95.1
ML,2012-06-01,2012-06-17,2012-10-14,14,127.8
ML,2012-07-01,2012-06-17,2012-10-14,31,97.4
ML,2012-08-01,2012-06-17,2012-10-14,31,92.1
ML,2012-09-01,2012-06-17,2012-10-14,30,147.0
ML,2012-10-01,2012-06-17,2012-10-14,14,129.4
ML,2012-11-01,2012-06-17,2012-10-14,0,91.2
ML,2012-12-01,2012-06-17,2012-10-14,0,54.0
ML,2013-01-01,2013-06-06,2013-10-29,0,115.5
ML,2013-02-01,2013-06-06,2013-10-29,0,73.4
ML,2013-03-01,2013-06-06,2013-10-29,0,96.7
ML,2013-04-01,2013-06-06,2013-10-29,0,163.9
ML,2013-05-01,2013-06-06,2013-10-29,0,111.0
ML,2013-06-01,2013-06-06,2013-10-29,25,95.2
ML,2013-07-01,2013-06-06,2013-10-29,31,141.2
ML,2013-08-01,2013-06-06,2013-10-29,31,88.8
ML,2013-09-01,2013-06-06,2013-10-29,30,152.6
ML,2013-10-01,2013-06-06,2013-10-29,29,164.0
ML,2013-11-01,2013-06-06,2013-10-29,0,80.8
ML,2013-12-01,2013-06-06,2013-10-29,0,84.8
ML,2014-01-01,2014-06-05,2014-09-27,0,109.0
ML,2014-02-01,2014-06-05,2014-09-27,0,78.8
ML,2014-03-01,2014-06-05,2014-09-27,0,103.7
ML,2014-04-01,2014-06-05,2014-09-27,0,111.2
ML,2014-05-01,2014-06-05,2014-09-27,0,121.9
ML,2014-06-01,2014-06-05,2014-09-27,26,160.0
ML,2014-07-01,2014-06-05,2014-09-27,31,99.4
ML,2014-08-01,2014-06-05,2014-09-27,31,121.3
ML,2014-09-01,2014-06-05,2014-09-27,27,78.4
ML,2014-10-01,2014-06-05,2014-09-27,0,85.5
ML,2014-11-01,2014-06-05,2014-09-27,0,110.0
ML,2014-12-01,2014-06-05,2014-09-27,0,45.9
ML,2015-01-01,2015-06-04,2015-10-03,0,149.5
ML,2015-02-01,2015-06-04,2015-10-03,0,119.8
ML,2015-03-01,2015-06-04,2015-10-03,0,106.7
ML,2015-04-01,2015-06-04,2015-10-03,0,109.9
ML,2015-05-01,2015-06-04,2015-10-03,0,113.1
ML,2015-06-01,2015-06-04,2015-10-03,27,100.4
ML,2015-07-01,2015-06-04,2015-10-03,31,99.3
ML,2015-08-01,2015-06-04,2015-10-03,31,113.2
ML,2015-09-01,2015-06-04,2015-10-03,30,104.8
ML,2015-10-01,2015-06-04,2015-10-03,3,91.2
ML,2015-11-01,2015-06-04,2015-10-03,0,50.9
ML,2015-12-01,2015-06-04,2015-10-03,0,37.6
ML,2016-01-01,2016-06-02,2016-09-27,0,139.8
ML,2016-02-01,2016-06-02,2016-09-27,0,88.2
ML,2016-03-01,2016-06-02,2016-09-27,0,67.5
ML,2016-04-01,2016-06-02,2016-09-27,0,102.9
ML,2016-05-01,2016-06-02,2016-09-27,0,131.3
ML,2016-06-01,2016-06-02,2016-09-27,29,93.9
ML,2016-07-01,2016-06-02,2016-09-27,31,134.9
ML,2016-08-01,2016-06-02,2016-09-27,31,132.7
ML,2016-09-01,2016-06-02,2016-09-27,27,76.7
ML,2016-10-01,2016-06-02,2016-09-27,0,103.4
ML,2016-11-01,2016-06-02,2016-09-27,0,130.5
ML,2016-12-01,2016-06-02,2016-09-27,0,56.9
ML,2017-01-01,2017-06-05,2017-10-09,0,99.1
ML,2017-02-01,2017-06-05,2017-10-09,0,83.4
ML,2017-03-01,2017-06-05,2017-10-09,0,62.1
ML,2017-04-01,2017-06-05,2017-10-09,0,143.3
ML,2017-05-01,2017-06-05,2017-10-09,0,92.6
ML,2017-06-01,2017-06-05,2017-10-09,26,102.6
ML,2017-07-01,2017-06-05,2017-10-09,31,93.5
ML,2017-08-01,2017-06-05,2017-10-09,31,97.8
ML,2017-09-01,2017-06-05,2017-10-09,30,86.3
ML,2017-10-01,2017-06-05,2017-10-09,9,97.2
ML,2017-11-01,2017-06-05,2017-10-09,0,86.0
ML,2017-12-01,2017-06-05,2017-10-09,0,103.9
ML,2018-01-01,2018-06-04,2018-10-10,0,30.3
ML,2018-02-01,2018-06-04,2018-10-10,0,6.4
ML,2018-03-01,2018-06-04,2018-10-10,0,85.8
ML,2018-04-01,2018-06-04,2018-10-10,0,149.2
ML,2018-05-01,2018-06-04,2018-10-10,0,83.7
ML,2018-06-01,2018-06-04,2018-10-10,27,66.6
ML,2018-07-01,2018-06-04,2018-10-10,31,73.2
ML,2018-08-01,2018-06-04,2018-10-10,31,75.5
ML,2018-09-01,2018-06-04,2018-10-10,30,77.5
ML,2018-10-01,2018-06-04,2018-10-10,10,88.2
ML,2018-11-01,2018-06-04,2018-10-10,0,125.8
ML,2018-12-01,2018-06-04,2018-10-10,0,119.4
ML,2019-01-01,2019-06-07,2019-10-23,0,152.8
ML,2019-02-01,2019-06-07,2019-10-23,0,166.6
ML,2019-03-01,2019-06-07,2019-10-23,0,102.0
ML,2019-04-01,2019-06-07,2019-10-23,0,122.9
ML,2019-05-01,2019-06-07,2019-10-23,0,127.9
ML,2019-06-01,2019-06-07,2019-10-23,24,66.3
ML,2019-07-01,2019-06-07,2019-10-23,31,95.2
ML,2019-08-01,2019-06-07,2019-10-23,31,80.2
ML,2019-09-01,2019-06-07,2019-10-23,30,83.9
ML,2019-10-01,2019-06-07,2019-10-23,23,75.2
ML,2019-11-01,2019-06-07,2019-10-23,0,102.9
ML,2019-12-01,2019-06-07,2019-10-23,0,94.7
ML,2020-01-01,2020-06-01,2020-10-05,0,80.6
ML,2020-02-01,2020-06-01,2020-10-05,0,47.5
ML,2020-03-01,2020-06-01,2020-10-05,0,83.0
ML,2020-04-01,2020-06-01,2020-10-05,0,112.0
ML,2020-05-01,2020-06-01,2020-10-05,0,42.4
ML,2020-06-01,2020-06-01,2020-10-05,30,70.9
ML,2020-07-01,2020-06-01,2020-10-05,31,91.1
ML,2020-08-01,2020-06-01,2020-10-05,31,99.8
ML,2020-09-01,2020-06-01,2020-10-05,30,98.1
ML,2020-10-01,2020-06-01,2020-10-05,5,74.2
ML,2020-11-01,2020-06-01,2020-10-05,0,26.9
ML,2020-12-01,2020-06-01,2020-10-05,0,66.9
ML,2021-01-01,2021-06-08,2021-10-15,0,233.2
ML,2021-02-01,2021-06-08,2021-10-15,0,94.5
ML,2021-03-01,2021-06-08,2021-10-15,0,79.9
ML,2021-04-01,2021-06-08,2021-10-15,0,72.6
ML,2021-05-01,2021-06-08,2021-10-15,0,102.7
ML,2021-06-01,2021-06-08,2021-10-15,23,92.0
ML,2021-07-01,2021-06-08,2021-10-15,31,117.5
ML,2021-08-01,2021-06-08,2021-10-15,31,94.4
ML,2021-09-01,2021-06-08,2021-10-15,30,98.8
ML,2021-10-01,2021-06-08,2021-10-15,15,92.3
ML,2021-11-01,2021-06-08,2021-10-15,0,143.8
ML,2021-12-01,2021-06-08,2021-10-15,0,105.3
ML,2022-01-01,2022-06-04,2022-10-10,0,122.6
ML,2022-02-01,2022-06-04,2022-10-10,0,126.1
ML,2022-03-01,2022-06-04,2022-10-10,0,63.3
ML,2022-04-01,2022-06-04,2022-10-10,0,124.0
ML,2022-05-01,2022-06-04,2022-10-10,0,72.0
ML,2022-06-01,2022-06-04,2022-10-10,27,47.8
ML,2022-07-01,2022-06-04,2022-10-10,31,69.3
ML,2022-08-01,2022-06-04,2022-10-10,31,94.7
ML,2022-09-01,2022-06-04,2022-10-10,30,85.1
ML,2022-10-01,2022-06-04,2022-10-10,10,123.6
ML,2022-11-01,2022-06-04,2022-10-10,0,109.0
ML,2022-12-01,2022-06-04,2022-10-10,0,129.3
ML,2023-01-01,2023-06-17,2023-10-27,0,121.7
ML,2023-02-01,2023-06-17,2023-10-27,0,106.0
ML,2023-03-01,2023-06-17,2023-10-27,0,53.7
ML,2023-04-01,2023-06-17,2023-10-27,0,134.6
ML,2023-05-01,2023-06-17,2023-10-27,0,113.5
ML,2023-06-01,2023-06-17,2023-10-27,14,82.1
ML,2023-07-01,2023-06-17,2023-10-27,31,59.1
ML,2023-08-01,2023-06-17,2023-10-27,31,68.5
ML,2023-09-01,2023-06-17,2023-10-27,30,91.5
ML,2023-10-01,2023-06-17,2023-10-27,27,67.6
ML,2023-11-01,2023-06-17,2023-10-27,0,49.0
ML,2023-12-01,2023-06-17,2023-10-27,0,97.5
ML,2024-01-01,2024-05-24,2024-10-24,0,120.8
ML,2024-02-01,2024-05-24,2024-10-24,0,100.0
ML,2024-03-01,2024-05-24,2024-10-24,0,107.2
ML,2024-04-01,2024-05-24,2024-10-24,0,111.6
ML,2024-05-01,2024-05-24,2024-10-24,8,170.5
ML,2024-06-01,2024-05-24,2024-10-24,30,179.4
ML,2024-07-01,2024-05-24,2024-10-24,31,127.7
ML,2024-08-01,2024-05-24,2024-10-24,31,184.9
ML,2024-09-01,2024-05-24,2024-10-24,30,145.5
ML,2024-10-01,2024-05-24,2024-10-24,24,146.7
ML,2024-11-01,2024-05-24,2024-10-24,0,28.2
ML,2024-12-01,2024-05-24,2024-10-24,0,10.8
ML,2025-01-01,2025-06-02,2025-10-13,0,63.3
ML,2025-02-01,2025-06-02,2025-10-13,0,67.7
ML,2025-03-01,2025-06-02,2025-10-13,0,112.5
ML,2025-04-01,2025-06-02,2025-10-13,0,94.5
ML,2025-05-01,2025-06-02,2025-10-13,0,88.0
ML,2025-06-01,2025-06-02,2025-10-13,29,78.3
ML,2025-07-01,2025-06-02,2025-10-13,31,112.5
ML,2025-08-01,2025-06-02,2025-10-13,31,108.2
ML,2025-09-01,2025-06-02,2025-10-13,30,130.1
ML,2025-10-01,2025-06-02,2025-10-13,13,111.1
ML,2025-11-01,2025-06-02,2025-10-13,0,92.5
ML,2025-12-01,2025-06-02,2025-10-13,0,76.6
ML,2026-01-01,2026-05-28,2026-10-20,0,121.4
ML,2026-02-01,2026-05-28,2026-10-20,0,170.3
ML,2026-03-01,2026-05-28,2026-10-20,0,126.3
ML,2026-04-01,2026-05-28,2026-10-20,0,109.2
ML,2026-05-01,2026-05-28,2026-10-20,4,83.5
ML,2026-06-01,2026-05-28,2026-10-20,30,93.2
ML,2026-07-01,2026-05-28,2026-10-20,31,120.8
ML,2026-08-01,2026-05-28,2026-10-20,31,85.4
ML,2026-09-01,2026-05-28,2026-10-20,30,81.5
ML,2026-10-01,2026-05-28,2026-10-20,20,71.8
ML,2026-11-01,2026-05-28,2026-10-20,0,127.6
ML,2026-12-01,2026-05-28,2026-10-20,0,75.7
MZ,2012-01-01,2012-05-21,2012-10-15,0,75.2
MZ,2012-02-01,2012-05-21,2012-10-15,0,76.1
MZ,2012-03-01,2012-05-21,2012-10-15,0,104.9
MZ,2012-04-01,2012-05-21,2012-10-15,0,103.3
MZ,2012-05-01,2012-05-21,2012-10-15,11,183.1
MZ,2012-06-01,2012-05-21,2012-10-15,30,167.2
MZ,2012-07-01,2012-05-21,2012-10-15,31,137.7
MZ,2012-08-01,2012-05-21,2012-10-15,31,153.4
MZ,2012-09-01,2012-05-21,2012-10-15,30,149.2
MZ,2012-10-01,2012-05-21,2012-10-15,15,130.2
MZ,2012-11-01,2012-05-21,2012-10-15,0,153.2
MZ,2012-12-01,2012-05-21,2012-10-15,0,105.1
MZ,2013-01-01,2013-06-06,2013-10-05,0,131.6
MZ,2013-02-01,2013-06-06,2013-10-05,0,112.7
MZ,2013-03-01,2013-06-06,2013-10-05,0,138.7
MZ,2013-04-01,2013-06-06,2013-10-05,0,52.2
MZ,2013-05-01,2013-06-06,2013-10-05,0,132.7
MZ,2013-06-01,2013-06-06,2013-10-05,25,71.3
MZ,2013-07-01,2013-06-06,2013-10-05,31,110.8
MZ,2013-08-01,2013-06-06,2013-10-05,31,100.6
MZ,2013-09-01,2013-06-06,2013-10-05,30,113.4
MZ,2013-10-01,2013-06-06,2013-10-05,5,99.2
MZ,2013-11-01,2013-06-06,2013-10-05,0,40.0
MZ,2013-12-01,2013-06-06,2013-10-05,0,53.3
MZ,2014-01-01,2014-06-04,2014-11-01,0,85.0
MZ,2014-02-01,2014-06-04,2014-11-01,0,107.8
MZ,2014-03-01,2014-06-04,2014-11-01,0,122.5
MZ,2014-04-01,2014-06-04,2014-11-01,0,32.8
MZ,2014-05-01,2014-06-04,2014-11-01,0,53.1
MZ,2014-06-01,2014-06-04,2014-11-01,27,81.6
MZ,2014-07-01,2014-06-04,2014-11-01,31,84.1
MZ,2014-08-01,2014-06-04,2014-11-01,31,91.2
MZ,2014-09-01,2014-06-04,2014-11-01,30,113.3
MZ,2014-10-01,2014-06-04,2014-11-01,31,90.5
MZ,2014-11-01,2014-06-04,2014-11-01,1,68.7
MZ,2014-12-01,2014-06-04,2014-11-01,0,191.2
MZ,2015-01-01,2015-06-01,2015-10-18,0,87.5
MZ,2015-02-01,2015-06-01,2015-10-18,0,131.9
MZ,2015-03-01,2015-06-01,2015-10-18,0,164.6
MZ,2015-04-01,2015-06-01,2015-10-18,0,170.5
MZ,2015-05-01,2015-06-01,2015-10-18,0,122.9
MZ,2015-06-01,2015-06-01,2015-10-18,30,88.2
MZ,2015-07-01,2015-06-01,2015-10-18,31,56.3
MZ,2015-08-01,2015-06-01,2015-10-18,31,96.4
MZ,2015-09-01,2015-06-01,2015-10-18,30,86.2
MZ,2015-10-01,2015-06-01,2015-10-18,18,73.6
MZ,2015-11-01,2015-06-01,2015-10-18,0,134.5
MZ,2015-12-01,2015-06-01,2015-10-18,0,64.0
MZ,2016-01-01,2016-06-17,2016-10-21,0,75.4
MZ,2016-02-01,2016-06-17,2016-10-21,0,50.9
MZ,2016-03-01,2016-06-17,2016-10-21,0,101.3
MZ,2016-04-01,2016-06-17,2016-10-21,0,172.5
MZ,2016-05-01,2016-06-17,2016-10-21,0,120.2
MZ,2016-06-01,2016-06-17,2016-10-21,14,89.2
MZ,2016-07-01,2016-06-17,2016-10-21,31,99.7
MZ,2016-08-01,2016-06-17,2016-10-21,31,96.1
MZ,2016-09-01,2016-06-17,2016-10-21,30,100.5
MZ,2016-10-01,2016-06-17,2016-10-21,21,94.4
MZ,2016-11-01,2016-06-17,2016-10-21,0,123.0
MZ,2016-12-01,2016-06-17,2016-10-21,0,81.9
MZ,2017-01-01,2017-06-02,2017-10-05,0,110.1
MZ,2017-02-01,2017-06-02,2017-10-05,0,173.7
MZ,2017-03-01,2017-06-02,2017-10-05,0,128.9
MZ,2017-04-01,2017-06-02,2017-10-05,0,69.3
MZ,2017-05-01,2017-06-02,2017-10-05,0,3.0
MZ,2017-06-01,2017-06-02,2017-10-05,29,95.7
MZ,2017-07-01,2017-06-02,2017-10-05,31,127.6
MZ,2017-08-01,2017-06-02,2017-10-05,31,95.2
MZ,2017-09-01,2017-06-02,2017-10-05,30,91.6
MZ,2017-10-01,2017-06-02,2017-10-05,5,127.9
MZ,2017-11-01,2017-06-02,2017-10-05,0,58.9
MZ,2017-12-01,2017-06-02,2017-10-05,0,73.7
MZ,2018-01-01,2018-05-30,2018-09-24,0,120.4
MZ,2018-02-01,2018-05-30,2018-09-24,0,96.0
MZ,2018-03-01,2018-05-30,2018-09-24,0,104.8
MZ,2018-04-01,2018-05-30,2018-09-24,0,144.0
MZ,2018-05-01,2018-05-30,2018-09-24,2,64.3
MZ,2018-06-01,2018-05-30,2018-09-24,30,110.5
MZ,2018-07-01,2018-05-30,2018-09-24,31,68.8
MZ,2018-08-01,2018-05-30,2018-09-24,31,110.0
MZ,2018-09-01,2018-05-30,2018-09-24,24,56.5
MZ,2018-10-01,2018-05-30,2018-09-24,0,156.5
MZ,2018-11-01,2018-05-30,2018-09-24,0,49.8
MZ,2018-12-01,2018-05-30,2018-09-24,0,81.9
MZ,2019-01-01,2019-05-21,2019-10-16,0,29.7
MZ,2019-02-01,2019-05-21,2019-10-16,0,131.3
MZ,2019-03-01,2019-05-21,2019-10-16,0,118.2
MZ,2019-04-01,2019-05-21,2019-10-16,0,141.0
MZ,2019-05-01,2019-05-21,2019-10-16,11,99.3
MZ,2019-06-01,2019-05-21,2019-10-16,30,106.2
MZ,2019-07-01,2019-05-21,2019-10-16,31,82.1
MZ,2019-08-01,2019-05-21,2019-10-16,31,66.3
MZ,2019-09-01,2019-05-21,2019-10-16,30,108.7
MZ,2019-10-01,2019-05-21,2019-10-16,16,110.9
MZ,2019-11-01,2019-05-21,2019-10-16,0,90.6
MZ,2019-12-01,2019-05-21,2019-10-16,0,88.7
MZ,2020-01-01,2020-05-25,2020-10-28,0,31.4
MZ,2020-02-01,2020-05-25,2020-10-28,0,181.0
MZ,2020-03-01,2020-05-25,2020-10-28,0,84.1
MZ,2020-04-01,2020-05-25,2020-10-28,0,120.7
MZ,2020-05-01,2020-05-25,2020-10-28,7,89.9
MZ,2020-06-01,2020-05-25,2020-10-28,30,69.5
MZ,2020-07-01,2020-05-25,2020-10-28,31,114.1
MZ,2020-08-01,2020-05-25,2020-10-28,31,107.0
MZ,2020-09-01,2020-05-25,2020-10-28,30,111.3
MZ,2020-10-01,2020-05-25,2020-10-28,28,106.9
MZ,2020-11-01,2020-05-25,2020-10-28,0,41.4
MZ,2020-12-01,2020-05-25,2020-10-28,0,135.5
MZ,2021-01-01,2021-06-08,2021-09-27,0,124.3
MZ,2021-02-01,2021-06-08,2021-09-27,0,125.8
MZ,2021-03-01,2021-06-08,2021-09-27,0,118.4
MZ,2021-04-01,2021-06-08,2021-09-27,0,93.9
MZ,2021-05-01,2021-06-08,2021-09-27,0,140.1
MZ,2021-06-01,2021-06-08,2021-09-27,23,95.5
MZ,2021-07-01,2021-06-08,2021-09-27,31,101.4
MZ,2021-08-01,2021-06-08,2021-09-27,31,69.9
MZ,2021-09-01,2021-06-08,2021-09-27,27,110.7
MZ,2021-10-01,2021-06-08,2021-09-27,0,132.1
MZ,2021-11-01,2021-06-08,2021-09-27,0,96.7
MZ,2021-12-01,2021-06-08,2021-09-27,0,33.6
MZ,2022-01-01,2022-05-26,2022-09-27,0,81.1
MZ,2022-02-01,2022-05-26,2022-09-27,0,110.6
MZ,2022-03-01,2022-05-26,2022-09-27,0,22.5
MZ,2022-04-01,2022-05-26,2022-09-27,0,117.5
MZ,2022-05-01,2022-05-26,2022-09-27,6,137.0
MZ,2022-06-01,2022-05-26,2022-09-27,30,85.1
MZ,2022-07-01,2022-05-26,2022-09-27,31,86.0
MZ,2022-08-01,2022-05-26,2022-09-27,31,113.8
MZ,2022-09-01,2022-05-26,2022-09-27,27,82.1
MZ,2022-10-01,2022-05-26,2022-09-27,0,167.2
MZ,2022-11-01,2022-05-26,2022-09-27,0,81.3
MZ,2022-12-01,2022-05-26,2022-09-27,0,146.8
MZ,2023-01-01,2023-05-29,2023-11-09,0,116.0
MZ,2023-02-01,2023-05-29,2023-11-09,0,1.5
MZ,2023-03-01,2023-05-29,2023-11-09,0,103.8
MZ,2023-04-01,2023-05-29,2023-11-09,0,66.8
MZ,2023-05-01,2023-05-29,2023-11-09,3,96.9
MZ,2023-06-01,2023-05-29,2023-11-09,30,129.0
MZ,2023-07-01,2023-05-29,2023-11-09,31,113.3
MZ,2023-08-01,2023-05-29,2023-11-09,31,131.3
MZ,2023-09-01,2023-05-29,2023-11-09,30,101.3
MZ,2023-10-01,2023-05-29,2023-11-09,31,139.6
MZ,2023-11-01,2023-05-29,2023-11-09,9,126.9
MZ,2023-12-01,2023-05-29,2023-11-09,0,61.8
MZ,2024-01-01,2024-05-30,2024-10-14,0,73.2
MZ,2024-02-01,2024-05-30,2024-10-14,0,137.0
MZ,2024-03-01,2024-05-30,2024-10-14,0,116.3
MZ,2024-04-01,2024-05-30,2024-10-14,0,85.7
MZ,2024-05-01,2024-05-30,2024-10-14,2,111.3
MZ,2024-06-01,2024-05-30,2024-10-14,30,127.5
MZ,2024-07-01,2024-05-30,2024-10-14,31,156.9
MZ,2024-08-01,2024-05-30,2024-10-14,31,113.0
MZ,2024-09-01,2024-05-30,2024-10-14,30,155.8
MZ,2024-10-01,2024-05-30,2024-10-14,14,114.3
MZ,2024-11-01,2024-05-30,2024-10-14,0,22.5
MZ,2024-12-01,2024-05-30,2024-10-14,0,126.3
MZ,2025-01-01,2025-05-25,2025-09-30,0,72.9
MZ,2025-02-01,2025-05-25,2025-09-30,0,127.5
MZ,2025-03-01,2025-05-25,2025-09-30,0,79.7
MZ,2025-04-01,2025-05-25,2025-09-30,0,23.1
MZ,2025-05-01,2025-05-25,2025-09-30,7,91.2
MZ,2025-06-01,2025-05-25,2025-09-30,30,116.2
MZ,2025-07-01,2025-05-25,2025-09-30,31,129.7
MZ,2025-08-01,2025-05-25,2025-09-30,31,83.0
MZ,2025-09-01,2025-05-25,2025-09-30,30,102.6
MZ,2025-10-01,2025-05-25,2025-09-30,0,104.9
MZ,2025-11-01,2025-05-25,2025-09-30,0,83.3
MZ,2025-12-01,2025-05-25,2025-09-30,0,157.5
MZ,2026-01-01,2026-05-31,2026-10-08,0,11.6
MZ,2026-02-01,2026-05-31,2026-10-08,0,61.3
MZ,2026-03-01,2026-05-31,2026-10-08,0,124.0
MZ,2026-04-01,2026-05-31,2026-10-08,0,59.9
MZ,2026-05-01,2026-05-31,2026-10-08,1,96.2
MZ,2026-06-01,2026-05-31,2026-10-08,30,94.5
MZ,2026-07-01,2026-05-31,2026-10-08,31,137.9
MZ,2026-08-01,2026-05-31,2026-10-08,31,65.3
MZ,2026-09-01,2026-05-31,2026-10-08,30,124.6
MZ,2026-10-01,2026-05-31,2026-10-08,8,94.6
MZ,2026-11-01,2026-05-31,2026-10-08,0,65.4
MZ,2026-12-01,2026-05-31,2026-10-08,0,100.2
NL,2012-01-01,2012-06-04,2012-10-10,0,142.3
NL,2012-02-01,2012-06-04,2012-10-10,0,164.5
NL,2012-03-01,2012-06-04,2012-10-10,0,19.2
NL,2012-04-01,2012-06-04,2012-10-10,0,100.9
NL,2012-05-01,2012-06-04,2012-10-10,0,140.5
NL,2012-06-01,2012-06-04,2012-10-10,27,135.9
NL,2012-07-01,2012-06-04,2012-10-10,31,91.8
NL,2012-08-01,2012-06-04,2012-10-10,31,102.9
NL,2012-09-01,2012-06-04,2012-10-10,30,86.5
NL,2012-10-01,2012-06-04,2012-10-10,10,107.3
NL,2012-11-01,2012-06-04,2012-10-10,0,80.6
NL,2012-12-01,2012-06-04,2012-10-10,0,72.1
NL,2013-01-01,2013-06-12,2013-10-10,0,176.6
NL,2013-02-01,2013-06-12,2013-10-10,0,92.6
NL,2013-03-01,2013-06-12,2013-10-10,0,100.1
NL,2013-04-01,2013-06-12,2013-10-10,0,113.0
NL,2013-05-01,2013-06-12,2013-10-10,0,112.4
NL,2013-06-01,2013-06-12,2013-10-10,19,133.8
NL,2013-07-01,2013-06-12,2013-10-10,31,115.3
NL,2013-08-01,2013-06-12,2013-10-10,31,122.4
NL,2013-09-01,2013-06-12,2013-10-10,30,87.5
NL,2013-10-01,2013-06-12,2013-10-10,10,121.6
NL,2013-11-01,2013-06-12,2013-10-10,0,127.3
NL,2013-12-01,2013-06-12,2013-10-10,0,142.4
NL,2014-01-01,2014-06-03,2014-09-22,0,72.6
NL,2014-02-01,2014-06-03,2014-09-22,0,114.9
NL,2014-03-01,2014-06-03,2014-09-22,0,81.6
NL,2014-04-01,2014-06-03,2014-09-22,0,133.9
NL,2014-05-01,2014-06-03,2014-09-22,0,185.7
NL,2014-06-01,2014-06-03,2014-09-22,28,90.2
NL,2014-07-01,2014-06-03,2014-09-22,31,89.9
NL,2014-08-01,2014-06-03,2014-09-22,31,97.4
NL,2014-09-01,2014-06-03,2014-09-22,22,88.9
NL,2014-10-01,2014-06-03,2014-09-22,0,157.0
NL,2014-11-01,2014-06-03,2014-09-22,0,58.7
NL,2014-12-01,2014-06-03,2014-09-22,0,133.5
NL,2015-01-01,2015-06-01,2015-10-15,0,109.3
NL,2015-02-01,2015-06-01,2015-10-15,0,79.6
NL,2015-03-01,2015-06-01,2015-10-15,0,174.1
NL,2015-04-01,2015-06-01,2015-10-15,0,101.7
NL,2015-05-01,2015-06-01,2015-10-15,0,81.6
NL,2015-06-01,2015-06-01,2015-10-15,30,74.3
NL,2015-07-01,2015-06-01,2015-10-15,31,100.5
NL,2015-08-01,2015-06-01,2015-10-15,31,131.1
NL,2015-09-01,2015-06-01,2015-10-15,30,107.8
NL,2015-10-01,2015-06-01,2015-10-15,15,108.7
NL,2015-11-01,2015-06-01,2015-10-15,0,155.3
NL,2015-12-01,2015-06-01,2015-10-15,0,115.1
NL,2016-01-01,2016-06-02,2016-10-15,0,132.4
NL,2016-02-01,2016-06-02,2016-10-15,0,39.1
NL,2016-03-01,2016-06-02,2016-10-15,0,95.2
NL,2016-04-01,2016-06-02,2016-10-15,0,115.1
NL,2016-05-01,2016-06-02,2016-10-15,0,161.5
NL,2016-06-01,2016-06-02,2016-10-15,29,230.6
NL,2016-07-01,2016-06-02,2016-10-15,31,98.2
NL,2016-08-01,2016-06-02,2016-10-15,31,85.3
NL,2016-09-01,2016-06-02,2016-10-15,30,130.8
NL,2016-10-01,2016-06-02,2016-10-15,15,134.7
NL,2016-11-01,2016-06-02,2016-10-15,0,158.6
NL,2016-12-01,2016-06-02,2016-10-15,0,138.1
NL,2017-01-01,2017-06-12,2017-10-14,0,174.6
NL,2017-02-01,2017-06-12,2017-10-14,0,111.7
NL,2017-03-01,2017-06-12,2017-10-14,0,93.2
NL,2017-04-01,2017-06-12,2017-10-14,0,134.2
NL,2017-05-01,2017-06-12,2017-10-14,0,138.8
NL,2017-06-01,2017-06-12,2017-10-14,19,143.5
NL,2017-07-01,2017-06-12,2017-10-14,31,107.9
NL,2017-08-01,2017-06-12,2017-10-14,31,90.6
NL,2017-09-01,2017-06-12,2017-10-14,30,97.7
NL,2017-10-01,2017-06-12,2017-10-14,14,129.5
NL,2017-11-01,2017-06-12,2017-10-14,0,151.0
NL,2017-12-01,2017-06-12,2017-10-14,0,109.3
NL,2018-01-01,2018-06-13,2018-10-13,0,97.6
NL,2018-02-01,2018-06-13,2018-10-13,0,130.3
NL,2018-03-01,2018-06-13,2018-10-13,0,135.7
NL,2018-04-01,2018-06-13,2018-10-13,0,63.5
NL,2018-05-01,2018-06-13,2018-10-13,0,91.5
NL,2018-06-01,2018-06-13,2018-10-13,18,153.9
NL,2018-07-01,2018-06-13,2018-10-13,31,100.2
NL,2018-08-01,2018-06-13,2018-10-13,31,81.8
NL,2018-09-01,2018-06-13,2018-10-13,30,100.4
NL,2018-10-01,2018-06-13,2018-10-13,13,78.2
NL,2018-11-01,2018-06-13,2018-10-13,0,67.7
NL,2018-12-01,2018-06-13,2018-10-13,0,84.9
NL,2019-01-01,2019-05-27,2019-10-06,0,97.1
NL,2019-02-01,2019-05-27,2019-10-06,0,58.6
NL,2019-03-01,2019-05-27,2019-10-06,0,68.7
NL,2019-04-01,2019-05-27,2019-10-06,0,63.6
NL,2019-05-01,2019-05-27,2019-10-06,5,114.9
NL,2019-06-01,2019-05-27,2019-10-06,30,83.0
NL,2019-07-01,2019-05-27,2019-10-06,31,105.3
NL,2019-08-01,2019-05-27,2019-10-06,31,94.5
NL,2019-09-01,2019-05-27,2019-10-06,30,100.2
NL,2019-10-01,2019-05-27,2019-10-06,6,118.7
NL,2019-11-01,2019-05-27,2019-10-06,0,85.9
NL,2019-12-01,2019-05-27,2019-10-06,0,79.5
NL,2020-01-01,2020-05-23,2020-10-07,0,133.4
NL,2020-02-01,2020-05-23,2020-10-07,0,121.0
NL,2020-03-01,2020-05-23,2020-10-07,0,95.9
NL,2020-04-01,2020-05-23,2020-10-07,0,84.3
NL,2020-05-01,2020-05-23,2020-10-07,9,60.3
NL,2020-06-01,2020-05-23,2020-10-07,30,79.6
NL,2020-07-01,2020-05-23,2020-10-07,31,55.8
NL,2020-08-01,2020-05-23,2020-10-07,31,101.2
NL,2020-09-01,2020-05-23,2020-10-07,30,70.4
NL,2020-10-01,2020-05-23,2020-10-07,7,95.0
NL,2020-11-01,2020-05-23,2020-10-07,0,60.1
NL,2020-12-01,2020-05-23,2020-10-07,0,122.6
NL,2021-01-01,2021-05-27,2021-10-27,0,43.9
NL,2021-02-01,2021-05-27,2021-10-27,0,45.6
NL,2021-03-01,2021-05-27,2021-10-27,0,53.9
NL,2021-04-01,2021-05-27,2021-10-27,0,102.7
NL,2021-05-01,2021-05-27,2021-10-27,5,87.8
NL,2021-06-01,2021-05-27,2021-10-27,30,102.5
NL,2021-07-01,2021-05-27,2021-10-27,31,74.1
NL,2021-08-01,2021-05-27,2021-10-27,31,74.6
NL,2021-09-01,2021-05-27,2021-10-27,30,63.2
NL,2021-10-01,2021-05-27,2021-10-27,27,76.6
NL,2021-11-01,2021-05-27,2021-10-27,0,91.0
NL,2021-12-01,2021-05-27,2021-10-27,0,50.7
NL,2022-01-01,2022-06-08,2022-10-07,0,113.6
NL,2022-02-01,2022-06-08,2022-10-07,0,106.6
NL,2022-03-01,2022-06-08,2022-10-07,0,116.0
NL,2022-04-01,2022-06-08,2022-10-07,0,136.1
NL,2022-05-01,2022-06-08,2022-10-07,0,88.3
NL,2022-06-01,2022-06-08,2022-10-07,23,65.2
NL,2022-07-01,2022-06-08,2022-10-07,31,93.0
NL,2022-08-01,2022-06-08,2022-10-07,31,112.2
NL,2022-09-01,2022-06-08,2022-10-07,30,88.9
NL,2022-10-01,2022-06-08,2022-10-07,7,90.5
NL,2022-11-01,2022-06-08,2022-10-07,0,134.3
NL,2022-12-01,2022-06-08,2022-10-07,0,106.6
NL,2023-01-01,2023-06-13,2023-10-19,0,74.5
NL,2023-02-01,2023-06-13,2023-10-19,0,54.0
NL,2023-03-01,2023-06-13,2023-10-19,0,85.5
NL,2023-04-01,2023-06-13,2023-10-19,0,119.0
NL,2023-05-01,2023-06-13,2023-10-19,0,68.3
NL,2023-06-01,2023-06-13,2023-10-19,18,105.1
NL,2023-07-01,2023-06-13,2023-10-19,31,85.8
NL,2023-08-01,2023-06-13,2023-10-19,31,101.3
NL,2023-09-01,2023-06-13,2023-10-19,30,128.5
NL,2023-10-01,2023-06-13,2023-10-19,19,103.7
NL,2023-11-01,2023-06-13,2023-10-19,0,114.5
NL,2023-12-01,2023-06-13,2023-10-19,0,24.8
NL,2024-01-01,2024-05-27,2024-10-16,0,78.8
NL,2024-02-01,2024-05-27,2024-10-16,0,102.0
NL,2024-03-01,2024-05-27,2024-10-16,0,61.5
NL,2024-04-01,2024-05-27,2024-10-16,0,78.5
NL,2024-05-01,2024-05-27,2024-10-16,5,102.0
NL,2024-06-01,2024-05-27,2024-10-16,30,104.9
NL,2024-07-01,2024-05-27,2024-10-16,31,101.3
NL,2024-08-01,2024-05-27,2024-10-16,31,95.1
NL,2024-09-01,2024-05-27,2024-10-16,30,129.1
NL,2024-10-01,2024-05-27,2024-10-16,16,132.0
NL,2024-11-01,2024-05-27,2024-10-16,0,78.8
NL,2024-12-01,2024-05-27,2024-10-16,0,104.9
NL,2025-01-01,2025-06-04,2025-10-15,0,87.2
NL,2025-02-01,2025-06-04,2025-10-15,0,110.2
NL,2025-03-01,2025-06-04,2025-10-15,0,110.2
NL,2025-04-01,2025-06-04,2025-10-15,0,175.6
NL,2025-05-01,2025-06-04,2025-10-15,0,108.4
NL,2025-06-01,2025-06-04,2025-10-15,27,82.3
NL,2025-07-01,2025-06-04,2025-10-15,31,110.1
NL,2025-08-01,2025-06-04,2025-10-15,31,72.9
NL,2025-09-01,2025-06-04,2025-10-15,30,52.3
NL,2025-10-01,2025-06-04,2025-10-15,15,69.9
NL,2025-11-01,2025-06-04,2025-10-15,0,124.0
NL,2025-12-01,2025-06-04,2025-10-15,0,81.7
NL,2026-01-01,2026-06-05,2026-10-15,0,91.5
NL,2026-02-01,2026-06-05,2026-10-15,0,125.9
NL,2026-03-01,2026-06-05,2026-10-15,0,127.4
NL,2026-04-01,2026-06-05,2026-10-15,0,103.1
NL,2026-05-01,2026-06-05,2026-10-15,0,87.5
NL,2026-06-01,2026-06-05,2026-10-15,26,122.7
NL,2026-07-01,2026-06-05,2026-10-15,31,110.9
NL,2026-08-01,2026-06-05,2026-10-15,31,140.7
NL,2026-09-01,2026-06-05,2026-10-15,30,94.3
NL,2026-10-01,2026-06-05,2026-10-15,15,158.6
NL,2026-11-01,2026-06-05,2026-10-15,0,129.0
NL,2026-12-01,2026-06-05,2026-10-15,0,100.9
OD,2012-01-01,2012-06-04,2012-10-10,0,93.6
OD,2012-02-01,2012-06-04,2012-10-10,0,64.0
OD,2012-03-01,2012-06-04,2012-10-10,0,88.3
OD,2012-04-01,2012-06-04,2012-10-10,0,76.9
OD,2012-05-01,2012-06-04,2012-10-10,0,77.4
OD,2012-06-01,2012-06-04,2012-10-10,27,80.8
OD,2012-07-01,2012-06-04,2012-10-10,31,82.6
OD,2012-08-01,2012-06-04,2012-10-10,31,53.7
OD,2012-09-01,2012-06-04,2012-10-10,30,52.6
OD,2012-10-01,2012-06-04,2012-10-10,10,78.3
OD,2012-11-01,2012-06-04,2012-10-10,0,120.2
OD,2012-12-01,2012-06-04,2012-10-10,0,78.4
OD,2013-01-01,2013-06-08,2013-10-20,0,129.4
OD,2013-02-01,2013-06-08,2013-10-20,0,164.1
OD,2013-03-01,2013-06-08,2013-10-20,0,64.8
OD,2013-04-01,2013-06-08,2013-10-20,0,98.1
OD,2013-05-01,2013-06-08,2013-10-20,0,92.8
OD,2013-06-01,2013-06-08,2013-10-20,23,115.8
OD,2013-07-01,2013-06-08,2013-10-20,31,137.9
OD,2013-08-01,2013-06-08,2013-10-20,31,95.3
OD,2013-09-01,2013-06-08,2013-10-20,30,94.7
OD,2013-10-01,2013-06-08,2013-10-20,20,102.1
OD,2013-11-01,2013-06-08,2013-10-20,0,125.3
OD,2013-12-01,2013-06-08,2013-10-20,0,84.5
OD,2014-01-01,2014-06-13,2014-10-18,0,26.9
OD,2014-02-01,2014-06-13,2014-10-18,0,159.0
OD,2014-03-01,2014-06-13,2014-10-18,0,105.3
OD,2014-04-01,2014-06-13,2014-10-18,0,149.7
OD,2014-05-01,2014-06-13,2014-10-18,0,51.2
OD,2014-06-01,2014-06-13,2014-10-18,18,113.0
OD,2014-07-01,2014-06-13,2014-10-18,31,102.0
OD,2014-08-01,2014-06-13,2014-10-18,31,132.3
OD,2014-09-01,2014-06-13,2014-10-18,30,88.9
OD,2014-10-01,2014-06-13,2014-10-18,18,105.4
OD,2014-11-01,2014-06-13,2014-10-18,0,24.3
OD,2014-12-01,2014-06-13,2014-10-18,0,72.1
OD,2015-01-01,2015-06-06,2015-09-28,0,92.2
OD,2015-02-01,2015-06-06,2015-09-28,0,129.4
OD,2015-03-01,2015-06-06,2015-09-28,0,91.9
OD,2015-04-01,2015-06-06,2015-09-28,0,124.4
OD,2015-05-01,2015-06-06,2015-09-28,0,188.7
OD,2015-06-01,2015-06-06,2015-09-28,25,85.6
OD,2015-07-01,2015-06-06,2015-09-28,31,90.2
OD,2015-08-01,2015-06-06,2015-09-28,31,59.9
OD,2015-09-01,2015-06-06,2015-09-28,28,69.6
OD,2015-10-01,2015-06-06,2015-09-28,0,53.1
OD,2015-11-01,2015-06-06,2015-09-28,0,56.3
OD,2015-12-01,2015-06-06,2015-09-28,0,63.0
OD,2016-01-01,2016-06-06,2016-10-30,0,74.3
OD,2016-02-01,2016-06-06,2016-10-30,0,74.0
OD,2016-03-01,2016-06-06,2016-10-30,0,40.8
OD,2016-04-01,2016-06-06,2016-10-30,0,83.1
OD,2016-05-01,2016-06-06,2016-10-30,0,150.0
OD,2016-06-01,2016-06-06,2016-10-30,25,120.9
OD,2016-07-01,2016-06-06,2016-10-30,31,106.8
OD,2016-08-01,2016-06-06,2016-10-30,31,101.0
OD,2016-09-01,2016-06-06,2016-10-30,30,78.0
OD,2016-10-01,2016-06-06,2016-10-30,30,70.9
OD,2016-11-01,2016-06-06,2016-10-30,0,98.6
OD,2016-12-01,2016-06-06,2016-10-30,0,94.7
OD,2017-01-01,2017-06-10,2017-10-23,0,183.1
OD,2017-02-01,2017-06-10,2017-10-23,0,84.9
OD,2017-03-01,2017-06-10,2017-10-23,0,53.9
OD,2017-04-01,2017-06-10,2017-10-23,0,108.0
OD,2017-05-01,2017-06-10,2017-10-23,0,104.2
OD,2017-06-01,2017-06-10,2017-10-23,21,128.7
OD,2017-07-01,2017-06-10,2017-10-23,31,99.0
OD,2017-08-01,2017-06-10,2017-10-23,31,93.2
OD,2017-09-01,2017-06-10,2017-10-23,30,72.8
OD,2017-10-01,2017-06-10,2017-10-23,23,80.0
OD,2017-11-01,2017-06-10,2017-10-23,0,157.9
OD,2017-12-01,2017-06-10,2017-10-23,0,117.5
OD,2018-01-01,2018-06-13,2018-09-30,0,117.4
OD,2018-02-01,2018-06-13,2018-09-30,0,80.3
OD,2018-03-01,2018-06-13,2018-09-30,0,78.9
OD,2018-04-01,2018-06-13,2018-09-30,0,143.3
OD,2018-05-01,2018-06-13,2018-09-30,0,118.3
OD,2018-06-01,2018-06-13,2018-09-30,18,83.8
OD,2018-07-01,2018-06-13,2018-09-30,31,76.5
OD,2018-08-01,2018-06-13,2018-09-30,31,69.5
OD,2018-09-01,2018-06-13,2018-09-30,30,54.2
OD,2018-10-01,2018-06-13,2018-09-30,0,122.6
OD,2018-11-01,2018-06-13,2018-09-30,0,117.0
OD,2018-12-01,2018-06-13,2018-09-30,0,62.1
OD,2019-01-01,2019-06-25,2019-10-06,0,67.9
OD,2019-02-01,2019-06-25,2019-10-06,0,75.8
OD,2019-03-01,2019-06-25,2019-10-06,0,97.9
OD,2019-04-01,2019-06-25,2019-10-06,0,111.3
OD,2019-05-01,2019-06-25,2019-10-06,0,137.2
OD,2019-06-01,2019-06-25,2019-10-06,6,147.8
OD,2019-07-01,2019-06-25,2019-10-06,31,116.4
OD,2019-08-01,2019-06-25,2019-10-06,31,74.6
OD,2019-09-01,2019-06-25,2019-10-06,30,94.3
OD,2019-10-01,2019-06-25,2019-10-06,6,106.9
OD,2019-11-01,2019-06-25,2019-10-06,0,110.9
OD,2019-12-01,2019-06-25,2019-10-06,0,64.7
OD,2020-01-01,2020-06-11,2020-10-12,0,77.2
OD,2020-02-01,2020-06-11,2020-10-12,0,91.3
OD,2020-03-01,2020-06-11,2020-10-12,0,72.9
OD,2020-04-01,2020-06-11,2020-10-12,0,123.8
OD,2020-05-01,2020-06-11,2020-10-12,0,187.8
OD,2020-06-01,2020-06-11,2020-10-12,20,75.5
OD,2020-07-01,2020-06-11,2020-10-12,31,80.7
OD,2020-08-01,2020-06-11,2020-10-12,31,66.1
OD,2020-09-01,2020-06-11,2020-10-12,30,64.6
OD,2020-10-01,2020-06-11,2020-10-12,12,67.1
OD,2020-11-01,2020-06-11,2020-10-12,0,146.3
OD,2020-12-01,2020-06-11,2020-10-12,0,138.0
OD,2021-01-01,2021-06-09,2021-10-24,0,96.5
OD,2021-02-01,2021-06-09,2021-10-24,0,101.3
OD,2021-03-01,2021-06-09,2021-10-24,0,150.5
OD,2021-04-01,2021-06-09,2021-10-24,0,139.5
OD,2021-05-01,2021-06-09,2021-10-24,0,107.7
OD,2021-06-01,2021-06-09,2021-10-24,22,90.8
OD,2021-07-01,2021-06-09,2021-10-24,31,63.8
OD,2021-08-01,2021-06-09,2021-10-24,31,77.7
OD,2021-09-01,2021-06-09,2021-10-24,30,73.2
OD,2021-10-01,2021-06-09,2021-10-24,24,96.5
OD,2021-11-01,2021-06-09,2021-10-24,0,80.1
OD,2021-12-01,2021-06-09,2021-10-24,0,130.3
OD,2022-01-01,2022-06-13,2022-10-12,0,66.6
OD,2022-02-01,2022-06-13,2022-10-12,0,97.0
OD,2022-03-01,2022-06-13,2022-10-12,0,79.2
OD,2022-04-01,2022-06-13,2022-10-12,0,110.7
OD,2022-05-01,2022-06-13,2022-10-12,0,78.2
OD,2022-06-01,2022-06-13,2022-10-12,18,77.1
OD,2022-07-01,2022-06-13,2022-10-12,31,72.0
OD,2022-08-01,2022-06-13,2022-10-12,31,122.8
OD,2022-09-01,2022-06-13,2022-10-12,30,95.8
OD,2022-10-01,2022-06-13,2022-10-12,12,113.0
OD,2022-11-01,2022-06-13,2022-10-12,0,102.2
OD,2022-12-01,2022-06-13,2022-10-12,0,117.7
OD,2023-01-01,2023-06-19,2023-10-24,0,119.1
OD,2023-02-01,2023-06-19,2023-10-24,0,134.2
OD,2023-03-01,2023-06-19,2023-10-24,0,93.5
OD,2023-04-01,2023-06-19,2023-10-24,0,113.3
OD,2023-05-01,2023-06-19,2023-10-24,0,54.6
OD,2023-06-01,2023-06-19,2023-10-24,12,67.8
OD,2023-07-01,2023-06-19,2023-10-24,31,104.8
OD,2023-08-01,2023-06-19,2023-10-24,31,92.3
OD,2023-09-01,2023-06-19,2023-10-24,30,102.2
OD,2023-10-01,2023-06-19,2023-10-24,24,116.7
OD,2023-11-01,2023-06-19,2023-10-24,0,60.1
OD,2023-12-01,2023-06-19,2023-10-24,0,85.5
OD,2024-01-01,2024-06-18,2024-09-21,0,146.7
OD,2024-02-01,2024-06-18,2024-09-21,0,137.8
OD,2024-03-01,2024-06-18,2024-09-21,0,158.6
OD,2024-04-01,2024-06-18,2024-09-21,0,81.8
OD,2024-05-01,2024-06-18,2024-09-21,0,133.6
OD,2024-06-01,2024-06-18,2024-09-21,13,129.6
OD,2024-07-01,2024-06-18,2024-09-21,31,123.0
OD,2024-08-01,2024-06-18,2024-09-21,31,126.2
OD,2024-09-01,2024-06-18,2024-09-21,21,93.9
OD,2024-10-01,2024-06-18,2024-09-21,0,68.6
OD,2024-11-01,2024-06-18,2024-09-21,0,109.2
OD,2024-12-01,2024-06-18,2024-09-21,0,103.5
OD,2025-01-01,2025-06-15,2025-10-08,0,148.8
OD,2025-02-01,2025-06-15,2025-10-08,0,131.3
OD,2025-03-01,2025-06-15,2025-10-08,0,143.6
OD,2025-04-01,2025-06-15,2025-10-08,0,35.9
OD,2025-05-01,2025-06-15,2025-10-08,0,95.5
OD,2025-06-01,2025-06-15,2025-10-08,16,107.7
OD,2025-07-01,2025-06-15,2025-10-08,31,104.8
OD,2025-08-01,2025-06-15,2025-10-08,31,90.2
OD,2025-09-01,2025-06-15,2025-10-08,30,112.0
OD,2025-10-01,2025-06-15,2025-10-08,8,115.3
OD,2025-11-01,2025-06-15,2025-10-08,0,133.0
OD,2025-12-01,2025-06-15,2025-10-08,0,75.7
OD,2026-01-01,2026-06-19,2026-10-31,0,128.1
OD,2026-02-01,2026-06-19,2026-10-31,0,77.4
OD,2026-03-01,2026-06-19,2026-10-31,0,145.4
OD,2026-04-01,2026-06-19,2026-10-31,0,71.0
OD,2026-05-01,2026-06-19,2026-10-31,0,81.6
OD,2026-06-01,2026-06-19,2026-10-31,12,77.9
OD,2026-07-01,2026-06-19,2026-10-31,31,131.8
OD,2026-08-01,2026-06-19,2026-10-31,31,97.6
OD,2026-09-01,2026-06-19,2026-10-31,30,106.1
OD,2026-10-01,2026-06-19,2026-10-31,31,164.1
OD,2026-11-01,2026-06-19,2026-10-31,0,141.5
OD,2026-12-01,2026-06-19,2026-10-31,0,76.0
PY,2012-01-01,2012-06-05,2012-10-24,0,129.9
PY,2012-02-01,2012-06-05,2012-10-24,0,125.4
PY,2012-03-01,2012-06-05,2012-10-24,0,102.5
PY,2012-04-01,2012-06-05,2012-10-24,0,58.8
PY,2012-05-01,2012-06-05,2012-10-24,0,125.5
PY,2012-06-01,2012-06-05,2012-10-24,26,123.5
PY,2012-07-01,2012-06-05,2012-10-24,31,92.6
PY,2012-08-01,2012-06-05,2012-10-24,31,67.9
PY,2012-09-01,2012-06-05,2012-10-24,30,110.4
PY,2012-10-01,2012-06-05,2012-10-24,24,90.1
PY,2012-11-01,2012-06-05,2012-10-24,0,126.2
PY,2012-12-01,2012-06-05,2012-10-24,0,79.4
PY,2013-01-01,2013-06-08,2013-09-27,0,152.4
PY,2013-02-01,2013-06-08,2013-09-27,0,88.6
PY,2013-03-01,2013-06-08,2013-09-27,0,56.1
PY,2013-04-01,2013-06-08,2013-09-27,0,82.6
PY,2013-05-01,2013-06-08,2013-09-27,0,76.5
PY,2013-06-01,2013-06-08,2013-09-27,23,112.7
PY,2013-07-01,2013-06-08,2013-09-27,31,93.2
PY,2013-08-01,2013-06-08,2013-09-27,31,108.5
PY,2013-09-01,2013-06-08,2013-09-27,27,77.6
PY,2013-10-01,2013-06-08,2013-09-27,0,108.0
PY,2013-11-01,2013-06-08,2013-09-27,0,103.0
PY,2013-12-01,2013-06-08,2013-09-27,0,121.7
PY,2014-01-01,2014-05-27,2014-09-23,0,98.7
PY,2014-02-01,2014-05-27,2014-09-23,0,83.7
PY,2014-03-01,2014-05-27,2014-09-23,0,137.7
PY,2014-04-01,2014-05-27,2014-09-23,0,33.1
PY,2014-05-01,2014-05-27,2014-09-23,5,107.8
PY,2014-06-01,2014-05-27,2014-09-23,30,125.7
PY,2014-07-01,2014-05-27,2014-09-23,31,87.8
PY,2014-08-01,2014-05-27,2014-09-23,31,62.8
PY,2014-09-01,2014-05-27,2014-09-23,23,99.6
PY,2014-10-01,2014-05-27,2014-09-23,0,112.6
PY,2014-11-01,2014-05-27,2014-09-23,0,145.5
PY,2014-12-01,2014-05-27,2014-09-23,0,94.4
PY,2015-01-01,2015-06-13,2015-10-28,0,158.8
PY,2015-02-01,2015-06-13,2015-10-28,0,134.8
PY,2015-03-01,2015-06-13,2015-10-28,0,182.2
PY,2015-04-01,2015-06-13,2015-10-28,0,81.0
PY,2015-05-01,2015-06-13,2015-10-28,0,63.8
PY,2015-06-01,2015-06-13,2015-10-28,18,97.0
PY,2015-07-01,2015-06-13,2015-10-28,31,82.6
PY,2015-08-01,2015-06-13,2015-10-28,31,97.4
PY,2015-09-01,2015-06-13,2015-10-28,30,106.1
PY,2015-10-01,2015-06-13,2015-10-28,28,125.6
PY,2015-11-01,2015-06-13,2015-10-28,0,114.2
PY,2015-12-01,2015-06-13,2015-10-28,0,91.3
PY,2016-01-01,2016-06-02,2016-10-23,0,163.7
PY,2016-02-01,2016-06-02,2016-10-23,0,125.4
PY,2016-03-01,2016-06-02,2016-10-23,0,68.4
PY,2016-04-01,2016-06-02,2016-10-23,0,85.9
PY,2016-05-01,2016-06-02,2016-10-23,0,86.0
PY,2016-06-01,2016-06-02,2016-10-23,29,96.7
PY,2016-07-01,2016-06-02,2016-10-23,31,49.8
PY,2016-08-01,2016-06-02,2016-10-23,31,58.7
PY,2016-09-01,2016-06-02,2016-10-23,30,70.5
PY,2016-10-01,2016-06-02,2016-10-23,23,86.5
PY,2016-11-01,2016-06-02,2016-10-23,0,107.0
PY,2016-12-01,2016-06-02,2016-10-23,0,52.8
PY,2017-01-01,2017-06-06,2017-10-29,0,75.3
PY,2017-02-01,2017-06-06,2017-10-29,0,115.4
PY,2017-03-01,2017-06-06,2017-10-29,0,146.0
PY,2017-04-01,2017-06-06,2017-10-29,0,59.5
PY,2017-05-01,2017-06-06,2017-10-29,0,136.0
PY,2017-06-01,2017-06-06,2017-10-29,25,80.9
PY,2017-07-01,2017-06-06,2017-10-29,31,63.4
PY,2017-08-01,2017-06-06,2017-10-29,31,117.2
PY,2017-09-01,2017-06-06,2017-10-29,30,96.0
PY,2017-10-01,2017-06-06,2017-10-29,29,112.3
PY,2017-11-01,2017-06-06,2017-10-29,0,110.8
PY,2017-12-01,2017-06-06,2017-10-29,0,59.1
PY,2018-01-01,2018-06-14,2018-10-14,0,0.0
PY,2018-02-01,2018-06-14,2018-10-14,0,91.9
PY,2018-03-01,2018-06-14,2018-10-14,0,79.9
PY,2018-04-01,2018-06-14,2018-10-14,0,118.6
PY,2018-05-01,2018-06-14,2018-10-14,0,111.0
PY,2018-06-01,2018-06-14,2018-10-14,17,104.2
PY,2018-07-01,2018-06-14,2018-10-14,31,96.4
PY,2018-08-01,2018-06-14,2018-10-14,31,96.6
PY,2018-09-01,2018-06-14,2018-10-14,30,83.6
PY,2018-10-01,2018-06-14,2018-10-14,14,100.5
PY,2018-11-01,2018-06-14,2018-10-14,0,129.8
PY,2018-12-01,2018-06-14,2018-10-14,0,72.1
PY,2019-01-01,2019-06-06,2019-10-09,0,152.8
PY,2019-02-01,2019-06-06,2019-10-09,0,94.0
PY,2019-03-01,2019-06-06,2019-10-09,0,39.9
PY,2019-04-01,2019-06-06,2019-10-09,0,111.4
PY,2019-05-01,2019-06-06,2019-10-09,0,82.2
PY,2019-06-01,2019-06-06,2019-10-09,25,154.7
PY,2019-07-01,2019-06-06,2019-10-09,31,189.1
PY,2019-08-01,2019-06-06,2019-10-09,31,108.4
PY,2019-09-01,2019-06-06,2019-10-09,30,96.6
PY,2019-10-01,2019-06-06,2019-10-09,9,148.9
PY,2019-11-01,2019-06-06,2019-10-09,0,59.5
PY,2019-12-01,2019-06-06,2019-10-09,0,55.4
PY,2020-01-01,2020-06-03,2020-09-29,0,125.6
PY,2020-02-01,2020-06-03,2020-09-29,0,145.3
PY,2020-03-01,2020-06-03,2020-09-29,0,92.7
PY,2020-04-01,2020-06-03,2020-09-29,0,120.6
PY,2020-05-01,2020-06-03,2020-09-29,0,113.4
PY,2020-06-01,2020-06-03,2020-09-29,28,81.7
PY,2020-07-01,2020-06-03,2020-09-29,31,87.4
PY,2020-08-01,2020-06-03,2020-09-29,31,147.5
PY,2020-09-01,2020-06-03,2020-09-29,29,93.0
PY,2020-10-01,2020-06-03,2020-09-29,0,131.4
PY,2020-11-01,2020-06-03,2020-09-29,0,50.4
PY,2020-12-01,2020-06-03,2020-09-29,0,106.2
PY,2021-01-01,2021-06-08,2021-10-02,0,76.6
PY,2021-02-01,2021-06-08,2021-10-02,0,147.0
PY,2021-03-01,2021-06-08,2021-10-02,0,77.4
PY,2021-04-01,2021-06-08,2021-10-02,0,100.0
PY,2021-05-01,2021-06-08,2021-10-02,0,93.1
PY,2021-06-01,2021-06-08,2021-10-02,23,107.8
PY,2021-07-01,2021-06-08,2021-10-02,31,91.1
PY,2021-08-01,2021-06-08,2021-10-02,31,91.2
PY,2021-09-01,2021-06-08,2021-10-02,30,106.9
PY,2021-10-01,2021-06-08,2021-10-02,2,120.8
PY,2021-11-01,2021-06-08,2021-10-02,0,145.7
PY,2021-12-01,2021-06-08,2021-10-02,0,104.0
PY,2022-01-01,2022-06-11,2022-11-02,0,138.6
PY,2022-02-01,2022-06-11,2022-11-02,0,78.8
PY,2022-03-01,2022-06-11,2022-11-02,0,164.2
PY,2022-04-01,2022-06-11,2022-11-02,0,39.7
PY,2022-05-01,2022-06-11,2022-11-02,0,107.1
PY,2022-06-01,2022-06-11,2022-11-02,20,144.7
PY,2022-07-01,2022-06-11,2022-11-02,31,159.5
PY,2022-08-01,2022-06-11,2022-11-02,31,130.4
PY,2022-09-01,2022-06-11,2022-11-02,30,159.4
PY,2022-10-01,2022-06-11,2022-11-02,31,94.9
PY,2022-11-01,2022-06-11,2022-11-02,2,112.4
PY,2022-12-01,2022-06-11,2022-11-02,0,91.0
PY,2023-01-01,2023-05-31,2023-10-09,0,113.5
PY,2023-02-01,2023-05-31,2023-10-09,0,168.9
PY,2023-03-01,2023-05-31,2023-10-09,0,119.4
PY,2023-04-01,2023-05-31,2023-10-09,0,50.1
PY,2023-05-01,2023-05-31,2023-10-09,1,82.3
PY,2023-06-01,2023-05-31,2023-10-09,30,91.9
PY,2023-07-01,2023-05-31,2023-10-09,31,116.9
PY,2023-08-01,2023-05-31,2023-10-09,31,130.6
PY,2023-09-01,2023-05-31,2023-10-09,30,89.5
PY,2023-10-01,2023-05-31,2023-10-09,9,102.8
PY,2023-11-01,2023-05-31,2023-10-09,0,105.2
PY,2023-12-01,2023-05-31,2023-10-09,0,97.5
PY,2024-01-01,2024-05-29,2024-10-09,0,138.2
PY,2024-02-01,2024-05-29,2024-10-09,0,55.2
PY,2024-03-01,2024-05-29,2024-10-09,0,104.8
PY,2024-04-01,2024-05-29,2024-10-09,0,88.9
PY,2024-05-01,2024-05-29,2024-10-09,3,101.6
PY,2024-06-01,2024-05-29,2024-10-09,30,94.8
PY,2024-07-01,2024-05-29,2024-10-09,31,116.3
PY,2024-08-01,2024-05-29,2024-10-09,31,128.2
PY,2024-09-01,2024-05-29,2024-10-09,30,85.8
PY,2024-10-01,2024-05-29,2024-10-09,9,86.2
PY,2024-11-01,2024-05-29,2024-10-09,0,111.7
PY,2024-12-01,2024-05-29,2024-10-09,0,153.7
PY,2025-01-01,2025-05-31,2025-10-28,0,45.6
PY,2025-02-01,2025-05-31,2025-10-28,0,60.3
PY,2025-03-01,2025-05-31,2025-10-28,0,35.6
PY,2025-04-01,2025-05-31,2025-10-28,0,65.9
PY,2025-05-01,2025-05-31,2025-10-28,1,83.4
PY,2025-06-01,2025-05-31,2025-10-28,30,62.5
PY,2025-07-01,2025-05-31,2025-10-28,31,105.9
PY,2025-08-01,2025-05-31,2025-10-28,31,88.2
PY,2025-09-01,2025-05-31,2025-10-28,30,130.8
PY,2025-10-01,2025-05-31,2025-10-28,28,94.3
PY,2025-11-01,2025-05-31,2025-10-28,0,127.3
PY,2025-12-01,2025-05-31,2025-10-28,0,57.2
PY,2026-01-01,2026-05-17,2026-10-30,0,79.8
PY,2026-02-01,2026-05-17,2026-10-30,0,114.1
PY,2026-03-01,2026-05-17,2026-10-30,0,89.6
PY,2026-04-01,2026-05-17,2026-10-30,0,75.6
PY,2026-05-01,2026-05-17,2026-10-30,15,95.9
PY,2026-06-01,2026-05-17,2026-10-30,30,106.6
PY,2026-07-01,2026-05-17,2026-10-30,31,86.1
PY,2026-08-01,2026-05-17,2026-10-30,31,83.5
PY,2026-09-01,2026-05-17,2026-10-30,30,69.6
PY,2026-10-01,2026-05-17,2026-10-30,30,62.2
PY,2026-11-01,2026-05-17,2026-10-30,0,72.6
PY,2026-12-01,2026-05-17,2026-10-30,0,139.9
PB,2012-01-01,2012-07-05,2012-09-30,0,45.0
PB,2012-02-01,2012-07-05,2012-09-30,0,97.0
PB,2012-03-01,2012-07-05,2012-09-30,0,60.1
PB,2012-04-01,2012-07-05,2012-09-30,0,103.0
PB,2012-05-01,2012-07-05,2012-09-30,0,74.1
PB,2012-06-01,2012-07-05,2012-09-30,0,74.1
PB,2012-07-01,2012-07-05,2012-09-30,27,124.0
PB,2012-08-01,2012-07-05,2012-09-30,31,99.2
PB,2012-09-01,2012-07-05,2012-09-30,30,143.4
PB,2012-10-01,2012-07-05,2012-09-30,0,84.7
PB,2012-11-01,2012-07-05,2012-09-30,0,37.9
PB,2012-12-01,2012-07-05,2012-09-30,0,118.5
PB,2013-01-01,2013-07-02,2013-09-18,0,70.5
PB,2013-02-01,2013-07-02,2013-09-18,0,40.6
PB,2013-03-01,2013-07-02,2013-09-18,0,78.7
PB,2013-04-01,2013-07-02,2013-09-18,0,85.6
PB,2013-05-01,2013-07-02,2013-09-18,0,53.6
PB,2013-06-01,2013-07-02,2013-09-18,0,36.0
PB,2013-07-01,2013-07-02,2013-09-18,30,136.1
PB,2013-08-01,2013-07-02,2013-09-18,31,113.2
PB,2013-09-01,2013-07-02,2013-09-18,18,194.6
PB,2013-10-01,2013-07-02,2013-09-18,0,116.9
PB,2013-11-01,2013-07-02,2013-09-18,0,45.4
PB,2013-12-01,2013-07-02,2013-09-18,0,198.3
PB,2014-01-01,2014-06-29,2014-09-30,0,137.2
PB,2014-02-01,2014-06-29,2014-09-30,0,122.6
PB,2014-03-01,2014-06-29,2014-09-30,0,73.3
PB,2014-04-01,2014-06-29,2014-09-30,0,147.9
PB,2014-05-01,2014-06-29,2014-09-30,0,145.8
PB,2014-06-01,2014-06-29,2014-09-30,2,95.6
PB,2014-07-01,2014-06-29,2014-09-30,31,112.5
PB,2014-08-01,2014-06-29,2014-09-30,31,143.9
PB,2014-09-01,2014-06-29,2014-09-30,30,94.6
PB,2014-10-01,2014-06-29,2014-09-30,0,76.7
PB,2014-11-01,2014-06-29,2014-09-30,0,133.6
PB,2014-12-01,2014-06-29,2014-09-30,0,60.5
PB,2015-01-01,2015-06-28,2015-09-29,0,111.7
PB,2015-02-01,2015-06-28,2015-09-29,0,133.1
PB,2015-03-01,2015-06-28,2015-09-29,0,0.0
PB,2015-04-01,2015-06-28,2015-09-29,0,86.4
PB,2015-05-01,2015-06-28,2015-09-29,0,109.7
PB,2015-06-01,2015-06-28,2015-09-29,3,99.8
PB,2015-07-01,2015-06-28,2015-09-29,31,103.5
PB,2015-08-01,2015-06-28,2015-09-29,31,125.2
PB,2015-09-01,2015-06-28,2015-09-29,29,132.4
PB,2015-10-01,2015-06-28,2015-09-29,0,85.8
PB,2015-11-01,2015-06-28,2015-09-29,0,106.2
PB,2015-12-01,2015-06-28,2015-09-29,0,79.6
PB,2016-01-01,2016-06-25,2016-09-28,0,83.9
PB,2016-02-01,2016-06-25,2016-09-28,0,96.6
PB,2016-03-01,2016-06-25,2016-09-28,0,148.0
PB,2016-04-01,2016-06-25,2016-09-28,0,153.4
PB,2016-05-01,2016-06-25,2016-09-28,0,45.4
PB,2016-06-01,2016-06-25,2016-09-28,6,101.8
PB,2016-07-01,2016-06-25,2016-09-28,31,117.2
PB,2016-08-01,2016-06-25,2016-09-28,31,111.1
PB,2016-09-01,2016-06-25,2016-09-28,28,69.6
PB,2016-10-01,2016-06-25,2016-09-28,0,93.4
PB,2016-11-01,2016-06-25,2016-09-28,0,77.1
PB,2016-12-01,2016-06-25,2016-09-28,0,112.3
PB,2017-01-01,2017-06-28,2017-09-22,0,115.9
PB,2017-02-01,2017-06-28,2017-09-22,0,111.3
PB,2017-03-01,2017-06-28,2017-09-22,0,97.9
PB,2017-04-01,2017-06-28,2017-09-22,0,17.2
PB,2017-05-01,2017-06-28,2017-09-22,0,83.8
PB,2017-06-01,2017-06-28,2017-09-22,3,104.8
PB,2017-07-01,2017-06-28,2017-09-22,31,84.0
PB,2017-08-01,2017-06-28,2017-09-22,31,101.5
PB,2017-09-01,2017-06-28,2017-09-22,22,89.0
PB,2017-10-01,2017-06-28,2017-09-22,0,148.1
PB,2017-11-01,2017-06-28,2017-09-22,0,51.0
PB,2017-12-01,2017-06-28,2017-09-22,0,129.0
PB,2018-01-01,2018-06-23,2018-09-22,0,69.9
PB,2018-02-01,2018-06-23,2018-09-22,0,116.6
PB,2018-03-01,2018-06-23,2018-09-22,0,94.8
PB,2018-04-01,2018-06-23,2018-09-22,0,132.2
PB,2018-05-01,2018-06-23,2018-09-22,0,84.5
PB,2018-06-01,2018-06-23,2018-09-22,8,111.6
PB,2018-07-01,2018-06-23,2018-09-22,31,93.7
PB,2018-08-01,2018-06-23,2018-09-22,31,96.8
PB,2018-09-01,2018-06-23,2018-09-22,22,84.8
PB,2018-10-01,2018-06-23,2018-09-22,0,165.0
PB,2018-11-01,2018-06-23,2018-09-22,0,117.9
PB,2018-12-01,2018-06-23,2018-09-22,0,37.6
PB,2019-01-01,2019-06-30,2019-09-24,0,52.4
PB,2019-02-01,2019-06-30,2019-09-24,0,72.2
PB,2019-03-01,2019-06-30,2019-09-24,0,89.5
PB,2019-04-01,2019-06-30,2019-09-24,0,102.6
PB,2019-05-01,2019-06-30,2019-09-24,0,88.8
PB,2019-06-01,2019-06-30,2019-09-24,1,108.2
PB,2019-07-01,2019-06-30,2019-09-24,31,104.6
PB,2019-08-01,2019-06-30,2019-09-24,31,118.7
PB,2019-09-01,2019-06-30,2019-09-24,24,99.6
PB,2019-10-01,2019-06-30,2019-09-24,0,141.9
PB,2019-11-01,2019-06-30,2019-09-24,0,57.7
PB,2019-12-01,2019-06-30,2019-09-24,0,54.2
PB,2020-01-01,2020-07-02,2020-09-28,0,98.6
PB,2020-02-01,2020-07-02,2020-09-28,0,73.4
PB,2020-03-01,2020-07-02,2020-09-28,0,110.8
PB,2020-04-01,2020-07-02,2020-09-28,0,99.3
PB,2020-05-01,2020-07-02,2020-09-28,0,115.6
PB,2020-06-01,2020-07-02,2020-09-28,0,86.9
PB,2020-07-01,2020-07-02,2020-09-28,30,55.1
PB,2020-08-01,2020-07-02,2020-09-28,31,54.3
PB,2020-09-01,2020-07-02,2020-09-28,28,100.5
PB,2020-10-01,2020-07-02,2020-09-28,0,142.2
PB,2020-11-01,2020-07-02,2020-09-28,0,122.4
PB,2020-12-01,2020-07-02,2020-09-28,0,72.3
PB,2021-01-01,2021-06-28,2021-10-02,0,96.0
PB,2021-02-01,2021-06-28,2021-10-02,0,79.2
PB,2021-03-01,2021-06-28,2021-10-02,0,120.9
PB,2021-04-01,2021-06-28,2021-10-02,0,100.6
PB,2021-05-01,2021-06-28,2021-10-02,0,88.6
PB,2021-06-01,2021-06-28,2021-10-02,3,117.2
PB,2021-07-01,2021-06-28,2021-10-02,31,122.8
PB,2021-08-01,2021-06-28,2021-10-02,31,76.4
PB,2021-09-01,2021-06-28,2021-10-02,30,82.2
PB,2021-10-01,2021-06-28,2021-10-02,2,79.4
PB,2021-11-01,2021-06-28,2021-10-02,0,92.8
PB,2021-12-01,2021-06-28,2021-10-02,0,61.2
PB,2022-01-01,2022-07-12,2022-09-29,0,122.1
PB,2022-02-01,2022-07-12,2022-09-29,0,57.2
PB,2022-03-01,2022-07-12,2022-09-29,0,100.9
PB,2022-04-01,2022-07-12,2022-09-29,0,102.0
PB,2022-05-01,2022-07-12,2022-09-29,0,137.8
PB,2022-06-01,2022-07-12,2022-09-29,0,88.2
PB,2022-07-01,2022-07-12,2022-09-29,20,50.2
PB,2022-08-01,2022-07-12,2022-09-29,31,87.2
PB,2022-09-01,2022-07-12,2022-09-29,29,83.3
PB,2022-10-01,2022-07-12,2022-09-29,0,90.2
PB,2022-11-01,2022-07-12,2022-09-29,0,138.6
PB,2022-12-01,2022-07-12,2022-09-29,0,147.1
PB,2023-01-01,2023-06-28,2023-10-10,0,86.3
PB,2023-02-01,2023-06-28,2023-10-10,0,154.5
PB,2023-03-01,2023-06-28,2023-10-10,0,87.0
PB,2023-04-01,2023-06-28,2023-10-10,0,124.6
PB,2023-05-01,2023-06-28,2023-10-10,0,80.5
PB,2023-06-01,2023-06-28,2023-10-10,3,143.8
PB,2023-07-01,2023-06-28,2023-10-10,31,139.5
PB,2023-08-01,2023-06-28,2023-10-10,31,147.8
PB,2023-09-01,2023-06-28,2023-10-10,30,97.5
PB,2023-10-01,2023-06-28,2023-10-10,10,155.2
PB,2023-11-01,2023-06-28,2023-10-10,0,77.1
PB,2023-12-01,2023-06-28,2023-10-10,0,41.9
PB,2024-01-01,2024-07-04,2024-09-20,0,110.2
PB,2024-02-01,2024-07-04,2024-09-20,0,132.4
PB,2024-03-01,2024-07-04,2024-09-20,0,57.8
PB,2024-04-01,2024-07-04,2024-09-20,0,149.8
PB,2024-05-01,2024-07-04,2024-09-20,0,112.3
PB,2024-06-01,2024-07-04,2024-09-20,0,146.7
PB,2024-07-01,2024-07-04,2024-09-20,28,128.6
PB,2024-08-01,2024-07-04,2024-09-20,31,129.2
PB,2024-09-01,2024-07-04,2024-09-20,20,74.9
PB,2024-10-01,2024-07-04,2024-09-20,0,102.8
PB,2024-11-01,2024-07-04,2024-09-20,0,120.4
PB,2024-12-01,2024-07-04,2024-09-20,0,133.8
PB,2025-01-01,2025-06-26,2025-10-12,0,127.9
PB,2025-02-01,2025-06-26,2025-10-12,0,110.6
PB,2025-03-01,2025-06-26,2025-10-12,0,113.9
PB,2025-04-01,2025-06-26,2025-10-12,0,112.8
PB,2025-05-01,2025-06-26,2025-10-12,0,41.4
PB,2025-06-01,2025-06-26,2025-10-12,5,61.9
PB,2025-07-01,2025-06-26,2025-10-12,31,63.4
PB,2025-08-01,2025-06-26,2025-10-12,31,90.0
PB,2025-09-01,2025-06-26,2025-10-12,30,106.2
PB,2025-10-01,2025-06-26,2025-10-12,12,74.8
PB,2025-11-01,2025-06-26,2025-10-12,0,105.2
PB,2025-12-01,2025-06-26,2025-10-12,0,41.6
PB,2026-01-01,2026-07-03,2026-09-22,0,87.6
PB,2026-02-01,2026-07-03,2026-09-22,0,83.7
PB,2026-03-01,2026-07-03,2026-09-22,0,128.9
PB,2026-04-01,2026-07-03,2026-09-22,0,72.0
PB,2026-05-01,2026-07-03,2026-09-22,0,113.7
PB,2026-06-01,2026-07-03,2026-09-22,0,133.9
PB,2026-07-01,2026-07-03,2026-09-22,29,133.3
PB,2026-08-01,2026-07-03,2026-09-22,31,143.3
PB,2026-09-01,2026-07-03,2026-09-22,22,128.3
PB,2026-10-01,2026-07-03,2026-09-22,0,41.0
PB,2026-11-01,2026-07-03,2026-09-22,0,93.7
PB,2026-12-01,2026-07-03,2026-09-22,0,76.7
RJ,2012-01-01,2012-06-22,2012-09-20,0,69.1
RJ,2012-02-01,2012-06-22,2012-09-20,0,49.6
RJ,2012-03-01,2012-06-22,2012-09-20,0,77.8
RJ,2012-04-01,2012-06-22,2012-09-20,0,91.3
RJ,2012-05-01,2012-06-22,2012-09-20,0,114.2
RJ,2012-06-01,2012-06-22,2012-09-20,9,93.0
RJ,2012-07-01,2012-06-22,2012-09-20,31,70.4
RJ,2012-08-01,2012-06-22,2012-09-20,31,92.2
RJ,2012-09-01,2012-06-22,2012-09-20,20,74.4
RJ,2012-10-01,2012-06-22,2012-09-20,0,55.0
RJ,2012-11-01,2012-06-22,2012-09-20,0,38.8
RJ,2012-12-01,2012-06-22,2012-09-20,0,120.7
RJ,2013-01-01,2013-07-09,2013-09-25,0,106.8
RJ,2013-02-01,2013-07-09,2013-09-25,0,66.0
RJ,2013-03-01,2013-07-09,2013-09-25,0,67.5
RJ,2013-04-01,2013-07-09,2013-09-25,0,48.0
RJ,2013-05-01,2013-07-09,2013-09-25,0,102.1
RJ,2013-06-01,2013-07-09,2013-09-25,0,64.9
RJ,2013-07-01,2013-07-09,2013-09-25,23,69.4
RJ,2013-08-01,2013-07-09,2013-09-25,31,96.1
RJ,2013-09-01,2013-07-09,2013-09-25,25,76.6
RJ,2013-10-01,2013-07-09,2013-09-25,0,112.7
RJ,2013-11-01,2013-07-09,2013-09-25,0,90.6
RJ,2013-12-01,2013-07-09,2013-09-25,0,48.5
RJ,2014-01-01,2014-06-18,2014-09-21,0,109.4
RJ,2014-02-01,2014-06-18,2014-09-21,0,84.8
RJ,2014-03-01,2014-06-18,2014-09-21,0,40.5
RJ,2014-04-01,2014-06-18,2014-09-21,0,77.2
RJ,2014-05-01,2014-06-18,2014-09-21,0,82.2
RJ,2014-06-01,2014-06-18,2014-09-21,13,102.8
RJ,2014-07-01,2014-06-18,2014-09-21,31,68.9
RJ,2014-08-01,2014-06-18,2014-09-21,31,88.6
RJ,2014-09-01,2014-06-18,2014-09-21,21,80.3
RJ,2014-10-01,2014-06-18,2014-09-21,0,92.2
RJ,2014-11-01,2014-06-18,2014-09-21,0,149.5
RJ,2014-12-01,2014-06-18,2014-09-21,0,121.2
RJ,2015-01-01,2015-06-29,2015-09-26,0,112.6
RJ,2015-02-01,2015-06-29,2015-09-26,0,37.0
RJ,2015-03-01,2015-06-29,2015-09-26,0,100.6
RJ,2015-04-01,2015-06-29,2015-09-26,0,111.4
RJ,2015-05-01,2015-06-29,2015-09-26,0,143.9
RJ,2015-06-01,2015-06-29,2015-09-26,2,106.2
RJ,2015-07-01,2015-06-29,2015-09-26,31,127.7
RJ,2015-08-01,2015-06-29,2015-09-26,31,105.5
RJ,2015-09-01,2015-06-29,2015-09-26,26,103.7
RJ,2015-10-01,2015-06-29,2015-09-26,0,78.1
RJ,2015-11-01,2015-06-29,2015-09-26,0,62.0
RJ,2015-12-01,2015-06-29,2015-09-26,0,91.2
RJ,2016-01-01,2016-07-02,2016-09-12,0,105.7
RJ,2016-02-01,2016-07-02,2016-09-12,0,88.4
RJ,2016-03-01,2016-07-02,2016-09-12,0,128.0
RJ,2016-04-01,2016-07-02,2016-09-12,0,92.3
RJ,2016-05-01,2016-07-02,2016-09-12,0,52.5
RJ,2016-06-01,2016-07-02,2016-09-12,0,79.1
RJ,2016-07-01,2016-07-02,2016-09-12,30,119.8
RJ,2016-08-01,2016-07-02,2016-09-12,31,109.2
RJ,2016-09-01,2016-07-02,2016-09-12,12,86.8
RJ,2016-10-01,2016-07-02,2016-09-12,0,132.5
RJ,2016-11-01,2016-07-02,2016-09-12,0,86.2
RJ,2016-12-01,2016-07-02,2016-09-12,0,173.7
RJ,2017-01-01,2017-07-05,2017-09-01,0,72.2
RJ,2017-02-01,2017-07-05,2017-09-01,0,95.7
RJ,2017-03-01,2017-07-05,2017-09-01,0,81.2
RJ,2017-04-01,2017-07-05,2017-09-01,0,97.3
RJ,2017-05-01,2017-07-05,2017-09-01,0,95.6
RJ,2017-06-01,2017-07-05,2017-09-01,0,29.9
RJ,2017-07-01,2017-07-05,2017-09-01,27,60.5
RJ,2017-08-01,2017-07-05,2017-09-01,31,69.1
RJ,2017-09-01,2017-07-05,2017-09-01,1,97.9
RJ,2017-10-01,2017-07-05,2017-09-01,0,145.0
RJ,2017-11-01,2017-07-05,2017-09-01,0,70.3
RJ,2017-12-01,2017-07-05,2017-09-01,0,89.7
RJ,2018-01-01,2018-07-12,2018-09-11,0,186.2
RJ,2018-02-01,2018-07-12,2018-09-11,0,78.3
RJ,2018-03-01,2018-07-12,2018-09-11,0,51.8
RJ,2018-04-01,2018-07-12,2018-09-11,0,152.4
RJ,2018-05-01,2018-07-12,2018-09-11,0,139.0
RJ,2018-06-01,2018-07-12,2018-09-11,0,146.1
RJ,2018-07-01,2018-07-12,2018-09-11,20,75.3
RJ,2018-08-01,2018-07-12,2018-09-11,31,83.3
RJ,2018-09-01,2018-07-12,2018-09-11,11,95.5
RJ,2018-10-01,2018-07-12,2018-09-11,0,89.4
RJ,2018-11-01,2018-07-12,2018-09-11,0,130.8
RJ,2018-12-01,2018-07-12,2018-09-11,0,147.1
RJ,2019-01-01,2019-06-28,2019-09-19,0,94.1
RJ,2019-02-01,2019-06-28,2019-09-19,0,55.3
RJ,2019-03-01,2019-06-28,2019-09-19,0,105.9
RJ,2019-04-01,2019-06-28,2019-09-19,0,104.2
RJ,2019-05-01,2019-06-28,2019-09-19,0,52.0
RJ,2019-06-01,2019-06-28,2019-09-19,3,126.6
RJ,2019-07-01,2019-06-28,2019-09-19,31,103.9
RJ,2019-08-01,2019-06-28,2019-09-19,31,77.4
RJ,2019-09-01,2019-06-28,2019-09-19,19,79.0
RJ,2019-10-01,2019-06-28,2019-09-19,0,87.7
RJ,2019-11-01,2019-06-28,2019-09-19,0,163.0
RJ,2019-12-01,2019-06-28,2019-09-19,0,122.2
RJ,2020-01-01,2020-06-18,2020-09-23,0,77.5
RJ,2020-02-01,2020-06-18,2020-09-23,0,136.4
RJ,2020-03-01,2020-06-18,2020-09-23,0,127.4
RJ,2020-04-01,2020-06-18,2020-09-23,0,59.8
RJ,2020-05-01,2020-06-18,2020-09-23,0,121.5
RJ,2020-06-01,2020-06-18,2020-09-23,13,66.5
RJ,2020-07-01,2020-06-18,2020-09-23,31,93.1
RJ,2020-08-01,2020-06-18,2020-09-23,31,78.3
RJ,2020-09-01,2020-06-18,2020-09-23,23,58.1
RJ,2020-10-01,2020-06-18,2020-09-23,0,59.3
RJ,2020-11-01,2020-06-18,2020-09-23,0,129.5
RJ,2020-12-01,2020-06-18,2020-09-23,0,90.7
RJ,2021-01-01,2021-06-22,2021-09-09,0,112.8
RJ,2021-02-01,2021-06-22,2021-09-09,0,98.1
RJ,2021-03-01,2021-06-22,2021-09-09,0,107.0
RJ,2021-04-01,2021-06-22,2021-09-09,0,112.9
RJ,2021-05-01,2021-06-22,2021-09-09,0,100.8
RJ,2021-06-01,2021-06-22,2021-09-09,9,116.3
RJ,2021-07-01,2021-06-22,2021-09-09,31,96.5
RJ,2021-08-01,2021-06-22,2021-09-09,31,89.5
RJ,2021-09-01,2021-06-22,2021-09-09,9,89.2
RJ,2021-10-01,2021-06-22,2021-09-09,0,132.4
RJ,2021-11-01,2021-06-22,2021-09-09,0,131.6
RJ,2021-12-01,2021-06-22,2021-09-09,0,60.8
RJ,2022-01-01,2022-07-06,2022-09-24,0,119.4
RJ,2022-02-01,2022-07-06,2022-09-24,0,93.7
RJ,2022-03-01,2022-07-06,2022-09-24,0,74.0
RJ,2022-04-01,2022-07-06,2022-09-24,0,116.8
RJ,2022-05-01,2022-07-06,2022-09-24,0,122.8
RJ,2022-06-01,2022-07-06,2022-09-24,0,120.4
RJ,2022-07-01,2022-07-06,2022-09-24,26,109.9
RJ,2022-08-01,2022-07-06,2022-09-24,31,157.0
RJ,2022-09-01,2022-07-06,2022-09-24,24,92.0
RJ,2022-10-01,2022-07-06,2022-09-24,0,115.0
RJ,2022-11-01,2022-07-06,2022-09-24,0,152.9
RJ,2022-12-01,2022-07-06,2022-09-24,0,77.0
RJ,2023-01-01,2023-06-21,2023-09-12,0,90.9
RJ,2023-02-01,2023-06-21,2023-09-12,0,39.5
RJ,2023-03-01,2023-06-21,2023-09-12,0,116.4
RJ,2023-04-01,2023-06-21,2023-09-12,0,102.3
RJ,2023-05-01,2023-06-21,2023-09-12,0,120.2
RJ,2023-06-01,2023-06-21,2023-09-12,10,136.1
RJ,2023-07-01,2023-06-21,2023-09-12,31,123.0
RJ,2023-08-01,2023-06-21,2023-09-12,31,93.0
RJ,2023-09-01,2023-06-21,2023-09-12,12,123.3
RJ,2023-10-01,2023-06-21,2023-09-12,0,102.6
RJ,2023-11-01,2023-06-21,2023-09-12,0,53.6
RJ,2023-12-01,2023-06-21,2023-09-12,0,86.4
RJ,2024-01-01,2024-06-16,2024-09-23,0,77.6
RJ,2024-02-01,2024-06-16,2024-09-23,0,97.2
RJ,2024-03-01,2024-06-16,2024-09-23,0,113.6
RJ,2024-04-01,2024-06-16,2024-09-23,0,94.7
RJ,2024-05-01,2024-06-16,2024-09-23,0,116.4
RJ,2024-06-01,2024-06-16,2024-09-23,15,103.9
RJ,2024-07-01,2024-06-16,2024-09-23,31,103.3
RJ,2024-08-01,2024-06-16,2024-09-23,31,115.3
RJ,2024-09-01,2024-06-16,2024-09-23,23,139.6
RJ,2024-10-01,2024-06-16,2024-09-23,0,94.1
RJ,2024-11-01,2024-06-16,2024-09-23,0,45.3
RJ,2024-12-01,2024-06-16,2024-09-23,0,79.1
RJ,2025-01-01,2025-06-23,2025-10-04,0,28.8
RJ,2025-02-01,2025-06-23,2025-10-04,0,60.8
RJ,2025-03-01,2025-06-23,2025-10-04,0,155.6
RJ,2025-04-01,2025-06-23,2025-10-04,0,77.6
RJ,2025-05-01,2025-06-23,2025-10-04,0,71.4
RJ,2025-06-01,2025-06-23,2025-10-04,8,102.4
RJ,2025-07-01,2025-06-23,2025-10-04,31,122.0
RJ,2025-08-01,2025-06-23,2025-10-04,31,64.7
RJ,2025-09-01,2025-06-23,2025-10-04,30,120.7
RJ,2025-10-01,2025-06-23,2025-10-04,4,91.1
RJ,2025-11-01,2025-06-23,2025-10-04,0,83.6
RJ,2025-12-01,2025-06-23,2025-10-04,0,113.6
RJ,2026-01-01,2026-07-01,2026-09-11,0,73.0
RJ,2026-02-01,2026-07-01,2026-09-11,0,103.8
RJ,2026-03-01,2026-07-01,2026-09-11,0,110.6
RJ,2026-04-01,2026-07-01,2026-09-11,0,100.2
RJ,2026-05-01,2026-07-01,2026-09-11,0,50.4
RJ,2026-06-01,2026-07-01,2026-09-11,0,132.5
RJ,2026-07-01,2026-07-01,2026-09-11,31,100.1
RJ,2026-08-01,2026-07-01,2026-09-11,31,74.2
RJ,2026-09-01,2026-07-01,2026-09-11,11,75.0
RJ,2026-10-01,2026-07-01,2026-09-11,0,140.9
RJ,2026-11-01,2026-07-01,2026-09-11,0,130.2
RJ,2026-12-01,2026-07-01,2026-09-11,0,110.4
SK,2012-01-01,2012-06-08,2012-10-21,0,120.6
SK,2012-02-01,2012-06-08,2012-10-21,0,79.7
SK,2012-03-01,2012-06-08,2012-10-21,0,91.8
SK,2012-04-01,2012-06-08,2012-10-21,0,76.5
SK,2012-05-01,2012-06-08,2012-10-21,0,103.9
SK,2012-06-01,2012-06-08,2012-10-21,23,143.6
SK,2012-07-01,2012-06-08,2012-10-21,31,128.5
SK,2012-08-01,2012-06-08,2012-10-21,31,135.5
SK,2012-09-01,2012-06-08,2012-10-21,30,135.5
SK,2012-10-01,2012-06-08,2012-10-21,21,91.4
SK,2012-11-01,2012-06-08,2012-10-21,0,80.0
SK,2012-12-01,2012-06-08,2012-10-21,0,126.9
SK,2013-01-01,2013-06-10,2013-10-13,0,119.3
SK,2013-02-01,2013-06-10,2013-10-13,0,69.5
SK,2013-03-01,2013-06-10,2013-10-13,0,65.0
SK,2013-04-01,2013-06-10,2013-10-13,0,134.2
SK,2013-05-01,2013-06-10,2013-10-13,0,157.4
SK,2013-06-01,2013-06-10,2013-10-13,21,127.1
SK,2013-07-01,2013-06-10,2013-10-13,31,88.8
SK,2013-08-01,2013-06-10,2013-10-13,31,152.1
SK,2013-09-01,2013-06-10,2013-10-13,30,140.0
SK,2013-10-01,2013-06-10,2013-10-13,13,99.6
SK,2013-11-01,2013-06-10,2013-10-13,0,146.9
SK,2013-12-01,2013-06-10,2013-10-13,0,136.1
SK,2014-01-01,2014-06-17,2014-10-09,0,104.9
SK,2014-02-01,2014-06-17,2014-10-09,0,61.5
SK,2014-03-01,2014-06-17,2014-10-09,0,118.6
SK,2014-04-01,2014-06-17,2014-10-09,0,115.1
SK,2014-05-01,2014-06-17,2014-10-09,0,57.0
SK,2014-06-01,2014-06-17,2014-10-09,14,110.8
SK,2014-07-01,2014-06-17,2014-10-09,31,72.1
SK,2014-08-01,2014-06-17,2014-10-09,31,74.1
SK,2014-09-01,2014-06-17,2014-10-09,30,91.8
SK,2014-10-01,2014-06-17,2014-10-09,9,121.9
SK,2014-11-01,2014-06-17,2014-10-09,0,140.3
SK,2014-12-01,2014-06-17,2014-10-09,0,104.0
SK,2015-01-01,2015-06-03,2015-10-10,0,79.0
SK,2015-02-01,2015-06-03,2015-10-10,0,111.8
SK,2015-03-01,2015-06-03,2015-10-10,0,103.4
SK,2015-04-01,2015-06-03,2015-10-10,0,67.8
SK,2015-05-01,2015-06-03,2015-10-10,0,102.9
SK,2015-06-01,2015-06-03,2015-10-10,28,65.1
SK,2015-07-01,2015-06-03,2015-10-10,31,69.6
SK,2015-08-01,2015-06-03,2015-10-10,31,69.6
SK,2015-09-01,2015-06-03,2015-10-10,30,93.5
SK,2015-10-01,2015-06-03,2015-10-10,10,63.3
SK,2015-11-01,2015-06-03,2015-10-10,0,64.0
SK,2015-12-01,2015-06-03,2015-10-10,0,119.2
SK,2016-01-01,2016-06-27,2016-10-17,0,55.0
SK,2016-02-01,2016-06-27,2016-10-17,0,83.1
SK,2016-03-01,2016-06-27,2016-10-17,0,133.4
SK,2016-04-01,2016-06-27,2016-10-17,0,125.4
SK,2016-05-01,2016-06-27,2016-10-17,0,75.3
SK,2016-06-01,2016-06-27,2016-10-17,4,85.3
SK,2016-07-01,2016-06-27,2016-10-17,31,92.3
SK,2016-08-01,2016-06-27,2016-10-17,31,58.2
SK,2016-09-01,2016-06-27,2016-10-17,30,84.4
SK,2016-10-01,2016-06-27,2016-10-17,17,143.9
SK,2016-11-01,2016-06-27,2016-10-17,0,130.3
SK,2016-12-01,2016-06-27,2016-10-17,0,66.6
SK,2017-01-01,2017-06-13,2017-10-20,0,98.8
SK,2017-02-01,2017-06-13,2017-10-20,0,57.0
SK,2017-03-01,2017-06-13,2017-10-20,0,35.1
SK,2017-04-01,2017-06-13,2017-10-20,0,113.6
SK,2017-05-01,2017-06-13,2017-10-20,0,132.6
SK,2017-06-01,2017-06-13,2017-10-20,18,66.6
SK,2017-07-01,2017-06-13,2017-10-20,31,56.3
SK,2017-08-01,2017-06-13,2017-10-20,31,48.6
SK,2017-09-01,2017-06-13,2017-10-20,30,69.8
SK,2017-10-01,2017-06-13,2017-10-20,20,71.3
SK,2017-11-01,2017-06-13,2017-10-20,0,149.1
SK,2017-12-01,2017-06-13,2017-10-20,0,70.2
SK,2018-01-01,2018-06-08,2018-10-24,0,136.8
SK,2018-02-01,2018-06-08,2018-10-24,0,106.2
SK,2018-03-01,2018-06-08,2018-10-24,0,65.5
SK,2018-04-01,2018-06-08,2018-10-24,0,135.3
SK,2018-05-01,2018-06-08,2018-10-24,0,56.3
SK,2018-06-01,2018-06-08,2018-10-24,23,78.5
SK,2018-07-01,2018-06-08,2018-10-24,31,100.2
SK,2018-08-01,2018-06-08,2018-10-24,31,78.6
SK,2018-09-01,2018-06-08,2018-10-24,30,78.5
SK,2018-10-01,2018-06-08,2018-10-24,24,69.0
SK,2018-11-01,2018-06-08,2018-10-24,0,115.1
SK,2018-12-01,2018-06-08,2018-10-24,0,91.7
SK,2019-01-01,2019-06-19,2019-10-01,0,89.4
SK,2019-02-01,2019-06-19,2019-10-01,0,35.7
SK,2019-03-01,2019-06-19,2019-10-01,0,112.2
SK,2019-04-01,2019-06-19,2019-10-01,0,120.2
SK,2019-05-01,2019-06-19,2019-10-01,0,76.2
SK,2019-06-01,2019-06-19,2019-10-01,12,104.3
SK,2019-07-01,2019-06-19,2019-10-01,31,164.4
SK,2019-08-01,2019-06-19,2019-10-01,31,97.5
SK,2019-09-01,2019-06-19,2019-10-01,30,100.5
SK,2019-10-01,2019-06-19,2019-10-01,1,120.1
SK,2019-11-01,2019-06-19,2019-10-01,0,115.1
SK,2019-12-01,2019-06-19,2019-10-01,0,92.6
SK,2020-01-01,2020-05-31,2020-10-09,0,66.1
SK,2020-02-01,2020-05-31,2020-10-09,0,140.7
SK,2020-03-01,2020-05-31,2020-10-09,0,70.2
SK,2020-04-01,2020-05-31,2020-10-09,0,128.5
SK,2020-05-01,2020-05-31,2020-10-09,1,93.0
SK,2020-06-01,2020-05-31,2020-10-09,30,80.1
SK,2020-07-01,2020-05-31,2020-10-09,31,80.1
SK,2020-08-01,2020-05-31,2020-10-09,31,91.9
SK,2020-09-01,2020-05-31,2020-10-09,30,118.4
SK,2020-10-01,2020-05-31,2020-10-09,9,114.9
SK,2020-11-01,2020-05-31,2020-10-09,0,212.7
SK,2020-12-01,2020-05-31,2020-10-09,0,33.5
SK,2021-01-01,2021-05-30,2021-10-17,0,65.2
SK,2021-02-01,2021-05-30,2021-10-17,0,162.4
SK,2021-03-01,2021-05-30,2021-10-17,0,135.9
SK,2021-04-01,2021-05-30,2021-10-17,0,81.2
SK,2021-05-01,2021-05-30,2021-10-17,2,157.7
SK,2021-06-01,2021-05-30,2021-10-17,30,157.9
SK,2021-07-01,2021-05-30,2021-10-17,31,99.4
SK,2021-08-01,2021-05-30,2021-10-17,31,121.7
SK,2021-09-01,2021-05-30,2021-10-17,30,120.6
SK,2021-10-01,2021-05-30,2021-10-17,17,118.9
SK,2021-11-01,2021-05-30,2021-10-17,0,115.0
SK,2021-12-01,2021-05-30,2021-10-17,0,143.5
SK,2022-01-01,2022-06-08,2022-10-16,0,119.7
SK,2022-02-01,2022-06-08,2022-10-16,0,52.0
SK,2022-03-01,2022-06-08,2022-10-16,0,91.6
SK,2022-04-01,2022-06-08,2022-10-16,0,160.2
SK,2022-05-01,2022-06-08,2022-10-16,0,149.9
SK,2022-06-01,2022-06-08,2022-10-16,23,72.0
SK,2022-07-01,2022-06-08,2022-10-16,31,53.1
SK,2022-08-01,2022-06-08,2022-10-16,31,76.5
SK,2022-09-01,2022-06-08,2022-10-16,30,85.8
SK,2022-10-01,2022-06-08,2022-10-16,16,123.5
SK,2022-11-01,2022-06-08,2022-10-16,0,75.3
SK,2022-12-01,2022-06-08,2022-10-16,0,79.8
SK,2023-01-01,2023-06-20,2023-10-09,0,106.8
SK,2023-02-01,2023-06-20,2023-10-09,0,84.6
SK,2023-03-01,2023-06-20,2023-10-09,0,104.0
SK,2023-04-01,2023-06-20,2023-10-09,0,61.3
SK,2023-05-01,2023-06-20,2023-10-09,0,157.4
SK,2023-06-01,2023-06-20,2023-10-09,11,75.9
SK,2023-07-01,2023-06-20,2023-10-09,31,123.0
SK,2023-08-01,2023-06-20,2023-10-09,31,105.9
SK,2023-09-01,2023-06-20,2023-10-09,30,86.6
SK,2023-10-01,2023-06-20,2023-10-09,9,90.7
SK,2023-11-01,2023-06-20,2023-10-09,0,128.0
SK,2023-12-01,2023-06-20,2023-10-09,0,150.4
SK,2024-01-01,2024-06-18,2024-10-14,0,58.8
SK,2024-02-01,2024-06-18,2024-10-14,0,26.5
SK,2024-03-01,2024-06-18,2024-10-14,0,116.3
SK,2024-04-01,2024-06-18,2024-10-14,0,109.4
SK,2024-05-01,2024-06-18,2024-10-14,0,40.6
SK,2024-06-01,2024-06-18,2024-10-14,13,96.6
SK,2024-07-01,2024-06-18,2024-10-14,31,89.2
SK,2024-08-01,2024-06-18,2024-10-14,31,141.8
SK,2024-09-01,2024-06-18,2024-10-14,30,102.1
SK,2024-10-01,2024-06-18,2024-10-14,14,132.5
SK,2024-11-01,2024-06-18,2024-10-14,0,106.7
SK,2024-12-01,2024-06-18,2024-10-14,0,107.5
SK,2025-01-01,2025-06-25,2025-10-18,0,89.2
SK,2025-02-01,2025-06-25,2025-10-18,0,53.7
SK,2025-03-01,2025-06-25,2025-10-18,0,165.9
SK,2025-04-01,2025-06-25,2025-10-18,0,60.9
SK,2025-05-01,2025-06-25,2025-10-18,0,133.3
SK,2025-06-01,2025-06-25,2025-10-18,6,87.9
SK,2025-07-01,2025-06-25,2025-10-18,31,68.2
SK,2025-08-01,2025-06-25,2025-10-18,31,85.1
SK,2025-09-01,2025-06-25,2025-10-18,30,83.1
SK,2025-10-01,2025-06-25,2025-10-18,18,123.2
SK,2025-11-01,2025-06-25,2025-10-18,0,133.4
SK,2025-12-01,2025-06-25,2025-10-18,0,144.2
SK,2026-01-01,2026-06-13,2026-10-07,0,140.8
SK,2026-02-01,2026-06-13,2026-10-07,0,70.2
SK,2026-03-01,2026-06-13,2026-10-07,0,134.8
SK,2026-04-01,2026-06-13,2026-10-07,0,51.4
SK,2026-05-01,2026-06-13,2026-10-07,0,157.1
SK,2026-06-01,2026-06-13,2026-10-07,18,99.5
SK,2026-07-01,2026-06-13,2026-10-07,31,106.1
SK,2026-08-01,2026-06-13,2026-10-07,31,105.7
SK,2026-09-01,2026-06-13,2026-10-07,30,68.0
SK,2026-10-01,2026-06-13,2026-10-07,7,114.8
SK,2026-11-01,2026-06-13,2026-10-07,0,139.5
SK,2026-12-01,2026-06-13,2026-10-07,0,81.2
TN,2012-01-01,2012-05-31,2012-10-02,0,59.0
TN,2012-02-01,2012-05-31,2012-10-02,0,79.4
TN,2012-03-01,2012-05-31,2012-10-02,0,116.1
TN,2012-04-01,2012-05-31,2012-10-02,0,68.8
TN,2012-05-01,2012-05-31,2012-10-02,1,105.9
TN,2012-06-01,2012-05-31,2012-10-02,30,97.4
TN,2012-07-01,2012-05-31,2012-10-02,31,105.7
TN,2012-08-01,2012-05-31,2012-10-02,31,98.5
TN,2012-09-01,2012-05-31,2012-10-02,30,69.2
TN,2012-10-01,2012-05-31,2012-10-02,2,119.2
TN,2012-11-01,2012-05-31,2012-10-02,0,133.5
TN,2012-12-01,2012-05-31,2012-10-02,0,156.2
TN,2013-01-01,2013-05-20,2013-10-07,0,120.0
TN,2013-02-01,2013-05-20,2013-10-07,0,89.2
TN,2013-03-01,2013-05-20,2013-10-07,0,35.7
TN,2013-04-01,2013-05-20,2013-10-07,0,60.9
TN,2013-05-01,2013-05-20,2013-10-07,12,124.3
TN,2013-06-01,2013-05-20,2013-10-07,30,147.6
TN,2013-07-01,2013-05-20,2013-10-07,31,97.6
TN,2013-08-01,2013-05-20,2013-10-07,31,121.9
TN,2013-09-01,2013-05-20,2013-10-07,30,88.9
TN,2013-10-01,2013-05-20,2013-10-07,7,100.6
TN,2013-11-01,2013-05-20,2013-10-07,0,59.7
TN,2013-12-01,2013-05-20,2013-10-07,0,142.9
TN,2014-01-01,2014-06-07,2014-10-06,0,117.6
TN,2014-02-01,2014-06-07,2014-10-06,0,115.0
TN,2014-03-01,2014-06-07,2014-10-06,0,158.3
TN,2014-04-01,2014-06-07,2014-10-06,0,94.0
TN,2014-05-01,2014-06-07,2014-10-06,0,59.6
TN,2014-06-01,2014-06-07,2014-10-06,24,79.2
TN,2014-07-01,2014-06-07,2014-10-06,31,85.7
TN,2014-08-01,2014-06-07,2014-10-06,31,64.1
TN,2014-09-01,2014-06-07,2014-10-06,30,123.1
TN,2014-10-01,2014-06-07,2014-10-06,6,127.3
TN,2014-11-01,2014-06-07,2014-10-06,0,115.1
TN,2014-12-01,2014-06-07,2014-10-06,0,58.9
TN,2015-01-01,2015-05-22,2015-10-03,0,110.7
TN,2015-02-01,2015-05-22,2015-10-03,0,98.3
TN,2015-03-01,2015-05-22,2015-10-03,0,120.3
TN,2015-04-01,2015-05-22,2015-10-03,0,32.5
TN,2015-05-01,2015-05-22,2015-10-03,10,98.1
TN,2015-06-01,2015-05-22,2015-10-03,30,84.7
TN,2015-07-01,2015-05-22,2015-10-03,31,93.1
TN,2015-08-01,2015-05-22,2015-10-03,31,108.7
TN,2015-09-01,2015-05-22,2015-10-03,30,90.6
TN,2015-10-01,2015-05-22,2015-10-03,3,99.2
TN,2015-11-01,2015-05-22,2015-10-03,0,74.9
TN,2015-12-01,2015-05-22,2015-10-03,0,60.4
TN,2016-01-01,2016-05-30,2016-10-08,0,120.2
TN,2016-02-01,2016-05-30,2016-10-08,0,106.1
TN,2016-03-01,2016-05-30,2016-10-08,0,112.3
TN,2016-04-01,2016-05-30,2016-10-08,0,90.8
TN,2016-05-01,2016-05-30,2016-10-08,2,101.1
TN,2016-06-01,2016-05-30,2016-10-08,30,98.8
TN,2016-07-01,2016-05-30,2016-10-08,31,99.0
TN,2016-08-01,2016-05-30,2016-10-08,31,122.9
TN,2016-09-01,2016-05-30,2016-10-08,30,97.7
TN,2016-10-01,2016-05-30,2016-10-08,8,83.9
TN,2016-11-01,2016-05-30,2016-10-08,0,124.9
TN,2016-12-01,2016-05-30,2016-10-08,0,131.6
TN,2017-01-01,2017-06-14,2017-10-08,0,93.4
TN,2017-02-01,2017-06-14,2017-10-08,0,110.9
TN,2017-03-01,2017-06-14,2017-10-08,0,121.0
TN,2017-04-01,2017-06-14,2017-10-08,0,110.3
TN,2017-05-01,2017-06-14,2017-10-08,0,94.2
TN,2017-06-01,2017-06-14,2017-10-08,17,77.1
TN,2017-07-01,2017-06-14,2017-10-08,31,64.3
TN,2017-08-01,2017-06-14,2017-10-08,31,126.6
TN,2017-09-01,2017-06-14,2017-10-08,30,108.3
TN,2017-10-01,2017-06-14,2017-10-08,8,94.6
TN,2017-11-01,2017-06-14,2017-10-08,0,72.6
TN,2017-12-01,2017-06-14,2017-10-08,0,132.6
TN,2018-01-01,2018-06-01,2018-10-10,0,113.1
TN,2018-02-01,2018-06-01,2018-10-10,0,63.1
TN,2018-03-01,2018-06-01,2018-10-10,0,96.7
TN,2018-04-01,2018-06-01,2018-10-10,0,75.2
TN,2018-05-01,2018-06-01,2018-10-10,0,137.3
TN,2018-06-01,2018-06-01,2018-10-10,30,120.7
TN,2018-07-01,2018-06-01,2018-10-10,31,92.0
TN,2018-08-01,2018-06-01,2018-10-10,31,72.4
TN,2018-09-01,2018-06-01,2018-10-10,30,103.8
TN,2018-10-01,2018-06-01,2018-10-10,10,86.9
TN,2018-11-01,2018-06-01,2018-10-10,0,38.5
TN,2018-12-01,2018-06-01,2018-10-10,0,132.6
TN,2019-01-01,2019-06-06,2019-10-09,0,83.5
TN,2019-02-01,2019-06-06,2019-10-09,0,106.8
TN,2019-03-01,2019-06-06,2019-10-09,0,141.0
TN,2019-04-01,2019-06-06,2019-10-09,0,81.5
TN,2019-05-01,2019-06-06,2019-10-09,0,81.2
TN,2019-06-01,2019-06-06,2019-10-09,25,97.9
TN,2019-07-01,2019-06-06,2019-10-09,31,72.9
TN,2019-08-01,2019-06-06,2019-10-09,31,89.6
TN,2019-09-01,2019-06-06,2019-10-09,30,113.0
TN,2019-10-01,2019-06-06,2019-10-09,9,71.1
TN,2019-11-01,2019-06-06,2019-10-09,0,122.5
TN,2019-12-01,2019-06-06,2019-10-09,0,71.9
TN,2020-01-01,2020-05-27,2020-10-18,0,93.1
TN,2020-02-01,2020-05-27,2020-10-18,0,114.4
TN,2020-03-01,2020-05-27,2020-10-18,0,41.1
TN,2020-04-01,2020-05-27,2020-10-18,0,93.8
TN,2020-05-01,2020-05-27,2020-10-18,5,115.3
TN,2020-06-01,2020-05-27,2020-10-18,30,98.5
TN,2020-07-01,2020-05-27,2020-10-18,31,88.8
TN,2020-08-01,2020-05-27,2020-10-18,31,104.9
TN,2020-09-01,2020-05-27,2020-10-18,30,100.8
TN,2020-10-01,2020-05-27,2020-10-18,18,90.4
TN,2020-11-01,2020-05-27,2020-10-18,0,72.5
TN,2020-12-01,2020-05-27,2020-10-18,0,115.4
TN,2021-01-01,2021-05-28,2021-10-09,0,72.6
TN,2021-02-01,2021-05-28,2021-10-09,0,74.3
TN,2021-03-01,2021-05-28,2021-10-09,0,27.8
TN,2021-04-01,2021-05-28,2021-10-09,0,78.4
TN,2021-05-01,2021-05-28,2021-10-09,4,126.7
TN,2021-06-01,2021-05-28,2021-10-09,30,66.4
TN,2021-07-01,2021-05-28,2021-10-09,31,88.5
TN,2021-08-01,2021-05-28,2021-10-09,31,89.4
TN,2021-09-01,2021-05-28,2021-10-09,30,78.2
TN,2021-10-01,2021-05-28,2021-10-09,9,54.6
TN,2021-11-01,2021-05-28,2021-10-09,0,103.8
TN,2021-12-01,2021-05-28,2021-10-09,0,117.7
TN,2022-01-01,2022-06-07,2022-10-01,0,115.8
TN,2022-02-01,2022-06-07,2022-10-01,0,40.6
TN,2022-03-01,2022-06-07,2022-10-01,0,39.7
TN,2022-04-01,2022-06-07,2022-10-01,0,120.3
TN,2022-05-01,2022-06-07,2022-10-01,0,23.3
TN,2022-06-01,2022-06-07,2022-10-01,24,75.5
TN,2022-07-01,2022-06-07,2022-10-01,31,86.6
TN,2022-08-01,2022-06-07,2022-10-01,31,86.6
TN,2022-09-01,2022-06-07,2022-10-01,30,76.1
TN,2022-10-01,2022-06-07,2022-10-01,1,72.0
TN,2022-11-01,2022-06-07,2022-10-01,0,160.3
TN,2022-12-01,2022-06-07,2022-10-01,0,119.6
TN,2023-01-01,2023-06-05,2023-10-22,0,100.8
TN,2023-02-01,2023-06-05,2023-10-22,0,143.3
TN,2023-03-01,2023-06-05,2023-10-22,0,74.5
TN,2023-04-01,2023-06-05,2023-10-22,0,70.8
TN,2023-05-01,2023-06-05,2023-10-22,0,50.7
TN,2023-06-01,2023-06-05,2023-10-22,26,74.1
TN,2023-07-01,2023-06-05,2023-10-22,31,122.9
TN,2023-08-01,2023-06-05,2023-10-22,31,109.2
TN,2023-09-01,2023-06-05,2023-10-22,30,107.8
TN,2023-10-01,2023-06-05,2023-10-22,22,94.4
TN,2023-11-01,2023-06-05,2023-10-22,0,115.5
TN,2023-12-01,2023-06-05,2023-10-22,0,71.3
TN,2024-01-01,2024-06-08,2024-09-25,0,107.4
TN,2024-02-01,2024-06-08,2024-09-25,0,107.8
TN,2024-03-01,2024-06-08,2024-09-25,0,182.4
TN,2024-04-01,2024-06-08,2024-09-25,0,109.7
TN,2024-05-01,2024-06-08,2024-09-25,0,89.2
TN,2024-06-01,2024-06-08,2024-09-25,23,94.9
TN,2024-07-01,2024-06-08,2024-09-25,31,105.4
TN,2024-08-01,2024-06-08,2024-09-25,31,136.0
TN,2024-09-01,2024-06-08,2024-09-25,25,91.3
TN,2024-10-01,2024-06-08,2024-09-25,0,66.2
TN,2024-11-01,2024-06-08,2024-09-25,0,70.5
TN,2024-12-01,2024-06-08,2024-09-25,0,57.4
TN,2025-01-01,2025-06-08,2025-10-06,0,121.2
TN,2025-02-01,2025-06-08,2025-10-06,0,86.3
TN,2025-03-01,2025-06-08,2025-10-06,0,125.2
TN,2025-04-01,2025-06-08,2025-10-06,0,145.3
TN,2025-05-01,2025-06-08,2025-10-06,0,126.5
TN,2025-06-01,2025-06-08,2025-10-06,23,77.0
TN,2025-07-01,2025-06-08,2025-10-06,31,77.3
TN,2025-08-01,2025-06-08,2025-10-06,31,104.3
TN,2025-09-01,2025-06-08,2025-10-06,30,113.0
TN,2025-10-01,2025-06-08,2025-10-06,6,100.3
TN,2025-11-01,2025-06-08,2025-10-06,0,0.0
TN,2025-12-01,2025-06-08,2025-10-06,0,74.1
TN,2026-01-01,2026-05-30,2026-10-07,0,134.9
TN,2026-02-01,2026-05-30,2026-10-07,0,80.7
TN,2026-03-01,2026-05-30,2026-10-07,0,50.2
TN,2026-04-01,2026-05-30,2026-10-07,0,95.3
TN,2026-05-01,2026-05-30,2026-10-07,2,87.2
TN,2026-06-01,2026-05-30,2026-10-07,30,107.9
TN,2026-07-01,2026-05-30,2026-10-07,31,126.0
TN,2026-08-01,2026-05-30,2026-10-07,31,100.4
TN,2026-09-01,2026-05-30,2026-10-07,30,128.4
TN,2026-10-01,2026-05-30,2026-10-07,7,107.5
TN,2026-11-01,2026-05-30,2026-10-07,0,121.5
TN,2026-12-01,2026-05-30,2026-10-07,0,150.2
TR,2012-01-01,2012-06-07,2012-10-11,0,135.0
TR,2012-02-01,2012-06-07,2012-10-11,0,121.0
TR,2012-03-01,2012-06-07,2012-10-11,0,111.4
TR,2012-04-01,2012-06-07,2012-10-11,0,34.5
TR,2012-05-01,2012-06-07,2012-10-11,0,124.8
TR,2012-06-01,2012-06-07,2012-10-11,24,109.2
TR,2012-07-01,2012-06-07,2012-10-11,31,103.8
TR,2012-08-01,2012-06-07,2012-10-11,31,126.3
TR,2012-09-01,2012-06-07,2012-10-11,30,104.0
TR,2012-10-01,2012-06-07,2012-10-11,11,109.9
TR,2012-11-01,2012-06-07,2012-10-11,0,104.3
TR,2012-12-01,2012-06-07,2012-10-11,0,59.2
TR,2013-01-01,2013-06-05,2013-10-15,0,61.4
TR,2013-02-01,2013-06-05,2013-10-15,0,105.6
TR,2013-03-01,2013-06-05,2013-10-15,0,69.7
TR,2013-04-01,2013-06-05,2013-10-15,0,114.0
TR,2013-05-01,2013-06-05,2013-10-15,0,18.7
TR,2013-06-01,2013-06-05,2013-10-15,26,86.5
TR,2013-07-01,2013-06-05,2013-10-15,31,116.2
TR,2013-08-01,2013-06-05,2013-10-15,31,66.0
TR,2013-09-01,2013-06-05,2013-10-15,30,90.1
TR,2013-10-01,2013-06-05,2013-10-15,15,91.2
TR,2013-11-01,2013-06-05,2013-10-15,0,128.0
TR,2013-12-01,2013-06-05,2013-10-15,0,110.1
TR,2014-01-01,2014-06-02,2014-10-14,0,109.1
TR,2014-02-01,2014-06-02,2014-10-14,0,52.6
TR,2014-03-01,2014-06-02,2014-10-14,0,131.8
TR,2014-04-01,2014-06-02,2014-10-14,0,98.2
TR,2014-05-01,2014-06-02,2014-10-14,0,129.7
TR,2014-06-01,2014-06-02,2014-10-14,29,99.9
TR,2014-07-01,2014-06-02,2014-10-14,31,70.2
TR,2014-08-01,2014-06-02,2014-10-14,31,126.7
TR,2014-09-01,2014-06-02,2014-10-14,30,106.9
TR,2014-10-01,2014-06-02,2014-10-14,14,105.2
TR,2014-11-01,2014-06-02,2014-10-14,0,122.2
TR,2014-12-01,2014-06-02,2014-10-14,0,81.1
TR,2015-01-01,2015-06-08,2015-11-03,0,94.6
TR,2015-02-01,2015-06-08,2015-11-03,0,49.2
TR,2015-03-01,2015-06-08,2015-11-03,0,64.8
TR,2015-04-01,2015-06-08,2015-11-03,0,70.2
TR,2015-05-01,2015-06-08,2015-11-03,0,108.6
TR,2015-06-01,2015-06-08,2015-11-03,23,81.6
TR,2015-07-01,2015-06-08,2015-11-03,31,92.6
TR,2015-08-01,2015-06-08,2015-11-03,31,116.6
TR,2015-09-01,2015-06-08,2015-11-03,30,120.5
TR,2015-10-01,2015-06-08,2015-11-03,31,114.2
TR,2015-11-01,2015-06-08,2015-11-03,3,129.9
TR,2015-12-01,2015-06-08,2015-11-03,0,106.4
TR,2016-01-01,2016-06-07,2016-10-22,0,105.4
TR,2016-02-01,2016-06-07,2016-10-22,0,109.3
TR,2016-03-01,2016-06-07,2016-10-22,0,49.5
TR,2016-04-01,2016-06-07,2016-10-22,0,53.9
TR,2016-05-01,2016-06-07,2016-10-22,0,143.0
TR,2016-06-01,2016-06-07,2016-10-22,24,75.7
TR,2016-07-01,2016-06-07,2016-10-22,31,118.8
TR,2016-08-01,2016-06-07,2016-10-22,31,102.3
TR,2016-09-01,2016-06-07,2016-10-22,30,75.2
TR,2016-10-01,2016-06-07,2016-10-22,22,142.1
TR,2016-11-01,2016-06-07,2016-10-22,0,82.7
TR,2016-12-01,2016-06-07,2016-10-22,0,131.5
TR,2017-01-01,2017-06-07,2017-10-10,0,112.6
TR,2017-02-01,2017-06-07,2017-10-10,0,52.3
TR,2017-03-01,2017-06-07,2017-10-10,0,140.5
TR,2017-04-01,2017-06-07,2017-10-10,0,43.3
TR,2017-05-01,2017-06-07,2017-10-10,0,83.7
TR,2017-06-01,2017-06-07,2017-10-10,24,83.3
TR,2017-07-01,2017-06-07,2017-10-10,31,84.5
TR,2017-08-01,2017-06-07,2017-10-10,31,112.5
TR,2017-09-01,2017-06-07,2017-10-10,30,98.1
TR,2017-10-01,2017-06-07,2017-10-10,10,124.8
TR,2017-11-01,2017-06-07,2017-10-10,0,92.8
TR,2017-12-01,2017-06-07,2017-10-10,0,115.7
TR,2018-01-01,2018-06-08,2018-10-21,0,34.5
TR,2018-02-01,2018-06-08,2018-10-21,0,123.9
TR,2018-03-01,2018-06-08,2018-10-21,0,113.9
TR,2018-04-01,2018-06-08,2018-10-21,0,88.1
TR,2018-05-01,2018-06-08,2018-10-21,0,94.8
TR,2018-06-01,2018-06-08,2018-10-21,23,64.1
TR,2018-07-01,2018-06-08,2018-10-21,31,68.2
TR,2018-08-01,2018-06-08,2018-10-21,31,69.6
TR,2018-09-01,2018-06-08,2018-10-21,30,65.1
TR,2018-10-01,2018-06-08,2018-10-21,21,66.8
TR,2018-11-01,2018-06-08,2018-10-21,0,107.6
TR,2018-12-01,2018-06-08,2018-10-21,0,177.0
TR,2019-01-01,2019-06-14,2019-10-20,0,164.0
TR,2019-02-01,2019-06-14,2019-10-20,0,131.9
TR,2019-03-01,2019-06-14,2019-10-20,0,61.8
TR,2019-04-01,2019-06-14,2019-10-20,0,153.5
TR,2019-05-01,2019-06-14,2019-10-20,0,90.1
TR,2019-06-01,2019-06-14,2019-10-20,17,126.4
TR,2019-07-01,2019-06-14,2019-10-20,31,138.6
TR,2019-08-01,2019-06-14,2019-10-20,31,149.0
TR,2019-09-01,2019-06-14,2019-10-20,30,122.7
TR,2019-10-01,2019-06-14,2019-10-20,20,123.9
TR,2019-11-01,2019-06-14,2019-10-20,0,57.5
TR,2019-12-01,2019-06-14,2019-10-20,0,75.4
TR,2020-01-01,2020-06-04,2020-10-11,0,93.3
TR,2020-02-01,2020-06-04,2020-10-11,0,59.9
TR,2020-03-01,2020-06-04,2020-10-11,0,76.9
TR,2020-04-01,2020-06-04,2020-10-11,0,148.2
TR,2020-05-01,2020-06-04,2020-10-11,0,116.7
TR,2020-06-01,2020-06-04,2020-10-11,27,95.8
TR,2020-07-01,2020-06-04,2020-10-11,31,103.0
TR,2020-08-01,2020-06-04,2020-10-11,31,93.6
TR,2020-09-01,2020-06-04,2020-10-11,30,113.8
TR,2020-10-01,2020-06-04,2020-10-11,11,105.0
TR,2020-11-01,2020-06-04,2020-10-11,0,159.6
TR,2020-12-01,2020-06-04,2020-10-11,0,107.0
TR,2021-01-01,2021-06-09,2021-10-17,0,78.9
TR,2021-02-01,2021-06-09,2021-10-17,0,97.5
TR,2021-03-01,2021-06-09,2021-10-17,0,100.5
TR,2021-04-01,2021-06-09,2021-10-17,0,111.6
TR,2021-05-01,2021-06-09,2021-10-17,0,90.2
TR,2021-06-01,2021-06-09,2021-10-17,22,78.0
TR,2021-07-01,2021-06-09,2021-10-17,31,117.6
TR,2021-08-01,2021-06-09,2021-10-17,31,86.4
TR,2021-09-01,2021-06-09,2021-10-17,30,98.6
TR,2021-10-01,2021-06-09,2021-10-17,17,87.4
TR,2021-11-01,2021-06-09,2021-10-17,0,80.8
TR,2021-12-01,2021-06-09,2021-10-17,0,72.8
TR,2022-01-01,2022-06-08,2022-11-07,0,154.7
TR,2022-02-01,2022-06-08,2022-11-07,0,86.0
TR,2022-03-01,2022-06-08,2022-11-07,0,179.3
TR,2022-04-01,2022-06-08,2022-11-07,0,136.7
TR,2022-05-01,2022-06-08,2022-11-07,0,120.2
TR,2022-06-01,2022-06-08,2022-11-07,23,92.0
TR,2022-07-01,2022-06-08,2022-11-07,31,116.4
TR,2022-08-01,2022-06-08,2022-11-07,31,95.4
TR,2022-09-01,2022-06-08,2022-11-07,30,94.7
TR,2022-10-01,2022-06-08,2022-11-07,31,87.8
TR,2022-11-01,2022-06-08,2022-11-07,7,117.5
TR,2022-12-01,2022-06-08,2022-11-07,0,123.8
TR,2023-01-01,2023-06-05,2023-10-07,0,21.7
TR,2023-02-01,2023-06-05,2023-10-07,0,154.9
TR,2023-03-01,2023-06-05,2023-10-07,0,49.7
TR,2023-04-01,2023-06-05,2023-10-07,0,163.6
TR,2023-05-01,2023-06-05,2023-10-07,0,100.4
TR,2023-06-01,2023-06-05,2023-10-07,26,110.2
TR,2023-07-01,2023-06-05,2023-10-07,31,128.9
TR,2023-08-01,2023-06-05,2023-10-07,31,153.3
TR,2023-09-01,2023-06-05,2023-10-07,30,76.3
TR,2023-10-01,2023-06-05,2023-10-07,7,91.2
TR,2023-11-01,2023-06-05,2023-10-07,0,116.2
TR,2023-12-01,2023-06-05,2023-10-07,0,89.5
TR,2024-01-01,2024-06-06,2024-10-16,0,123.2
TR,2024-02-01,2024-06-06,2024-10-16,0,86.5
TR,2024-03-01,2024-06-06,2024-10-16,0,97.9
TR,2024-04-01,2024-06-06,2024-10-16,0,90.5
TR,2024-05-01,2024-06-06,2024-10-16,0,82.7
TR,2024-06-01,2024-06-06,2024-10-16,25,53.7
TR,2024-07-01,2024-06-06,2024-10-16,31,77.7
TR,2024-08-01,2024-06-06,2024-10-16,31,87.5
TR,2024-09-01,2024-06-06,2024-10-16,30,75.8
TR,2024-10-01,2024-06-06,2024-10-16,16,89.8
TR,2024-11-01,2024-06-06,2024-10-16,0,96.6
TR,2024-12-01,2024-06-06,2024-10-16,0,68.6
TR,2025-01-01,2025-06-16,2025-10-06,0,68.4
TR,2025-02-01,2025-06-16,2025-10-06,0,124.0
TR,2025-03-01,2025-06-16,2025-10-06,0,80.2
TR,2025-04-01,2025-06-16,2025-10-06,0,39.7
TR,2025-05-01,2025-06-16,2025-10-06,0,92.0
TR,2025-06-01,2025-06-16,2025-10-06,15,103.3
TR,2025-07-01,2025-06-16,2025-10-06,31,134.4
TR,2025-08-01,2025-06-16,2025-10-06,31,126.6
TR,2025-09-01,2025-06-16,2025-10-06,30,116.2
TR,2025-10-01,2025-06-16,2025-10-06,6,113.3
TR,2025-11-01,2025-06-16,2025-10-06,0,111.9
TR,2025-12-01,2025-06-16,2025-10-06,0,109.1
TR,2026-01-01,2026-06-02,2026-10-01,0,83.1
TR,2026-02-01,2026-06-02,2026-10-01,0,65.0
TR,2026-03-01,2026-06-02,2026-10-01,0,98.0
TR,2026-04-01,2026-06-02,2026-10-01,0,112.6
TR,2026-05-01,2026-06-02,2026-10-01,0,103.2
TR,2026-06-01,2026-06-02,2026-10-01,29,102.6
TR,2026-07-01,2026-06-02,2026-10-01,31,66.2
TR,2026-08-01,2026-06-02,2026-10-01,31,60.2
TR,2026-09-01,2026-06-02,2026-10-01,30,86.3
TR,2026-10-01,2026-06-02,2026-10-01,1,92.1
TR,2026-11-01,2026-06-02,2026-10-01,0,92.4
TR,2026-12-01,2026-06-02,2026-10-01,0,96.1
UP,2012-01-01,2012-06-05,2012-10-06,0,120.9
UP,2012-02-01,2012-06-05,2012-10-06,0,128.6
UP,2012-03-01,2012-06-05,2012-10-06,0,114.4
UP,2012-04-01,2012-06-05,2012-10-06,0,103.0
UP,2012-05-01,2012-06-05,2012-10-06,0,116.8
UP,2012-06-01,2012-06-05,2012-10-06,26,116.1
UP,2012-07-01,2012-06-05,2012-10-06,31,119.3
UP,2012-08-01,2012-06-05,2012-10-06,31,95.5
UP,2012-09-01,2012-06-05,2012-10-06,30,96.0
UP,2012-10-01,2012-06-05,2012-10-06,6,92.7
UP,2012-11-01,2012-06-05,2012-10-06,0,177.6
UP,2012-12-01,2012-06-05,2012-10-06,0,63.5
UP,2013-01-01,2013-06-21,2013-10-23,0,102.4
UP,2013-02-01,2013-06-21,2013-10-23,0,105.7
UP,2013-03-01,2013-06-21,2013-10-23,0,88.3
UP,2013-04-01,2013-06-21,2013-10-23,0,76.2
UP,2013-05-01,2013-06-21,2013-10-23,0,64.0
UP,2013-06-01,2013-06-21,2013-10-23,10,104.2
UP,2013-07-01,2013-06-21,2013-10-23,31,113.3
UP,2013-08-01,2013-06-21,2013-10-23,31,95.7
UP,2013-09-01,2013-06-21,2013-10-23,30,100.6
UP,2013-10-01,2013-06-21,2013-10-23,23,116.6
UP,2013-11-01,2013-06-21,2013-10-23,0,97.1
UP,2013-12-01,2013-06-21,2013-10-23,0,133.6
UP,2014-01-01,2014-06-29,2014-09-25,0,86.1
UP,2014-02-01,2014-06-29,2014-09-25,0,148.0
UP,2014-03-01,2014-06-29,2014-09-25,0,70.4
UP,2014-04-01,2014-06-29,2014-09-25,0,82.1
UP,2014-05-01,2014-06-29,2014-09-25,0,84.3
UP,2014-06-01,2014-06-29,2014-09-25,2,112.4
UP,2014-07-01,2014-06-29,2014-09-25,31,80.3
UP,2014-08-01,2014-06-29,2014-09-25,31,106.6
UP,2014-09-01,2014-06-29,2014-09-25,25,127.8
UP,2014-10-01,2014-06-29,2014-09-25,0,68.4
UP,2014-11-01,2014-06-29,2014-09-25,0,102.9
UP,2014-12-01,2014-06-29,2014-09-25,0,71.8
UP,2015-01-01,2015-06-26,2015-09-29,0,36.6
UP,2015-02-01,2015-06-26,2015-09-29,0,80.8
UP,2015-03-01,2015-06-26,2015-09-29,0,123.9
UP,2015-04-01,2015-06-26,2015-09-29,0,79.8
UP,2015-05-01,2015-06-26,2015-09-29,0,114.3
UP,2015-06-01,2015-06-26,2015-09-29,5,71.8
UP,2015-07-01,2015-06-26,2015-09-29,31,84.4
UP,2015-08-01,2015-06-26,2015-09-29,31,85.8
UP,2015-09-01,2015-06-26,2015-09-29,29,113.5
UP,2015-10-01,2015-06-26,2015-09-29,0,93.2
UP,2015-11-01,2015-06-26,2015-09-29,0,122.6
UP,2015-12-01,2015-06-26,2015-09-29,0,66.9
UP,2016-01-01,2016-06-12,2016-10-01,0,113.0
UP,2016-02-01,2016-06-12,2016-10-01,0,91.0
UP,2016-03-01,2016-06-12,2016-10-01,0,19.1
UP,2016-04-01,2016-06-12,2016-10-01,0,134.7
UP,2016-05-01,2016-06-12,2016-10-01,0,27.9
UP,2016-06-01,2016-06-12,2016-10-01,19,141.8
UP,2016-07-01,2016-06-12,2016-10-01,31,119.5
UP,2016-08-01,2016-06-12,2016-10-01,31,101.6
UP,2016-09-01,2016-06-12,2016-10-01,30,79.6
UP,2016-10-01,2016-06-12,2016-10-01,1,84.5
UP,2016-11-01,2016-06-12,2016-10-01,0,89.3
UP,2016-12-01,2016-06-12,2016-10-01,0,25.7
UP,2017-01-01,2017-06-06,2017-10-12,0,95.0
UP,2017-02-01,2017-06-06,2017-10-12,0,99.8
UP,2017-03-01,2017-06-06,2017-10-12,0,41.0
UP,2017-04-01,2017-06-06,2017-10-12,0,165.4
UP,2017-05-01,2017-06-06,2017-10-12,0,80.3
UP,2017-06-01,2017-06-06,2017-10-12,25,112.2
UP,2017-07-01,2017-06-06,2017-10-12,31,140.3
UP,2017-08-01,2017-06-06,2017-10-12,31,134.9
UP,2017-09-01,2017-06-06,2017-10-12,30,102.0
UP,2017-10-01,2017-06-06,2017-10-12,12,122.9
UP,2017-11-01,2017-06-06,2017-10-12,0,108.1
UP,2017-12-01,2017-06-06,2017-10-12,0,119.7
UP,2018-01-01,2018-06-21,2018-09-25,0,57.1
UP,2018-02-01,2018-06-21,2018-09-25,0,110.4
UP,2018-03-01,2018-06-21,2018-09-25,0,133.2
UP,2018-04-01,2018-06-21,2018-09-25,0,115.5
UP,2018-05-01,2018-06-21,2018-09-25,0,67.6
UP,2018-06-01,2018-06-21,2018-09-25,10,97.3
UP,2018-07-01,2018-06-21,2018-09-25,31,120.6
UP,2018-08-01,2018-06-21,2018-09-25,31,115.5
UP,2018-09-01,2018-06-21,2018-09-25,25,121.0
UP,2018-10-01,2018-06-21,2018-09-25,0,65.1
UP,2018-11-01,2018-06-21,2018-09-25,0,98.7
UP,2018-12-01,2018-06-21,2018-09-25,0,128.4
UP,2019-01-01,2019-06-16,2019-09-22,0,122.0
UP,2019-02-01,2019-06-16,2019-09-22,0,141.7
UP,2019-03-01,2019-06-16,2019-09-22,0,93.6
UP,2019-04-01,2019-06-16,2019-09-22,0,79.9
UP,2019-05-01,2019-06-16,2019-09-22,0,138.5
UP,2019-06-01,2019-06-16,2019-09-22,15,77.6
UP,2019-07-01,2019-06-16,2019-09-22,31,92.8
UP,2019-08-01,2019-06-16,2019-09-22,31,91.6
UP,2019-09-01,2019-06-16,2019-09-22,22,83.5
UP,2019-10-01,2019-06-16,2019-09-22,0,110.3
UP,2019-11-01,2019-06-16,2019-09-22,0,70.3
UP,2019-12-01,2019-06-16,2019-09-22,0,31.3
UP,2020-01-01,2020-06-20,2020-10-07,0,136.6
UP,2020-02-01,2020-06-20,2020-10-07,0,94.5
UP,2020-03-01,2020-06-20,2020-10-07,0,60.1
UP,2020-04-01,2020-06-20,2020-10-07,0,117.7
UP,2020-05-01,2020-06-20,2020-10-07,0,36.4
UP,2020-06-01,2020-06-20,2020-10-07,11,62.8
UP,2020-07-01,2020-06-20,2020-10-07,31,60.6
UP,2020-08-01,2020-06-20,2020-10-07,31,59.4
UP,2020-09-01,2020-06-20,2020-10-07,30,68.7
UP,2020-10-01,2020-06-20,2020-10-07,7,56.7
UP,2020-11-01,2020-06-20,2020-10-07,0,71.5
UP,2020-12-01,2020-06-20,2020-10-07,0,34.9
UP,2021-01-01,2021-06-26,2021-09-21,0,175.9
UP,2021-02-01,2021-06-26,2021-09-21,0,73.0
UP,2021-03-01,2021-06-26,2021-09-21,0,120.6
UP,2021-04-01,2021-06-26,2021-09-21,0,77.9
UP,2021-05-01,2021-06-26,2021-09-21,0,89.5
UP,2021-06-01,2021-06-26,2021-09-21,5,119.1
UP,2021-07-01,2021-06-26,2021-09-21,31,89.8
UP,2021-08-01,2021-06-26,2021-09-21,31,164.8
UP,2021-09-01,2021-06-26,2021-09-21,21,113.9
UP,2021-10-01,2021-06-26,2021-09-21,0,127.0
UP,2021-11-01,2021-06-26,2021-09-21,0,143.7
UP,2021-12-01,2021-06-26,2021-09-21,0,107.9
UP,2022-01-01,2022-06-16,2022-10-14,0,154.4
UP,2022-02-01,2022-06-16,2022-10-14,0,102.0
UP,2022-03-01,2022-06-16,2022-10-14,0,82.4
UP,2022-04-01,2022-06-16,2022-10-14,0,73.5
UP,2022-05-01,2022-06-16,2022-10-14,0,166.7
UP,2022-06-01,2022-06-16,2022-10-14,15,117.8
UP,2022-07-01,2022-06-16,2022-10-14,31,97.5
UP,2022-08-01,2022-06-16,2022-10-14,31,87.1
UP,2022-09-01,2022-06-16,2022-10-14,30,105.1
UP,2022-10-01,2022-06-16,2022-10-14,14,110.2
UP,2022-11-01,2022-06-16,2022-10-14,0,156.9
UP,2022-12-01,2022-06-16,2022-10-14,0,114.6
UP,2023-01-01,2023-06-23,2023-10-14,0,106.1
UP,2023-02-01,2023-06-23,2023-10-14,0,120.2
UP,2023-03-01,2023-06-23,2023-10-14,0,136.0
UP,2023-04-01,2023-06-23,2023-10-14,0,118.0
UP,2023-05-01,2023-06-23,2023-10-14,0,47.0
UP,2023-06-01,2023-06-23,2023-10-14,8,68.8
UP,2023-07-01,2023-06-23,2023-10-14,31,102.9
UP,2023-08-01,2023-06-23,2023-10-14,31,87.7
UP,2023-09-01,2023-06-23,2023-10-14,30,98.5
UP,2023-10-01,2023-06-23,2023-10-14,14,96.6
UP,2023-11-01,2023-06-23,2023-10-14,0,124.1
UP,2023-12-01,2023-06-23,2023-10-14,0,78.0
UP,2024-01-01,2024-06-20,2024-10-07,0,124.1
UP,2024-02-01,2024-06-20,2024-10-07,0,153.0
UP,2024-03-01,2024-06-20,2024-10-07,0,84.9
UP,2024-04-01,2024-06-20,2024-10-07,0,62.5
UP,2024-05-01,2024-06-20,2024-10-07,0,138.3
UP,2024-06-01,2024-06-20,2024-10-07,11,107.4
UP,2024-07-01,2024-06-20,2024-10-07,31,140.7
UP,2024-08-01,2024-06-20,2024-10-07,31,163.2
UP,2024-09-01,2024-06-20,2024-10-07,30,150.1
UP,2024-10-01,2024-06-20,2024-10-07,7,90.5
UP,2024-11-01,2024-06-20,2024-10-07,0,86.1
UP,2024-12-01,2024-06-20,2024-10-07,0,169.1
UP,2025-01-01,2025-06-21,2025-10-02,0,87.7
UP,2025-02-01,2025-06-21,2025-10-02,0,180.2
UP,2025-03-01,2025-06-21,2025-10-02,0,116.8
UP,2025-04-01,2025-06-21,2025-10-02,0,89.7
UP,2025-05-01,2025-06-21,2025-10-02,0,146.7
UP,2025-06-01,2025-06-21,2025-10-02,10,111.9
UP,2025-07-01,2025-06-21,2025-10-02,31,112.8
UP,2025-08-01,2025-06-21,2025-10-02,31,76.3
UP,2025-09-01,2025-06-21,2025-10-02,30,90.8
UP,2025-10-01,2025-06-21,2025-10-02,2,87.8
UP,2025-11-01,2025-06-21,2025-10-02,0,171.3
UP,2025-12-01,2025-06-21,2025-10-02,0,138.0
UP,2026-01-01,2026-06-17,2026-10-05,0,67.0
UP,2026-02-01,2026-06-17,2026-10-05,0,136.4
UP,2026-03-01,2026-06-17,2026-10-05,0,88.6
UP,2026-04-01,2026-06-17,2026-10-05,0,111.1
UP,2026-05-01,2026-06-17,2026-10-05,0,34.2
UP,2026-06-01,2026-06-17,2026-10-05,14,73.9
UP,2026-07-01,2026-06-17,2026-10-05,31,113.8
UP,2026-08-01,2026-06-17,2026-10-05,31,104.9
UP,2026-09-01,2026-06-17,2026-10-05,30,106.5
UP,2026-10-01,2026-06-17,2026-10-05,5,75.6
UP,2026-11-01,2026-06-17,2026-10-05,0,63.6
UP,2026-12-01,2026-06-17,2026-10-05,0,141.5
UT,2012-01-01,2012-06-25,2012-09-12,0,47.9
UT,2012-02-01,2012-06-25,2012-09-12,0,90.5
UT,2012-03-01,2012-06-25,2012-09-12,0,114.1
UT,2012-04-01,2012-06-25,2012-09-12,0,121.0
UT,2012-05-01,2012-06-25,2012-09-12,0,58.2
UT,2012-06-01,2012-06-25,2012-09-12,6,117.9
UT,2012-07-01,2012-06-25,2012-09-12,31,89.2
UT,2012-08-01,2012-06-25,2012-09-12,31,90.5
UT,2012-09-01,2012-06-25,2012-09-12,12,113.8
UT,2012-10-01,2012-06-25,2012-09-12,0,136.0
UT,2012-11-01,2012-06-25,2012-09-12,0,46.8
UT,2012-12-01,2012-06-25,2012-09-12,0,77.6
UT,2013-01-01,2013-06-22,2013-10-15,0,135.9
UT,2013-02-01,2013-06-22,2013-10-15,0,28.0
UT,2013-03-01,2013-06-22,2013-10-15,0,111.5
UT,2013-04-01,2013-06-22,2013-10-15,0,185.1
UT,2013-05-01,2013-06-22,2013-10-15,0,154.4
UT,2013-06-01,2013-06-22,2013-10-15,9,119.8
UT,2013-07-01,2013-06-22,2013-10-15,31,119.0
UT,2013-08-01,2013-06-22,2013-10-15,31,158.2
UT,2013-09-01,2013-06-22,2013-10-15,30,152.7
UT,2013-10-01,2013-06-22,2013-10-15,15,139.7
UT,2013-11-01,2013-06-22,2013-10-15,0,121.8
UT,2013-12-01,2013-06-22,2013-10-15,0,98.4
UT,2014-01-01,2014-06-30,2014-10-04,0,97.6
UT,2014-02-01,2014-06-30,2014-10-04,0,142.3
UT,2014-03-01,2014-06-30,2014-10-04,0,138.1
UT,2014-04-01,2014-06-30,2014-10-04,0,92.2
UT,2014-05-01,2014-06-30,2014-10-04,0,180.0
UT,2014-06-01,2014-06-30,2014-10-04,1,119.7
UT,2014-07-01,2014-06-30,2014-10-04,31,101.8
UT,2014-08-01,2014-06-30,2014-10-04,31,107.0
UT,2014-09-01,2014-06-30,2014-10-04,30,152.4
UT,2014-10-01,2014-06-30,2014-10-04,4,114.3
UT,2014-11-01,2014-06-30,2014-10-04,0,95.0
UT,2014-12-01,2014-06-30,2014-10-04,0,122.9
UT,2015-01-01,2015-06-19,2015-09-30,0,136.2
UT,2015-02-01,2015-06-19,2015-09-30,0,88.5
UT,2015-03-01,2015-06-19,2015-09-30,0,77.0
UT,2015-04-01,2015-06-19,2015-09-30,0,158.7
UT,2015-05-01,2015-06-19,2015-09-30,0,139.2
UT,2015-06-01,2015-06-19,2015-09-30,12,204.4
UT,2015-07-01,2015-06-19,2015-09-30,31,155.6
UT,2015-08-01,2015-06-19,2015-09-30,31,134.4
UT,2015-09-01,2015-06-19,2015-09-30,30,125.7
UT,2015-10-01,2015-06-19,2015-09-30,0,104.4
UT,2015-11-01,2015-06-19,2015-09-30,0,65.8
UT,2015-12-01,2015-06-19,2015-09-30,0,35.4
UT,2016-01-01,2016-06-29,2016-10-02,0,91.6
UT,2016-02-01,2016-06-29,2016-10-02,0,111.4
UT,2016-03-01,2016-06-29,2016-10-02,0,145.3
UT,2016-04-01,2016-06-29,2016-10-02,0,97.5
UT,2016-05-01,2016-06-29,2016-10-02,0,115.2
UT,2016-06-01,2016-06-29,2016-10-02,2,70.3
UT,2016-07-01,2016-06-29,2016-10-02,31,61.1
UT,2016-08-01,2016-06-29,2016-10-02,31,52.7
UT,2016-09-01,2016-06-29,2016-10-02,30,79.0
UT,2016-10-01,2016-06-29,2016-10-02,2,74.0
UT,2016-11-01,2016-06-29,2016-10-02,0,63.8
UT,2016-12-01,2016-06-29,2016-10-02,0,101.7
UT,2017-01-01,2017-06-22,2017-10-16,0,78.9
UT,2017-02-01,2017-06-22,2017-10-16,0,92.7
UT,2017-03-01,2017-06-22,2017-10-16,0,23.6
UT,2017-04-01,2017-06-22,2017-10-16,0,55.8
UT,2017-05-01,2017-06-22,2017-10-16,0,66.4
UT,2017-06-01,2017-06-22,2017-10-16,9,67.5
UT,2017-07-01,2017-06-22,2017-10-16,31,77.4
UT,2017-08-01,2017-06-22,2017-10-16,31,85.5
UT,2017-09-01,2017-06-22,2017-10-16,30,43.5
UT,2017-10-01,2017-06-22,2017-10-16,16,106.1
UT,2017-11-01,2017-06-22,2017-10-16,0,96.7
UT,2017-12-01,2017-06-22,2017-10-16,0,105.8
UT,2018-01-01,2018-06-21,2018-09-28,0,84.9
UT,2018-02-01,2018-06-21,2018-09-28,0,87.6
UT,2018-03-01,2018-06-21,2018-09-28,0,129.8
UT,2018-04-01,2018-06-21,2018-09-28,0,55.5
UT,2018-05-01,2018-06-21,2018-09-28,0,163.7
UT,2018-06-01,2018-06-21,2018-09-28,10,66.5
UT,2018-07-01,2018-06-21,2018-09-28,31,79.3
UT,2018-08-01,2018-06-21,2018-09-28,31,115.6
UT,2018-09-01,2018-06-21,2018-09-28,28,75.7
UT,2018-10-01,2018-06-21,2018-09-28,0,88.2
UT,2018-11-01,2018-06-21,2018-09-28,0,94.6
UT,2018-12-01,2018-06-21,2018-09-28,0,92.2
UT,2019-01-01,2019-06-23,2019-09-28,0,116.5
UT,2019-02-01,2019-06-23,2019-09-28,0,93.6
UT,2019-03-01,2019-06-23,2019-09-28,0,67.4
UT,2019-04-01,2019-06-23,2019-09-28,0,149.1
UT,2019-05-01,2019-06-23,2019-09-28,0,77.8
UT,2019-06-01,2019-06-23,2019-09-28,8,75.2
UT,2019-07-01,2019-06-23,2019-09-28,31,97.6
UT,2019-08-01,2019-06-23,2019-09-28,31,43.5
UT,2019-09-01,2019-06-23,2019-09-28,28,86.8
UT,2019-10-01,2019-06-23,2019-09-28,0,109.8
UT,2019-11-01,2019-06-23,2019-09-28,0,100.6
UT,2019-12-01,2019-06-23,2019-09-28,0,103.9
UT,2020-01-01,2020-06-24,2020-10-01,0,105.1
UT,2020-02-01,2020-06-24,2020-10-01,0,97.7
UT,2020-03-01,2020-06-24,2020-10-01,0,122.9
UT,2020-04-01,2020-06-24,2020-10-01,0,74.5
UT,2020-05-01,2020-06-24,2020-10-01,0,133.3
UT,2020-06-01,2020-06-24,2020-10-01,7,42.0
UT,2020-07-01,2020-06-24,2020-10-01,31,62.4
UT,2020-08-01,2020-06-24,2020-10-01,31,83.6
UT,2020-09-01,2020-06-24,2020-10-01,30,69.8
UT,2020-10-01,2020-06-24,2020-10-01,1,57.1
UT,2020-11-01,2020-06-24,2020-10-01,0,117.1
UT,2020-12-01,2020-06-24,2020-10-01,0,112.1
UT,2021-01-01,2021-06-24,2021-09-27,0,130.9
UT,2021-02-01,2021-06-24,2021-09-27,0,177.0
UT,2021-03-01,2021-06-24,2021-09-27,0,57.8
UT,2021-04-01,2021-06-24,2021-09-27,0,109.5
UT,2021-05-01,2021-06-24,2021-09-27,0,154.2
UT,2021-06-01,2021-06-24,2021-09-27,7,108.0
UT,2021-07-01,2021-06-24,2021-09-27,31,125.3
UT,2021-08-01,2021-06-24,2021-09-27,31,84.3
UT,2021-09-01,2021-06-24,2021-09-27,27,157.3
UT,2021-10-01,2021-06-24,2021-09-27,0,99.4
UT,2021-11-01,2021-06-24,2021-09-27,0,128.9
UT,2021-12-01,2021-06-24,2021-09-27,0,133.2
UT,2022-01-01,2022-06-17,2022-10-09,0,67.8
UT,2022-02-01,2022-06-17,2022-10-09,0,90.2
UT,2022-03-01,2022-06-17,2022-10-09,0,121.1
UT,2022-04-01,2022-06-17,2022-10-09,0,142.6
UT,2022-05-01,2022-06-17,2022-10-09,0,138.0
UT,2022-06-01,2022-06-17,2022-10-09,14,62.5
UT,2022-07-01,2022-06-17,2022-10-09,31,92.6
UT,2022-08-01,2022-06-17,2022-10-09,31,111.7
UT,2022-09-01,2022-06-17,2022-10-09,30,61.1
UT,2022-10-01,2022-06-17,2022-10-09,9,72.9
UT,2022-11-01,2022-06-17,2022-10-09,0,84.8
UT,2022-12-01,2022-06-17,2022-10-09,0,190.0
UT,2023-01-01,2023-07-04,2023-09-24,0,103.7
UT,2023-02-01,2023-07-04,2023-09-24,0,73.3
UT,2023-03-01,2023-07-04,2023-09-24,0,58.9
UT,2023-04-01,2023-07-04,2023-09-24,0,96.3
UT,2023-05-01,2023-07-04,2023-09-24,0,81.3
UT,2023-06-01,2023-07-04,2023-09-24,0,72.5
UT,2023-07-01,2023-07-04,2023-09-24,28,102.9
UT,2023-08-01,2023-07-04,2023-09-24,31,103.4
UT,2023-09-01,2023-07-04,2023-09-24,24,98.7
UT,2023-10-01,2023-07-04,2023-09-24,0,109.6
UT,2023-11-01,2023-07-04,2023-09-24,0,103.1
UT,2023-12-01,2023-07-04,2023-09-24,0,121.2
UT,2024-01-01,2024-06-24,2024-10-02,0,116.3
UT,2024-02-01,2024-06-24,2024-10-02,0,69.5
UT,2024-03-01,2024-06-24,2024-10-02,0,60.0
UT,2024-04-01,2024-06-24,2024-10-02,0,51.0
UT,2024-05-01,2024-06-24,2024-10-02,0,95.6
UT,2024-06-01,2024-06-24,2024-10-02,7,72.1
UT,2024-07-01,2024-06-24,2024-10-02,31,79.6
UT,2024-08-01,2024-06-24,2024-10-02,31,88.2
UT,2024-09-01,2024-06-24,2024-10-02,30,105.1
UT,2024-10-01,2024-06-24,2024-10-02,2,71.4
UT,2024-11-01,2024-06-24,2024-10-02,0,85.1
UT,2024-12-01,2024-06-24,2024-10-02,0,88.4
UT,2025-01-01,2025-06-23,2025-09-25,0,106.9
UT,2025-02-01,2025-06-23,2025-09-25,0,155.9
UT,2025-03-01,2025-06-23,2025-09-25,0,35.4
UT,2025-04-01,2025-06-23,2025-09-25,0,58.1
UT,2025-05-01,2025-06-23,2025-09-25,0,51.1
UT,2025-06-01,2025-06-23,2025-09-25,8,113.7
UT,2025-07-01,2025-06-23,2025-09-25,31,126.0
UT,2025-08-01,2025-06-23,2025-09-25,31,98.9
UT,2025-09-01,2025-06-23,2025-09-25,25,119.1
UT,2025-10-01,2025-06-23,2025-09-25,0,28.8
UT,2025-11-01,2025-06-23,2025-09-25,0,172.1
UT,2025-12-01,2025-06-23,2025-09-25,0,60.3
UT,2026-01-01,2026-06-18,2026-09-21,0,123.7
UT,2026-02-01,2026-06-18,2026-09-21,0,116.1
UT,2026-03-01,2026-06-18,2026-09-21,0,124.2
UT,2026-04-01,2026-06-18,2026-09-21,0,140.3
UT,2026-05-01,2026-06-18,2026-09-21,0,134.4
UT,2026-06-01,2026-06-18,2026-09-21,13,80.7
UT,2026-07-01,2026-06-18,2026-09-21,31,73.9
UT,2026-08-01,2026-06-18,2026-09-21,31,80.6
UT,2026-09-01,2026-06-18,2026-09-21,21,72.2
UT,2026-10-01,2026-06-18,2026-09-21,0,163.4
UT,2026-11-01,2026-06-18,2026-09-21,0,69.7
UT,2026-12-01,2026-06-18,2026-09-21,0,79.5
WB,2012-01-01,2012-06-10,2012-10-20,0,105.9
WB,2012-02-01,2012-06-10,2012-10-20,0,171.1
WB,2012-03-01,2012-06-10,2012-10-20,0,90.4
WB,2012-04-01,2012-06-10,2012-10-20,0,132.2
WB,2012-05-01,2012-06-10,2012-10-20,0,111.4
WB,2012-06-01,2012-06-10,2012-10-20,21,114.4
WB,2012-07-01,2012-06-10,2012-10-20,31,98.9
WB,2012-08-01,2012-06-10,2012-10-20,31,87.3
WB,2012-09-01,2012-06-10,2012-10-20,30,127.8
WB,2012-10-01,2012-06-10,2012-10-20,20,79.6
WB,2012-11-01,2012-06-10,2012-10-20,0,98.8
WB,2012-12-01,2012-06-10,2012-10-20,0,109.0
WB,2013-01-01,2013-06-14,2013-10-22,0,81.7
WB,2013-02-01,2013-06-14,2013-10-22,0,116.5
WB,2013-03-01,2013-06-14,2013-10-22,0,96.5
WB,2013-04-01,2013-06-14,2013-10-22,0,119.6
WB,2013-05-01,2013-06-14,2013-10-22,0,63.7
WB,2013-06-01,2013-06-14,2013-10-22,17,81.5
WB,2013-07-01,2013-06-14,2013-10-22,31,89.4
WB,2013-08-01,2013-06-14,2013-10-22,31,74.9
WB,2013-09-01,2013-06-14,2013-10-22,30,88.3
WB,2013-10-01,2013-06-14,2013-10-22,22,117.9
WB,2013-11-01,2013-06-14,2013-10-22,0,68.8
WB,2013-12-01,2013-06-14,2013-10-22,0,65.0
WB,2014-01-01,2014-06-10,2014-10-25,0,39.9
WB,2014-02-01,2014-06-10,2014-10-25,0,62.6
WB,2014-03-01,2014-06-10,2014-10-25,0,102.6
WB,2014-04-01,2014-06-10,2014-10-25,0,110.5
WB,2014-05-01,2014-06-10,2014-10-25,0,93.1
WB,2014-06-01,2014-06-10,2014-10-25,21,90.2
WB,2014-07-01,2014-06-10,2014-10-25,31,93.4
WB,2014-08-01,2014-06-10,2014-10-25,31,58.7
WB,2014-09-01,2014-06-10,2014-10-25,30,63.1
WB,2014-10-01,2014-06-10,2014-10-25,25,76.2
WB,2014-11-01,2014-06-10,2014-10-25,0,27.2
WB,2014-12-01,2014-06-10,2014-10-25,0,99.9
WB,2015-01-01,2015-06-21,2015-10-28,0,137.5
WB,2015-02-01,2015-06-21,2015-10-28,0,95.3
WB,2015-03-01,2015-06-21,2015-10-28,0,120.2
WB,2015-04-01,2015-06-21,2015-10-28,0,127.5
WB,2015-05-01,2015-06-21,2015-10-28,0,85.6
WB,2015-06-01,2015-06-21,2015-10-28,10,81.8
WB,2015-07-01,2015-06-21,2015-10-28,31,83.0
WB,2015-08-01,2015-06-21,2015-10-28,31,71.4
WB,2015-09-01,2015-06-21,2015-10-28,30,94.2
WB,2015-10-01,2015-06-21,2015-10-28,28,76.1
WB,2015-11-01,2015-06-21,2015-10-28,0,106.5
WB,2015-12-01,2015-06-21,2015-10-28,0,135.9
WB,2016-01-01,2016-06-14,2016-10-16,0,92.0
WB,2016-02-01,2016-06-14,2016-10-16,0,97.8
WB,2016-03-01,2016-06-14,2016-10-16,0,73.0
WB,2016-04-01,2016-06-14,2016-10-16,0,116.8
WB,2016-05-01,2016-06-14,2016-10-16,0,98.4
WB,2016-06-01,2016-06-14,2016-10-16,17,72.8
WB,2016-07-01,2016-06-14,2016-10-16,31,93.5
WB,2016-08-01,2016-06-14,2016-10-16,31,82.2
WB,2016-09-01,2016-06-14,2016-10-16,30,106.4
WB,2016-10-01,2016-06-14,2016-10-16,16,136.1
WB,2016-11-01,2016-06-14,2016-10-16,0,111.4
WB,2016-12-01,2016-06-14,2016-10-16,0,76.3
WB,2017-01-01,2017-06-12,2017-09-23,0,63.8
WB,2017-02-01,2017-06-12,2017-09-23,0,73.4
WB,2017-03-01,2017-06-12,2017-09-23,0,156.7
WB,2017-04-01,2017-06-12,2017-09-23,0,95.9
WB,2017-05-01,2017-06-12,2017-09-23,0,82.1
WB,2017-06-01,2017-06-12,2017-09-23,19,125.5
WB,2017-07-01,2017-06-12,2017-09-23,31,83.5
WB,2017-08-01,2017-06-12,2017-09-23,31,131.5
WB,2017-09-01,2017-06-12,2017-09-23,23,143.4
WB,2017-10-01,2017-06-12,2017-09-23,0,151.4
WB,2017-11-01,2017-06-12,2017-09-23,0,56.8
WB,2017-12-01,2017-06-12,2017-09-23,0,83.2
WB,2018-01-01,2018-05-30,2018-10-17,0,118.5
WB,2018-02-01,2018-05-30,2018-10-17,0,103.7
WB,2018-03-01,2018-05-30,2018-10-17,0,119.7
WB,2018-04-01,2018-05-30,2018-10-17,0,126.3
WB,2018-05-01,2018-05-30,2018-10-17,2,77.3
WB,2018-06-01,2018-05-30,2018-10-17,30,107.3
WB,2018-07-01,2018-05-30,2018-10-17,31,91.8
WB,2018-08-01,2018-05-30,2018-10-17,31,150.7
WB,2018-09-01,2018-05-30,2018-10-17,30,109.6
WB,2018-10-01,2018-05-30,2018-10-17,17,114.2
WB,2018-11-01,2018-05-30,2018-10-17,0,119.3
WB,2018-12-01,2018-05-30,2018-10-17,0,164.7
WB,2019-01-01,2019-06-02,2019-11-03,0,66.6
WB,2019-02-01,2019-06-02,2019-11-03,0,90.3
WB,2019-03-01,2019-06-02,2019-11-03,0,122.4
WB,2019-04-01,2019-06-02,2019-11-03,0,137.7
WB,2019-05-01,2019-06-02,2019-11-03,0,89.4
WB,2019-06-01,2019-06-02,2019-11-03,29,137.5
WB,2019-07-01,2019-06-02,2019-11-03,31,121.5
WB,2019-08-01,2019-06-02,2019-11-03,31,138.8
WB,2019-09-01,2019-06-02,2019-11-03,30,107.5
WB,2019-10-01,2019-06-02,2019-11-03,31,118.3
WB,2019-11-01,2019-06-02,2019-11-03,3,144.3
WB,2019-12-01,2019-06-02,2019-11-03,0,73.6
WB,2020-01-01,2020-06-07,2020-10-28,0,113.5
WB,2020-02-01,2020-06-07,2020-10-28,0,70.6
WB,2020-03-01,2020-06-07,2020-10-28,0,138.1
WB,2020-04-01,2020-06-07,2020-10-28,0,117.3
WB,2020-05-01,2020-06-07,2020-10-28,0,124.5
WB,2020-06-01,2020-06-07,2020-10-28,24,57.3
WB,2020-07-01,2020-06-07,2020-10-28,31,56.9
WB,2020-08-01,2020-06-07,2020-10-28,31,63.9
WB,2020-09-01,2020-06-07,2020-10-28,30,50.4
WB,2020-10-01,2020-06-07,2020-10-28,28,48.2
WB,2020-11-01,2020-06-07,2020-10-28,0,38.9
WB,2020-12-01,2020-06-07,2020-10-28,0,114.5
WB,2021-01-01,2021-06-03,2021-10-10,0,183.6
WB,2021-02-01,2021-06-03,2021-10-10,0,102.2
WB,2021-03-01,2021-06-03,2021-10-10,0,106.0
WB,2021-04-01,2021-06-03,2021-10-10,0,88.5
WB,2021-05-01,2021-06-03,2021-10-10,0,93.9
WB,2021-06-01,2021-06-03,2021-10-10,28,113.6
WB,2021-07-01,2021-06-03,2021-10-10,31,112.9
WB,2021-08-01,2021-06-03,2021-10-10,31,82.6
WB,2021-09-01,2021-06-03,2021-10-10,30,98.2
WB,2021-10-01,2021-06-03,2021-10-10,10,89.5
WB,2021-11-01,2021-06-03,2021-10-10,0,92.3
WB,2021-12-01,2021-06-03,2021-10-10,0,96.9
WB,2022-01-01,2022-06-06,2022-10-07,0,78.2
WB,2022-02-01,2022-06-06,2022-10-07,0,68.9
WB,2022-03-01,2022-06-06,2022-10-07,0,132.6
WB,2022-04-01,2022-06-06,2022-10-07,0,166.1
WB,2022-05-01,2022-06-06,2022-10-07,0,97.0
WB,2022-06-01,2022-06-06,2022-10-07,25,111.6
WB,2022-07-01,2022-06-06,2022-10-07,31,80.0
WB,2022-08-01,2022-06-06,2022-10-07,31,97.0
WB,2022-09-01,2022-06-06,2022-10-07,30,83.2
WB,2022-10-01,2022-06-06,2022-10-07,7,100.7
WB,2022-11-01,2022-06-06,2022-10-07,0,42.4
WB,2022-12-01,2022-06-06,2022-10-07,0,79.6
WB,2023-01-01,2023-06-14,2023-10-25,0,143.0
WB,2023-02-01,2023-06-14,2023-10-25,0,63.3
WB,2023-03-01,2023-06-14,2023-10-25,0,132.2
WB,2023-04-01,2023-06-14,2023-10-25,0,126.3
WB,2023-05-01,2023-06-14,2023-10-25,0,108.5
WB,2023-06-01,2023-06-14,2023-10-25,17,81.9
WB,2023-07-01,2023-06-14,2023-10-25,31,88.6
WB,2023-08-01,2023-06-14,2023-10-25,31,85.7
WB,2023-09-01,2023-06-14,2023-10-25,30,82.4
WB,2023-10-01,2023-06-14,2023-10-25,25,107.8
WB,2023-11-01,2023-06-14,2023-10-25,0,70.0
WB,2023-12-01,2023-06-14,2023-10-25,0,130.1
WB,2024-01-01,2024-06-10,2024-10-10,0,128.6
WB,2024-02-01,2024-06-10,2024-10-10,0,62.2
WB,2024-03-01,2024-06-10,2024-10-10,0,128.8
WB,2024-04-01,2024-06-10,2024-10-10,0,45.5
WB,2024-05-01,2024-06-10,2024-10-10,0,134.4
WB,2024-06-01,2024-06-10,2024-10-10,21,84.0
WB,2024-07-01,2024-06-10,2024-10-10,31,144.0
WB,2024-08-01,2024-06-10,2024-10-10,31,114.7
WB,2024-09-01,2024-06-10,2024-10-10,30,78.5
WB,2024-10-01,2024-06-10,2024-10-10,10,76.8
WB,2024-11-01,2024-06-10,2024-10-10,0,138.9
WB,2024-12-01,2024-06-10,2024-10-10,0,179.3
WB,2025-01-01,2025-05-24,2025-10-13,0,104.7
WB,2025-02-01,2025-05-24,2025-10-13,0,113.7
WB,2025-03-01,2025-05-24,2025-10-13,0,95.2
WB,2025-04-01,2025-05-24,2025-10-13,0,131.0
WB,2025-05-01,2025-05-24,2025-10-13,8,102.1
WB,2025-06-01,2025-05-24,2025-10-13,30,56.6
WB,2025-07-01,2025-05-24,2025-10-13,31,50.8
WB,2025-08-01,2025-05-24,2025-10-13,31,63.6
WB,2025-09-01,2025-05-24,2025-10-13,30,64.2
WB,2025-10-01,2025-05-24,2025-10-13,13,48.7
WB,2025-11-01,2025-05-24,2025-10-13,0,69.0
WB,2025-12-01,2025-05-24,2025-10-13,0,21.3
WB,2026-01-01,2026-06-11,2026-10-15,0,47.8
WB,2026-02-01,2026-06-11,2026-10-15,0,148.1
WB,2026-03-01,2026-06-11,2026-10-15,0,88.2
WB,2026-04-01,2026-06-11,2026-10-15,0,44.6
WB,2026-05-01,2026-06-11,2026-10-15,0,12.7
WB,2026-06-01,2026-06-11,2026-10-15,20,122.2
WB,2026-07-01,2026-06-11,2026-10-15,31,121.2
WB,2026-08-01,2026-06-11,2026-10-15,31,102.2
WB,2026-09-01,2026-06-11,2026-10-15,30,93.4
WB,2026-10-01,2026-06-11,2026-10-15,15,114.8
WB,2026-11-01,2026-06-11,2026-10-15,0,114.0
WB,2026-12-01,2026-06-11,2026-10-15,0,126.5
TG,2012-01-01,2012-06-12,2012-10-20,0,115.2
TG,2012-02-01,2012-06-12,2012-10-20,0,80.8
TG,2012-03-01,2012-06-12,2012-10-20,0,56.8
TG,2012-04-01,2012-06-12,2012-10-20,0,100.2
TG,2012-05-01,2012-06-12,2012-10-20,0,44.0
TG,2012-06-01,2012-06-12,2012-10-20,19,118.1
TG,2012-07-01,2012-06-12,2012-10-20,31,144.9
TG,2012-08-01,2012-06-12,2012-10-20,31,156.8
TG,2012-09-01,2012-06-12,2012-10-20,30,125.3
TG,2012-10-01,2012-06-12,2012-10-20,20,114.3
TG,2012-11-01,2012-06-12,2012-10-20,0,100.0
TG,2012-12-01,2012-06-12,2012-10-20,0,159.2
TG,2013-01-01,2013-06-10,2013-10-19,0,139.6
TG,2013-02-01,2013-06-10,2013-10-19,0,111.6
TG,2013-03-01,2013-06-10,2013-10-19,0,112.1
TG,2013-04-01,2013-06-10,2013-10-19,0,68.1
TG,2013-05-01,2013-06-10,2013-10-19,0,104.9
TG,2013-06-01,2013-06-10,2013-10-19,21,88.0
TG,2013-07-01,2013-06-10,2013-10-19,31,100.4
TG,2013-08-01,2013-06-10,2013-10-19,31,98.7
TG,2013-09-01,2013-06-10,2013-10-19,30,126.5
TG,2013-10-01,2013-06-10,2013-10-19,19,118.4
TG,2013-11-01,2013-06-10,2013-10-19,0,117.4
TG,2013-12-01,2013-06-10,2013-10-19,0,85.5
TG,2014-01-01,2014-05-29,2014-09-20,0,100.5
TG,2014-02-01,2014-05-29,2014-09-20,0,141.6
TG,2014-03-01,2014-05-29,2014-09-20,0,142.5
TG,2014-04-01,2014-05-29,2014-09-20,0,95.1
TG,2014-05-01,2014-05-29,2014-09-20,3,90.4
TG,2014-06-01,2014-05-29,2014-09-20,30,62.5
TG,2014-07-01,2014-05-29,2014-09-20,31,86.0
TG,2014-08-01,2014-05-29,2014-09-20,31,69.2
TG,2014-09-01,2014-05-29,2014-09-20,20,72.7
TG,2014-10-01,2014-05-29,2014-09-20,0,90.2
TG,2014-11-01,2014-05-29,2014-09-20,0,94.8
TG,2014-12-01,2014-05-29,2014-09-20,0,110.3
TG,2015-01-01,2015-06-12,2015-11-01,0,80.1
TG,2015-02-01,2015-06-12,2015-11-01,0,71.2
TG,2015-03-01,2015-06-12,2015-11-01,0,167.0
TG,2015-04-01,2015-06-12,2015-11-01,0,75.5
TG,2015-05-01,2015-06-12,2015-11-01,0,146.1
TG,2015-06-01,2015-06-12,2015-11-01,19,81.6
TG,2015-07-01,2015-06-12,2015-11-01,31,121.4
TG,2015-08-01,2015-06-12,2015-11-01,31,107.2
TG,2015-09-01,2015-06-12,2015-11-01,30,109.6
TG,2015-10-01,2015-06-12,2015-11-01,31,76.9
TG,2015-11-01,2015-06-12,2015-11-01,1,88.8
TG,2015-12-01,2015-06-12,2015-11-01,0,122.1
TG,2016-01-01,2016-06-12,2016-09-30,0,107.5
TG,2016-02-01,2016-06-12,2016-09-30,0,74.9
TG,2016-03-01,2016-06-12,2016-09-30,0,117.9
TG,2016-04-01,2016-06-12,2016-09-30,0,127.0
TG,2016-05-01,2016-06-12,2016-09-30,0,103.0
TG,2016-06-01,2016-06-12,2016-09-30,19,103.3
TG,2016-07-01,2016-06-12,2016-09-30,31,123.3
TG,2016-08-01,2016-06-12,2016-09-30,31,160.6
TG,2016-09-01,2016-06-12,2016-09-30,30,107.8
TG,2016-10-01,2016-06-12,2016-09-30,0,89.1
TG,2016-11-01,2016-06-12,2016-09-30,0,79.7
TG,2016-12-01,2016-06-12,2016-09-30,0,38.5
TG,2017-01-01,2017-06-18,2017-10-30,0,30.1
TG,2017-02-01,2017-06-18,2017-10-30,0,81.0
TG,2017-03-01,2017-06-18,2017-10-30,0,87.8
TG,2017-04-01,2017-06-18,2017-10-30,0,91.1
TG,2017-05-01,2017-06-18,2017-10-30,0,157.3
TG,2017-06-01,2017-06-18,2017-10-30,13,86.4
TG,2017-07-01,2017-06-18,2017-10-30,31,72.6
TG,2017-08-01,2017-06-18,2017-10-30,31,103.4
TG,2017-09-01,2017-06-18,2017-10-30,30,137.7
TG,2017-10-01,2017-06-18,2017-10-30,30,70.0
TG,2017-11-01,2017-06-18,2017-10-30,0,118.3
TG,2017-12-01,2017-06-18,2017-10-30,0,146.0
TG,2018-01-01,2018-06-17,2018-10-03,0,77.9
TG,2018-02-01,2018-06-17,2018-10-03,0,57.9
TG,2018-03-01,2018-06-17,2018-10-03,0,96.8
TG,2018-04-01,2018-06-17,2018-10-03,0,134.8
TG,2018-05-01,2018-06-17,2018-10-03,0,123.1
TG,2018-06-01,2018-06-17,2018-10-03,14,96.7
TG,2018-07-01,2018-06-17,2018-10-03,31,103.8
TG,2018-08-01,2018-06-17,2018-10-03,31,69.0
TG,2018-09-01,2018-06-17,2018-10-03,30,70.0
TG,2018-10-01,2018-06-17,2018-10-03,3,84.3
TG,2018-11-01,2018-06-17,2018-10-03,0,40.1
TG,2018-12-01,2018-06-17,2018-10-03,0,113.9
TG,2019-01-01,2019-06-14,2019-10-15,0,105.0
TG,2019-02-01,2019-06-14,2019-10-15,0,86.0
TG,2019-03-01,2019-06-14,2019-10-15,0,82.0
TG,2019-04-01,2019-06-14,2019-10-15,0,115.0
TG,2019-05-01,2019-06-14,2019-10-15,0,134.0
TG,2019-06-01,2019-06-14,2019-10-15,17,89.8
TG,2019-07-01,2019-06-14,2019-10-15,31,125.2
TG,2019-08-01,2019-06-14,2019-10-15,31,68.2
TG,2019-09-01,2019-06-14,2019-10-15,30,108.0
TG,2019-10-01,2019-06-14,2019-10-15,15,78.5
TG,2019-11-01,2019-06-14,2019-10-15,0,55.2
TG,2019-12-01,2019-06-14,2019-10-15,0,130.1
TG,2020-01-01,2020-06-19,2020-10-01,0,91.0
TG,2020-02-01,2020-06-19,2020-10-01,0,120.9
TG,2020-03-01,2020-06-19,2020-10-01,0,108.3
TG,2020-04-01,2020-06-19,2020-10-01,0,129.3
TG,2020-05-01,2020-06-19,2020-10-01,0,137.5
TG,2020-06-01,2020-06-19,2020-10-01,12,162.6
TG,2020-07-01,2020-06-19,2020-10-01,31,137.0
TG,2020-08-01,2020-06-19,2020-10-01,31,98.3
TG,2020-09-01,2020-06-19,2020-10-01,30,128.2
TG,2020-10-01,2020-06-19,2020-10-01,1,107.3
TG,2020-11-01,2020-06-19,2020-10-01,0,124.6
TG,2020-12-01,2020-06-19,2020-10-01,0,84.6
TG,2021-01-01,2021-06-11,2021-10-14,0,65.9
TG,2021-02-01,2021-06-11,2021-10-14,0,109.0
TG,2021-03-01,2021-06-11,2021-10-14,0,138.8
TG,2021-04-01,2021-06-11,2021-10-14,0,94.2
TG,2021-05-01,2021-06-11,2021-10-14,0,79.6
TG,2021-06-01,2021-06-11,2021-10-14,20,78.0
TG,2021-07-01,2021-06-11,2021-10-14,31,116.6
TG,2021-08-01,2021-06-11,2021-10-14,31,92.2
TG,2021-09-01,2021-06-11,2021-10-14,30,74.3
TG,2021-10-01,2021-06-11,2021-10-14,14,80.3
TG,2021-11-01,2021-06-11,2021-10-14,0,105.3
TG,2021-12-01,2021-06-11,2021-10-14,0,47.5
TG,2022-01-01,2022-06-01,2022-10-06,0,104.9
TG,2022-02-01,2022-06-01,2022-10-06,0,132.8
TG,2022-03-01,2022-06-01,2022-10-06,0,121.6
TG,2022-04-01,2022-06-01,2022-10-06,0,43.0
TG,2022-05-01,2022-06-01,2022-10-06,0,99.2
TG,2022-06-01,2022-06-01,2022-10-06,30,135.0
TG,2022-07-01,2022-06-01,2022-10-06,31,137.8
TG,2022-08-01,2022-06-01,2022-10-06,31,183.1
TG,2022-09-01,2022-06-01,2022-10-06,30,161.3
TG,2022-10-01,2022-06-01,2022-10-06,6,98.1
TG,2022-11-01,2022-06-01,2022-10-06,0,96.7
TG,2022-12-01,2022-06-01,2022-10-06,0,37.0
TG,2023-01-01,2023-06-01,2023-10-20,0,56.3
TG,2023-02-01,2023-06-01,2023-10-20,0,43.3
TG,2023-03-01,2023-06-01,2023-10-20,0,120.4
TG,2023-04-01,2023-06-01,2023-10-20,0,110.0
TG,2023-05-01,2023-06-01,2023-10-20,0,145.5
TG,2023-06-01,2023-06-01,2023-10-20,30,156.4
TG,2023-07-01,2023-06-01,2023-10-20,31,105.5
TG,2023-08-01,2023-06-01,2023-10-20,31,78.1
TG,2023-09-01,2023-06-01,2023-10-20,30,87.7
TG,2023-10-01,2023-06-01,2023-10-20,20,102.7
TG,2023-11-01,2023-06-01,2023-10-20,0,125.5
TG,2023-12-01,2023-06-01,2023-10-20,0,73.9
TG,2024-01-01,2024-06-10,2024-09-26,0,85.2
TG,2024-02-01,2024-06-10,2024-09-26,0,181.4
TG,2024-03-01,2024-06-10,2024-09-26,0,76.3
TG,2024-04-01,2024-06-10,2024-09-26,0,121.9
TG,2024-05-01,2024-06-10,2024-09-26,0,32.1
TG,2024-06-01,2024-06-10,2024-09-26,21,120.8
TG,2024-07-01,2024-06-10,2024-09-26,31,140.3
TG,2024-08-01,2024-06-10,2024-09-26,31,110.4
TG,2024-09-01,2024-06-10,2024-09-26,26,144.9
TG,2024-10-01,2024-06-10,2024-09-26,0,107.0
TG,2024-11-01,2024-06-10,2024-09-26,0,126.5
TG,2024-12-01,2024-06-10,2024-09-26,0,140.9
TG,2025-01-01,2025-06-24,2025-10-24,0,87.3
TG,2025-02-01,2025-06-24,2025-10-24,0,89.5
TG,2025-03-01,2025-06-24,2025-10-24,0,112.3
TG,2025-04-01,2025-06-24,2025-10-24,0,82.8
TG,2025-05-01,2025-06-24,2025-10-24,0,152.0
TG,2025-06-01,2025-06-24,2025-10-24,7,106.8
TG,2025-07-01,2025-06-24,2025-10-24,31,167.2
TG,2025-08-01,2025-06-24,2025-10-24,31,94.9
TG,2025-09-01,2025-06-24,2025-10-24,30,155.0
TG,2025-10-01,2025-06-24,2025-10-24,24,129.5
TG,2025-11-01,2025-06-24,2025-10-24,0,70.6
TG,2025-12-01,2025-06-24,2025-10-24,0,87.4
TG,2026-01-01,2026-06-17,2026-10-16,0,108.0
TG,2026-02-01,2026-06-17,2026-10-16,0,88.9
TG,2026-03-01,2026-06-17,2026-10-16,0,160.9
TG,2026-04-01,2026-06-17,2026-10-16,0,64.4
TG,2026-05-01,2026-06-17,2026-10-16,0,92.8
TG,2026-06-01,2026-06-17,2026-10-16,14,72.7
TG,2026-07-01,2026-06-17,2026-10-16,31,86.6
TG,2026-08-01,2026-06-17,2026-10-16,31,92.4
TG,2026-09-01,2026-06-17,2026-10-16,30,70.5
TG,2026-10-01,2026-06-17,2026-10-16,16,92.0
TG,2026-11-01,2026-06-17,2026-10-16,0,151.5
TG,2026-12-01,2026-06-17,2026-10-16,0,61.4
